solid OpenSCAD_Model
  facet normal 0.999876 0.0157252 0
    outer loop
      vertex 10 0 40
      vertex 9.99506 0.314107 0
      vertex 9.99506 0.314107 40
    endloop
  endfacet
  facet normal 0.999876 0.0157252 0
    outer loop
      vertex 9.99506 0.314107 0
      vertex 10 0 40
      vertex 10 0 0
    endloop
  endfacet
  facet normal -0.999876 0.0157252 0
    outer loop
      vertex -10 0 0
      vertex -9.99506 0.314107 40
      vertex -9.99506 0.314107 0
    endloop
  endfacet
  facet normal -0.999876 0.0157252 0
    outer loop
      vertex -9.99506 0.314107 40
      vertex -10 0 0
      vertex -10 0 40
    endloop
  endfacet
  facet normal 0.0157252 0.999876 -0
    outer loop
      vertex 0.314107 9.99506 0
      vertex 0 10 40
      vertex 0.314107 9.99506 40
    endloop
  endfacet
  facet normal 0.0157252 0.999876 0
    outer loop
      vertex 0 10 40
      vertex 0.314107 9.99506 0
      vertex 0 10 0
    endloop
  endfacet
  facet normal 0.718129 0.69591 0
    outer loop
      vertex 7.28969 6.84547 40
      vertex 7.07107 7.07107 0
      vertex 7.07107 7.07107 40
    endloop
  endfacet
  facet normal 0.718129 0.69591 0
    outer loop
      vertex 7.07107 7.07107 0
      vertex 7.28969 6.84547 40
      vertex 7.28969 6.84547 0
    endloop
  endfacet
  facet normal -0.69591 0.718129 0
    outer loop
      vertex -6.84547 7.28969 0
      vertex -7.07107 7.07107 40
      vertex -6.84547 7.28969 40
    endloop
  endfacet
  facet normal -0.69591 0.718129 0
    outer loop
      vertex -7.07107 7.07107 40
      vertex -6.84547 7.28969 0
      vertex -7.07107 7.07107 0
    endloop
  endfacet
  facet normal -0.353501 0.935434 0
    outer loop
      vertex -3.38738 9.40881 0
      vertex -3.68124 9.29776 40
      vertex -3.38738 9.40881 40
    endloop
  endfacet
  facet normal -0.353501 0.935434 0
    outer loop
      vertex -3.68124 9.29776 40
      vertex -3.38738 9.40881 0
      vertex -3.68124 9.29776 0
    endloop
  endfacet
  facet normal 0.923892 0.382653 0
    outer loop
      vertex 9.29776 3.68124 40
      vertex 9.17755 3.97148 0
      vertex 9.17755 3.97148 40
    endloop
  endfacet
  facet normal 0.923892 0.382653 0
    outer loop
      vertex 9.17755 3.97148 0
      vertex 9.29776 3.68124 40
      vertex 9.29776 3.68124 0
    endloop
  endfacet
  facet normal 0.382653 0.923892 -0
    outer loop
      vertex 3.97148 9.17755 0
      vertex 3.68124 9.29776 40
      vertex 3.97148 9.17755 40
    endloop
  endfacet
  facet normal 0.382653 0.923892 0
    outer loop
      vertex 3.68124 9.29776 40
      vertex 3.97148 9.17755 0
      vertex 3.68124 9.29776 0
    endloop
  endfacet
  facet normal 0.575012 0.818145 -0
    outer loop
      vertex 5.87785 8.09017 0
      vertex 5.62083 8.27081 40
      vertex 5.87785 8.09017 40
    endloop
  endfacet
  facet normal 0.575012 0.818145 0
    outer loop
      vertex 5.62083 8.27081 40
      vertex 5.87785 8.09017 0
      vertex 5.62083 8.27081 0
    endloop
  endfacet
  facet normal -0.923892 0.382653 0
    outer loop
      vertex -9.29776 3.68124 0
      vertex -9.17755 3.97148 40
      vertex -9.17755 3.97148 0
    endloop
  endfacet
  facet normal -0.923892 0.382653 0
    outer loop
      vertex -9.17755 3.97148 40
      vertex -9.29776 3.68124 0
      vertex -9.29776 3.68124 40
    endloop
  endfacet
  facet normal -0.739635 0.673009 0
    outer loop
      vertex -7.50111 6.61312 0
      vertex -7.28969 6.84547 40
      vertex -7.28969 6.84547 0
    endloop
  endfacet
  facet normal -0.739635 0.673009 0
    outer loop
      vertex -7.28969 6.84547 40
      vertex -7.50111 6.61312 0
      vertex -7.50111 6.61312 40
    endloop
  endfacet
  facet normal -0.171926 0.98511 0
    outer loop
      vertex -1.56434 9.87688 0
      vertex -1.87381 9.82287 40
      vertex -1.56434 9.87688 40
    endloop
  endfacet
  facet normal -0.171926 0.98511 0
    outer loop
      vertex -1.87381 9.82287 40
      vertex -1.56434 9.87688 0
      vertex -1.87381 9.82287 0
    endloop
  endfacet
  facet normal -0.993962 -0.109727 0
    outer loop
      vertex -9.92115 -1.25333 0
      vertex -9.95562 -0.941083 40
      vertex -9.95562 -0.941083 0
    endloop
  endfacet
  facet normal -0.993962 -0.109727 0
    outer loop
      vertex -9.95562 -0.941083 40
      vertex -9.92115 -1.25333 0
      vertex -9.92115 -1.25333 40
    endloop
  endfacet
  facet normal 0.979226 0.202772 0
    outer loop
      vertex 9.82287 1.87381 40
      vertex 9.75917 2.18143 0
      vertex 9.75917 2.18143 40
    endloop
  endfacet
  facet normal 0.979226 0.202772 0
    outer loop
      vertex 9.75917 2.18143 0
      vertex 9.82287 1.87381 40
      vertex 9.82287 1.87381 0
    endloop
  endfacet
  facet normal 0.835807 0.549024 0
    outer loop
      vertex 8.44328 5.35827 40
      vertex 8.27081 5.62083 0
      vertex 8.27081 5.62083 40
    endloop
  endfacet
  facet normal 0.835807 0.549024 0
    outer loop
      vertex 8.27081 5.62083 0
      vertex 8.44328 5.35827 40
      vertex 8.44328 5.35827 0
    endloop
  endfacet
  facet normal 0.202772 0.979226 -0
    outer loop
      vertex 2.18143 9.75917 0
      vertex 1.87381 9.82287 40
      vertex 2.18143 9.75917 40
    endloop
  endfacet
  facet normal 0.202772 0.979226 0
    outer loop
      vertex 1.87381 9.82287 40
      vertex 2.18143 9.75917 0
      vertex 1.87381 9.82287 0
    endloop
  endfacet
  facet normal 0.323895 0.946093 -0
    outer loop
      vertex 3.38738 9.40881 0
      vertex 3.09017 9.51056 40
      vertex 3.38738 9.40881 40
    endloop
  endfacet
  facet normal 0.323895 0.946093 0
    outer loop
      vertex 3.09017 9.51056 40
      vertex 3.38738 9.40881 0
      vertex 3.09017 9.51056 0
    endloop
  endfacet
  facet normal 0.649443 0.76041 -0
    outer loop
      vertex 6.61312 7.50111 0
      vertex 6.37424 7.70513 40
      vertex 6.61312 7.50111 40
    endloop
  endfacet
  facet normal 0.649443 0.76041 0
    outer loop
      vertex 6.37424 7.70513 40
      vertex 6.61312 7.50111 0
      vertex 6.37424 7.70513 0
    endloop
  endfacet
  facet normal -0.979226 0.202772 0
    outer loop
      vertex -9.82287 1.87381 0
      vertex -9.75917 2.18143 40
      vertex -9.75917 2.18143 0
    endloop
  endfacet
  facet normal -0.979226 0.202772 0
    outer loop
      vertex -9.75917 2.18143 40
      vertex -9.82287 1.87381 0
      vertex -9.82287 1.87381 40
    endloop
  endfacet
  facet normal -0.818145 0.575012 0
    outer loop
      vertex -8.27081 5.62083 0
      vertex -8.09017 5.87785 40
      vertex -8.09017 5.87785 0
    endloop
  endfacet
  facet normal -0.818145 0.575012 0
    outer loop
      vertex -8.09017 5.87785 40
      vertex -8.27081 5.62083 0
      vertex -8.27081 5.62083 40
    endloop
  endfacet
  facet normal -0.549024 0.835807 0
    outer loop
      vertex -5.35827 8.44328 0
      vertex -5.62083 8.27081 40
      vertex -5.35827 8.44328 40
    endloop
  endfacet
  facet normal -0.549024 0.835807 0
    outer loop
      vertex -5.62083 8.27081 40
      vertex -5.35827 8.44328 0
      vertex -5.62083 8.27081 0
    endloop
  endfacet
  facet normal -0.0784666 0.996917 0
    outer loop
      vertex -0.627905 9.98027 0
      vertex -0.941083 9.95562 40
      vertex -0.627905 9.98027 40
    endloop
  endfacet
  facet normal -0.0784666 0.996917 0
    outer loop
      vertex -0.941083 9.95562 40
      vertex -0.627905 9.98027 0
      vertex -0.941083 9.95562 0
    endloop
  endfacet
  facet normal 0.964561 -0.263861 0
    outer loop
      vertex 9.60294 -2.78991 40
      vertex 9.68583 -2.4869 0
      vertex 9.68583 -2.4869 40
    endloop
  endfacet
  facet normal 0.964561 -0.263861 0
    outer loop
      vertex 9.68583 -2.4869 0
      vertex 9.60294 -2.78991 40
      vertex 9.60294 -2.78991 0
    endloop
  endfacet
  facet normal 0.673009 -0.739635 0
    outer loop
      vertex 6.61312 -7.50111 0
      vertex 6.84547 -7.28969 40
      vertex 6.61312 -7.50111 40
    endloop
  endfacet
  facet normal 0.673009 -0.739635 0
    outer loop
      vertex 6.84547 -7.28969 40
      vertex 6.61312 -7.50111 0
      vertex 6.84547 -7.28969 0
    endloop
  endfacet
  facet normal 0.522487 -0.852647 0
    outer loop
      vertex 5.09041 -8.60742 0
      vertex 5.35827 -8.44328 40
      vertex 5.09041 -8.60742 40
    endloop
  endfacet
  facet normal 0.522487 -0.852647 0
    outer loop
      vertex 5.35827 -8.44328 40
      vertex 5.09041 -8.60742 0
      vertex 5.35827 -8.44328 0
    endloop
  endfacet
  facet normal 0.780428 -0.625246 0
    outer loop
      vertex 7.70513 -6.37424 40
      vertex 7.90155 -6.12907 0
      vertex 7.90155 -6.12907 40
    endloop
  endfacet
  facet normal 0.780428 -0.625246 0
    outer loop
      vertex 7.90155 -6.12907 0
      vertex 7.70513 -6.37424 40
      vertex 7.70513 -6.37424 0
    endloop
  endfacet
  facet normal 0.911396 -0.41153 0
    outer loop
      vertex 9.04827 -4.25779 40
      vertex 9.17755 -3.97148 0
      vertex 9.17755 -3.97148 40
    endloop
  endfacet
  facet normal 0.911396 -0.41153 0
    outer loop
      vertex 9.17755 -3.97148 0
      vertex 9.04827 -4.25779 40
      vertex 9.04827 -4.25779 0
    endloop
  endfacet
  facet normal -0.263861 -0.964561 0
    outer loop
      vertex -2.78991 -9.60294 0
      vertex -2.4869 -9.68583 40
      vertex -2.78991 -9.60294 40
    endloop
  endfacet
  facet normal -0.263861 -0.964561 -0
    outer loop
      vertex -2.4869 -9.68583 40
      vertex -2.78991 -9.60294 0
      vertex -2.4869 -9.68583 0
    endloop
  endfacet
  facet normal -0.625246 -0.780428 0
    outer loop
      vertex -6.37424 -7.70513 0
      vertex -6.12907 -7.90155 40
      vertex -6.37424 -7.70513 40
    endloop
  endfacet
  facet normal -0.625246 -0.780428 -0
    outer loop
      vertex -6.12907 -7.90155 40
      vertex -6.37424 -7.70513 0
      vertex -6.12907 -7.90155 0
    endloop
  endfacet
  facet normal -0.41153 -0.911396 0
    outer loop
      vertex -4.25779 -9.04827 0
      vertex -3.97148 -9.17755 40
      vertex -4.25779 -9.04827 40
    endloop
  endfacet
  facet normal -0.41153 -0.911396 -0
    outer loop
      vertex -3.97148 -9.17755 40
      vertex -4.25779 -9.04827 0
      vertex -3.97148 -9.17755 0
    endloop
  endfacet
  facet normal -0.868621 -0.495477 0
    outer loop
      vertex -8.60742 -5.09041 0
      vertex -8.76307 -4.81754 40
      vertex -8.76307 -4.81754 0
    endloop
  endfacet
  facet normal -0.868621 -0.495477 0
    outer loop
      vertex -8.76307 -4.81754 40
      vertex -8.60742 -5.09041 0
      vertex -8.60742 -5.09041 40
    endloop
  endfacet
  facet normal -0.739635 -0.673009 0
    outer loop
      vertex -7.28969 -6.84547 0
      vertex -7.50111 -6.61312 40
      vertex -7.50111 -6.61312 0
    endloop
  endfacet
  facet normal -0.739635 -0.673009 0
    outer loop
      vertex -7.50111 -6.61312 40
      vertex -7.28969 -6.84547 0
      vertex -7.28969 -6.84547 40
    endloop
  endfacet
  facet normal -0.946093 -0.323895 0
    outer loop
      vertex -9.40881 -3.38738 0
      vertex -9.51056 -3.09017 40
      vertex -9.51056 -3.09017 0
    endloop
  endfacet
  facet normal -0.946093 -0.323895 0
    outer loop
      vertex -9.51056 -3.09017 40
      vertex -9.40881 -3.38738 0
      vertex -9.40881 -3.38738 40
    endloop
  endfacet
  facet normal 0.996917 0.0784666 0
    outer loop
      vertex 9.98027 0.627905 40
      vertex 9.95562 0.941083 0
      vertex 9.95562 0.941083 40
    endloop
  endfacet
  facet normal 0.996917 0.0784666 0
    outer loop
      vertex 9.95562 0.941083 0
      vertex 9.98027 0.627905 40
      vertex 9.98027 0.627905 0
    endloop
  endfacet
  facet normal 0.998891 0.04708 0
    outer loop
      vertex 9.99506 0.314107 40
      vertex 9.98027 0.627905 0
      vertex 9.98027 0.627905 40
    endloop
  endfacet
  facet normal 0.998891 0.04708 0
    outer loop
      vertex 9.98027 0.627905 0
      vertex 9.99506 0.314107 40
      vertex 9.99506 0.314107 0
    endloop
  endfacet
  facet normal 0.990021 0.140922 0
    outer loop
      vertex 9.92115 1.25333 40
      vertex 9.87688 1.56434 0
      vertex 9.87688 1.56434 40
    endloop
  endfacet
  facet normal 0.990021 0.140922 0
    outer loop
      vertex 9.87688 1.56434 0
      vertex 9.92115 1.25333 40
      vertex 9.92115 1.25333 0
    endloop
  endfacet
  facet normal 0.955786 0.294063 0
    outer loop
      vertex 9.60294 2.78991 40
      vertex 9.51056 3.09017 0
      vertex 9.51056 3.09017 40
    endloop
  endfacet
  facet normal 0.955786 0.294063 0
    outer loop
      vertex 9.51056 3.09017 0
      vertex 9.60294 2.78991 40
      vertex 9.60294 2.78991 0
    endloop
  endfacet
  facet normal 0.935434 0.353501 0
    outer loop
      vertex 9.40881 3.38738 40
      vertex 9.29776 3.68124 0
      vertex 9.29776 3.68124 40
    endloop
  endfacet
  facet normal 0.935434 0.353501 0
    outer loop
      vertex 9.29776 3.68124 0
      vertex 9.40881 3.38738 40
      vertex 9.40881 3.38738 0
    endloop
  endfacet
  facet normal 0.799687 0.600418 0
    outer loop
      vertex 8.09017 5.87785 40
      vertex 7.90155 6.12907 0
      vertex 7.90155 6.12907 40
    endloop
  endfacet
  facet normal 0.799687 0.600418 0
    outer loop
      vertex 7.90155 6.12907 0
      vertex 8.09017 5.87785 40
      vertex 8.09017 5.87785 0
    endloop
  endfacet
  facet normal 0.76041 0.649443 0
    outer loop
      vertex 7.70513 6.37424 40
      vertex 7.50111 6.61312 0
      vertex 7.50111 6.61312 40
    endloop
  endfacet
  facet normal 0.76041 0.649443 0
    outer loop
      vertex 7.50111 6.61312 0
      vertex 7.70513 6.37424 40
      vertex 7.70513 6.37424 0
    endloop
  endfacet
  facet normal 0.868621 0.495477 0
    outer loop
      vertex 8.76307 4.81754 40
      vertex 8.60742 5.09041 0
      vertex 8.60742 5.09041 40
    endloop
  endfacet
  facet normal 0.868621 0.495477 0
    outer loop
      vertex 8.60742 5.09041 0
      vertex 8.76307 4.81754 40
      vertex 8.76307 4.81754 0
    endloop
  endfacet
  facet normal 0.911396 0.41153 0
    outer loop
      vertex 9.17755 3.97148 40
      vertex 9.04827 4.25779 0
      vertex 9.04827 4.25779 40
    endloop
  endfacet
  facet normal 0.911396 0.41153 0
    outer loop
      vertex 9.04827 4.25779 0
      vertex 9.17755 3.97148 40
      vertex 9.17755 3.97148 0
    endloop
  endfacet
  facet normal 0.109727 0.993962 -0
    outer loop
      vertex 1.25333 9.92115 0
      vertex 0.941083 9.95562 40
      vertex 1.25333 9.92115 40
    endloop
  endfacet
  facet normal 0.109727 0.993962 0
    outer loop
      vertex 0.941083 9.95562 40
      vertex 1.25333 9.92115 0
      vertex 0.941083 9.95562 0
    endloop
  endfacet
  facet normal 0.294063 0.955786 -0
    outer loop
      vertex 3.09017 9.51056 0
      vertex 2.78991 9.60294 40
      vertex 3.09017 9.51056 40
    endloop
  endfacet
  facet normal 0.294063 0.955786 0
    outer loop
      vertex 2.78991 9.60294 40
      vertex 3.09017 9.51056 0
      vertex 2.78991 9.60294 0
    endloop
  endfacet
  facet normal 0.263861 0.964561 -0
    outer loop
      vertex 2.78991 9.60294 0
      vertex 2.4869 9.68583 40
      vertex 2.78991 9.60294 40
    endloop
  endfacet
  facet normal 0.263861 0.964561 0
    outer loop
      vertex 2.4869 9.68583 40
      vertex 2.78991 9.60294 0
      vertex 2.4869 9.68583 0
    endloop
  endfacet
  facet normal 0.140922 0.990021 -0
    outer loop
      vertex 1.56434 9.87688 0
      vertex 1.25333 9.92115 40
      vertex 1.56434 9.87688 40
    endloop
  endfacet
  facet normal 0.140922 0.990021 0
    outer loop
      vertex 1.25333 9.92115 40
      vertex 1.56434 9.87688 0
      vertex 1.25333 9.92115 0
    endloop
  endfacet
  facet normal 0.0784666 0.996917 -0
    outer loop
      vertex 0.941083 9.95562 0
      vertex 0.627905 9.98027 40
      vertex 0.941083 9.95562 40
    endloop
  endfacet
  facet normal 0.0784666 0.996917 0
    outer loop
      vertex 0.627905 9.98027 40
      vertex 0.941083 9.95562 0
      vertex 0.627905 9.98027 0
    endloop
  endfacet
  facet normal 0.495477 0.868621 -0
    outer loop
      vertex 5.09041 8.60742 0
      vertex 4.81754 8.76307 40
      vertex 5.09041 8.60742 40
    endloop
  endfacet
  facet normal 0.495477 0.868621 0
    outer loop
      vertex 4.81754 8.76307 40
      vertex 5.09041 8.60742 0
      vertex 4.81754 8.76307 0
    endloop
  endfacet
  facet normal 0.522487 0.852647 -0
    outer loop
      vertex 5.35827 8.44328 0
      vertex 5.09041 8.60742 40
      vertex 5.35827 8.44328 40
    endloop
  endfacet
  facet normal 0.522487 0.852647 0
    outer loop
      vertex 5.09041 8.60742 40
      vertex 5.35827 8.44328 0
      vertex 5.09041 8.60742 0
    endloop
  endfacet
  facet normal 0.600418 0.799687 -0
    outer loop
      vertex 6.12907 7.90155 0
      vertex 5.87785 8.09017 40
      vertex 6.12907 7.90155 40
    endloop
  endfacet
  facet normal 0.600418 0.799687 0
    outer loop
      vertex 5.87785 8.09017 40
      vertex 6.12907 7.90155 0
      vertex 5.87785 8.09017 0
    endloop
  endfacet
  facet normal 0.673009 0.739635 -0
    outer loop
      vertex 6.84547 7.28969 0
      vertex 6.61312 7.50111 40
      vertex 6.84547 7.28969 40
    endloop
  endfacet
  facet normal 0.673009 0.739635 0
    outer loop
      vertex 6.61312 7.50111 40
      vertex 6.84547 7.28969 0
      vertex 6.61312 7.50111 0
    endloop
  endfacet
  facet normal -0.993962 0.109727 0
    outer loop
      vertex -9.95562 0.941083 0
      vertex -9.92115 1.25333 40
      vertex -9.92115 1.25333 0
    endloop
  endfacet
  facet normal -0.993962 0.109727 0
    outer loop
      vertex -9.92115 1.25333 40
      vertex -9.95562 0.941083 0
      vertex -9.95562 0.941083 40
    endloop
  endfacet
  facet normal -0.76041 0.649443 0
    outer loop
      vertex -7.70513 6.37424 0
      vertex -7.50111 6.61312 40
      vertex -7.50111 6.61312 0
    endloop
  endfacet
  facet normal -0.76041 0.649443 0
    outer loop
      vertex -7.50111 6.61312 40
      vertex -7.70513 6.37424 0
      vertex -7.70513 6.37424 40
    endloop
  endfacet
  facet normal -0.780428 0.625246 0
    outer loop
      vertex -7.90155 6.12907 0
      vertex -7.70513 6.37424 40
      vertex -7.70513 6.37424 0
    endloop
  endfacet
  facet normal -0.780428 0.625246 0
    outer loop
      vertex -7.70513 6.37424 40
      vertex -7.90155 6.12907 0
      vertex -7.90155 6.12907 40
    endloop
  endfacet
  facet normal -0.868621 0.495477 0
    outer loop
      vertex -8.76307 4.81754 0
      vertex -8.60742 5.09041 40
      vertex -8.60742 5.09041 0
    endloop
  endfacet
  facet normal -0.868621 0.495477 0
    outer loop
      vertex -8.60742 5.09041 40
      vertex -8.76307 4.81754 0
      vertex -8.76307 4.81754 40
    endloop
  endfacet
  facet normal -0.955786 0.294063 0
    outer loop
      vertex -9.60294 2.78991 0
      vertex -9.51056 3.09017 40
      vertex -9.51056 3.09017 0
    endloop
  endfacet
  facet normal -0.955786 0.294063 0
    outer loop
      vertex -9.51056 3.09017 40
      vertex -9.60294 2.78991 0
      vertex -9.60294 2.78991 40
    endloop
  endfacet
  facet normal -0.964561 0.263861 0
    outer loop
      vertex -9.68583 2.4869 0
      vertex -9.60294 2.78991 40
      vertex -9.60294 2.78991 0
    endloop
  endfacet
  facet normal -0.964561 0.263861 0
    outer loop
      vertex -9.60294 2.78991 40
      vertex -9.68583 2.4869 0
      vertex -9.68583 2.4869 40
    endloop
  endfacet
  facet normal -0.996917 0.0784666 0
    outer loop
      vertex -9.98027 0.627905 0
      vertex -9.95562 0.941083 40
      vertex -9.95562 0.941083 0
    endloop
  endfacet
  facet normal -0.996917 0.0784666 0
    outer loop
      vertex -9.95562 0.941083 40
      vertex -9.98027 0.627905 0
      vertex -9.98027 0.627905 40
    endloop
  endfacet
  facet normal -0.495477 0.868621 0
    outer loop
      vertex -4.81754 8.76307 0
      vertex -5.09041 8.60742 40
      vertex -4.81754 8.76307 40
    endloop
  endfacet
  facet normal -0.495477 0.868621 0
    outer loop
      vertex -5.09041 8.60742 40
      vertex -4.81754 8.76307 0
      vertex -5.09041 8.60742 0
    endloop
  endfacet
  facet normal -0.625246 0.780428 0
    outer loop
      vertex -6.12907 7.90155 0
      vertex -6.37424 7.70513 40
      vertex -6.12907 7.90155 40
    endloop
  endfacet
  facet normal -0.625246 0.780428 0
    outer loop
      vertex -6.37424 7.70513 40
      vertex -6.12907 7.90155 0
      vertex -6.37424 7.70513 0
    endloop
  endfacet
  facet normal -0.575012 0.818145 0
    outer loop
      vertex -5.62083 8.27081 0
      vertex -5.87785 8.09017 40
      vertex -5.62083 8.27081 40
    endloop
  endfacet
  facet normal -0.575012 0.818145 0
    outer loop
      vertex -5.87785 8.09017 40
      vertex -5.62083 8.27081 0
      vertex -5.87785 8.09017 0
    endloop
  endfacet
  facet normal -0.649443 0.76041 0
    outer loop
      vertex -6.37424 7.70513 0
      vertex -6.61312 7.50111 40
      vertex -6.37424 7.70513 40
    endloop
  endfacet
  facet normal -0.649443 0.76041 0
    outer loop
      vertex -6.61312 7.50111 40
      vertex -6.37424 7.70513 0
      vertex -6.61312 7.50111 0
    endloop
  endfacet
  facet normal -0.263861 0.964561 0
    outer loop
      vertex -2.4869 9.68583 0
      vertex -2.78991 9.60294 40
      vertex -2.4869 9.68583 40
    endloop
  endfacet
  facet normal -0.263861 0.964561 0
    outer loop
      vertex -2.78991 9.60294 40
      vertex -2.4869 9.68583 0
      vertex -2.78991 9.60294 0
    endloop
  endfacet
  facet normal -0.294063 0.955786 0
    outer loop
      vertex -2.78991 9.60294 0
      vertex -3.09017 9.51056 40
      vertex -2.78991 9.60294 40
    endloop
  endfacet
  facet normal -0.294063 0.955786 0
    outer loop
      vertex -3.09017 9.51056 40
      vertex -2.78991 9.60294 0
      vertex -3.09017 9.51056 0
    endloop
  endfacet
  facet normal -0.04708 0.998891 0
    outer loop
      vertex -0.314107 9.99506 0
      vertex -0.627905 9.98027 40
      vertex -0.314107 9.99506 40
    endloop
  endfacet
  facet normal -0.04708 0.998891 0
    outer loop
      vertex -0.627905 9.98027 40
      vertex -0.314107 9.99506 0
      vertex -0.627905 9.98027 0
    endloop
  endfacet
  facet normal 0.109727 -0.993962 0
    outer loop
      vertex 0.941083 -9.95562 0
      vertex 1.25333 -9.92115 40
      vertex 0.941083 -9.95562 40
    endloop
  endfacet
  facet normal 0.109727 -0.993962 0
    outer loop
      vertex 1.25333 -9.92115 40
      vertex 0.941083 -9.95562 0
      vertex 1.25333 -9.92115 0
    endloop
  endfacet
  facet normal 0.263861 -0.964561 0
    outer loop
      vertex 2.4869 -9.68583 0
      vertex 2.78991 -9.60294 40
      vertex 2.4869 -9.68583 40
    endloop
  endfacet
  facet normal 0.263861 -0.964561 0
    outer loop
      vertex 2.78991 -9.60294 40
      vertex 2.4869 -9.68583 0
      vertex 2.78991 -9.60294 0
    endloop
  endfacet
  facet normal 0.294063 -0.955786 0
    outer loop
      vertex 2.78991 -9.60294 0
      vertex 3.09017 -9.51056 40
      vertex 2.78991 -9.60294 40
    endloop
  endfacet
  facet normal 0.294063 -0.955786 0
    outer loop
      vertex 3.09017 -9.51056 40
      vertex 2.78991 -9.60294 0
      vertex 3.09017 -9.51056 0
    endloop
  endfacet
  facet normal 0.575012 -0.818145 0
    outer loop
      vertex 5.62083 -8.27081 0
      vertex 5.87785 -8.09017 40
      vertex 5.62083 -8.27081 40
    endloop
  endfacet
  facet normal 0.575012 -0.818145 0
    outer loop
      vertex 5.87785 -8.09017 40
      vertex 5.62083 -8.27081 0
      vertex 5.87785 -8.09017 0
    endloop
  endfacet
  facet normal 0.649443 -0.76041 0
    outer loop
      vertex 6.37424 -7.70513 0
      vertex 6.61312 -7.50111 40
      vertex 6.37424 -7.70513 40
    endloop
  endfacet
  facet normal 0.649443 -0.76041 0
    outer loop
      vertex 6.61312 -7.50111 40
      vertex 6.37424 -7.70513 0
      vertex 6.61312 -7.50111 0
    endloop
  endfacet
  facet normal 0.495477 -0.868621 0
    outer loop
      vertex 4.81754 -8.76307 0
      vertex 5.09041 -8.60742 40
      vertex 4.81754 -8.76307 40
    endloop
  endfacet
  facet normal 0.495477 -0.868621 0
    outer loop
      vertex 5.09041 -8.60742 40
      vertex 4.81754 -8.76307 0
      vertex 5.09041 -8.60742 0
    endloop
  endfacet
  facet normal 0.76041 -0.649443 0
    outer loop
      vertex 7.50111 -6.61312 40
      vertex 7.70513 -6.37424 0
      vertex 7.70513 -6.37424 40
    endloop
  endfacet
  facet normal 0.76041 -0.649443 0
    outer loop
      vertex 7.70513 -6.37424 0
      vertex 7.50111 -6.61312 40
      vertex 7.50111 -6.61312 0
    endloop
  endfacet
  facet normal 0.852647 -0.522487 0
    outer loop
      vertex 8.44328 -5.35827 40
      vertex 8.60742 -5.09041 0
      vertex 8.60742 -5.09041 40
    endloop
  endfacet
  facet normal 0.852647 -0.522487 0
    outer loop
      vertex 8.60742 -5.09041 0
      vertex 8.44328 -5.35827 40
      vertex 8.44328 -5.35827 0
    endloop
  endfacet
  facet normal 0.955786 -0.294063 0
    outer loop
      vertex 9.51056 -3.09017 40
      vertex 9.60294 -2.78991 0
      vertex 9.60294 -2.78991 40
    endloop
  endfacet
  facet normal 0.955786 -0.294063 0
    outer loop
      vertex 9.60294 -2.78991 0
      vertex 9.51056 -3.09017 40
      vertex 9.51056 -3.09017 0
    endloop
  endfacet
  facet normal 0.993962 -0.109727 0
    outer loop
      vertex 9.92115 -1.25333 40
      vertex 9.95562 -0.941083 0
      vertex 9.95562 -0.941083 40
    endloop
  endfacet
  facet normal 0.993962 -0.109727 0
    outer loop
      vertex 9.95562 -0.941083 0
      vertex 9.92115 -1.25333 40
      vertex 9.92115 -1.25333 0
    endloop
  endfacet
  facet normal -0.649443 -0.76041 0
    outer loop
      vertex -6.61312 -7.50111 0
      vertex -6.37424 -7.70513 40
      vertex -6.61312 -7.50111 40
    endloop
  endfacet
  facet normal -0.649443 -0.76041 -0
    outer loop
      vertex -6.37424 -7.70513 40
      vertex -6.61312 -7.50111 0
      vertex -6.37424 -7.70513 0
    endloop
  endfacet
  facet normal -0.522487 -0.852647 0
    outer loop
      vertex -5.35827 -8.44328 0
      vertex -5.09041 -8.60742 40
      vertex -5.35827 -8.44328 40
    endloop
  endfacet
  facet normal -0.522487 -0.852647 -0
    outer loop
      vertex -5.09041 -8.60742 40
      vertex -5.35827 -8.44328 0
      vertex -5.09041 -8.60742 0
    endloop
  endfacet
  facet normal -0.294063 -0.955786 0
    outer loop
      vertex -3.09017 -9.51056 0
      vertex -2.78991 -9.60294 40
      vertex -3.09017 -9.51056 40
    endloop
  endfacet
  facet normal -0.294063 -0.955786 -0
    outer loop
      vertex -2.78991 -9.60294 40
      vertex -3.09017 -9.51056 0
      vertex -2.78991 -9.60294 0
    endloop
  endfacet
  facet normal -0.109727 -0.993962 0
    outer loop
      vertex -1.25333 -9.92115 0
      vertex -0.941083 -9.95562 40
      vertex -1.25333 -9.92115 40
    endloop
  endfacet
  facet normal -0.109727 -0.993962 -0
    outer loop
      vertex -0.941083 -9.95562 40
      vertex -1.25333 -9.92115 0
      vertex -0.941083 -9.95562 0
    endloop
  endfacet
  facet normal -0.0784666 -0.996917 0
    outer loop
      vertex -0.941083 -9.95562 0
      vertex -0.627905 -9.98027 40
      vertex -0.941083 -9.95562 40
    endloop
  endfacet
  facet normal -0.0784666 -0.996917 -0
    outer loop
      vertex -0.627905 -9.98027 40
      vertex -0.941083 -9.95562 0
      vertex -0.627905 -9.98027 0
    endloop
  endfacet
  facet normal -0.818145 -0.575012 0
    outer loop
      vertex -8.09017 -5.87785 0
      vertex -8.27081 -5.62083 40
      vertex -8.27081 -5.62083 0
    endloop
  endfacet
  facet normal -0.818145 -0.575012 0
    outer loop
      vertex -8.27081 -5.62083 40
      vertex -8.09017 -5.87785 0
      vertex -8.09017 -5.87785 40
    endloop
  endfacet
  facet normal -0.76041 -0.649443 0
    outer loop
      vertex -7.50111 -6.61312 0
      vertex -7.70513 -6.37424 40
      vertex -7.70513 -6.37424 0
    endloop
  endfacet
  facet normal -0.76041 -0.649443 0
    outer loop
      vertex -7.70513 -6.37424 40
      vertex -7.50111 -6.61312 0
      vertex -7.50111 -6.61312 40
    endloop
  endfacet
  facet normal -0.964561 -0.263861 0
    outer loop
      vertex -9.60294 -2.78991 0
      vertex -9.68583 -2.4869 40
      vertex -9.68583 -2.4869 0
    endloop
  endfacet
  facet normal -0.964561 -0.263861 0
    outer loop
      vertex -9.68583 -2.4869 40
      vertex -9.60294 -2.78991 0
      vertex -9.60294 -2.78991 40
    endloop
  endfacet
  facet normal -0.955786 -0.294063 0
    outer loop
      vertex -9.51056 -3.09017 0
      vertex -9.60294 -2.78991 40
      vertex -9.60294 -2.78991 0
    endloop
  endfacet
  facet normal -0.955786 -0.294063 0
    outer loop
      vertex -9.60294 -2.78991 40
      vertex -9.51056 -3.09017 0
      vertex -9.51056 -3.09017 40
    endloop
  endfacet
  facet normal -0.990021 -0.140922 0
    outer loop
      vertex -9.87688 -1.56434 0
      vertex -9.92115 -1.25333 40
      vertex -9.92115 -1.25333 0
    endloop
  endfacet
  facet normal -0.990021 -0.140922 0
    outer loop
      vertex -9.92115 -1.25333 40
      vertex -9.87688 -1.56434 0
      vertex -9.87688 -1.56434 40
    endloop
  endfacet
  facet normal 0 0 -1
    outer loop
      vertex 5 0 0
      vertex 10 0 0
      vertex 9.99506 -0.314107 0
    endloop
  endfacet
  facet normal 0 0 -1
    outer loop
      vertex 4.99753 -0.157053 0
      vertex 9.99506 -0.314107 0
      vertex 9.98027 -0.627905 0
    endloop
  endfacet
  facet normal 0 0 -1
    outer loop
      vertex 10 0 0
      vertex 5 0 0
      vertex 9.99506 0.314107 0
    endloop
  endfacet
  facet normal 0 0 -1
    outer loop
      vertex 4.99013 -0.313952 0
      vertex 9.98027 -0.627905 0
      vertex 9.95562 -0.941083 0
    endloop
  endfacet
  facet normal 0 0 -1
    outer loop
      vertex 4.99753 0.157053 0
      vertex 9.99506 0.314107 0
      vertex 5 0 0
    endloop
  endfacet
  facet normal 0 0 -1
    outer loop
      vertex 4.97781 -0.470541 0
      vertex 9.95562 -0.941083 0
      vertex 9.92115 -1.25333 0
    endloop
  endfacet
  facet normal -0 0 -1
    outer loop
      vertex 9.99506 0.314107 0
      vertex 4.99753 0.157053 0
      vertex 9.98027 0.627905 0
    endloop
  endfacet
  facet normal 0 0 -1
    outer loop
      vertex 4.96057 -0.626666 0
      vertex 9.92115 -1.25333 0
      vertex 9.87688 -1.56434 0
    endloop
  endfacet
  facet normal 0 0 -1
    outer loop
      vertex 4.99013 0.313952 0
      vertex 9.98027 0.627905 0
      vertex 4.99753 0.157053 0
    endloop
  endfacet
  facet normal 0 0 -1
    outer loop
      vertex 4.93844 -0.782172 0
      vertex 9.87688 -1.56434 0
      vertex 9.82287 -1.87381 0
    endloop
  endfacet
  facet normal -0 0 -1
    outer loop
      vertex 9.98027 0.627905 0
      vertex 4.99013 0.313952 0
      vertex 9.95562 0.941083 0
    endloop
  endfacet
  facet normal 0 0 -1
    outer loop
      vertex 4.91144 -0.936906 0
      vertex 9.82287 -1.87381 0
      vertex 9.75917 -2.18143 0
    endloop
  endfacet
  facet normal 0 0 -1
    outer loop
      vertex 4.97781 0.470541 0
      vertex 9.95562 0.941083 0
      vertex 4.99013 0.313952 0
    endloop
  endfacet
  facet normal 0 0 -1
    outer loop
      vertex 4.87958 -1.09072 0
      vertex 9.75917 -2.18143 0
      vertex 9.68583 -2.4869 0
    endloop
  endfacet
  facet normal -0 0 -1
    outer loop
      vertex 9.95562 0.941083 0
      vertex 4.97781 0.470541 0
      vertex 9.92115 1.25333 0
    endloop
  endfacet
  facet normal 0 0 -1
    outer loop
      vertex 4.84292 -1.24345 0
      vertex 9.68583 -2.4869 0
      vertex 9.60294 -2.78991 0
    endloop
  endfacet
  facet normal 0 0 -1
    outer loop
      vertex 4.96057 0.626666 0
      vertex 9.92115 1.25333 0
      vertex 4.97781 0.470541 0
    endloop
  endfacet
  facet normal 0 0 -1
    outer loop
      vertex 4.80147 -1.39495 0
      vertex 9.60294 -2.78991 0
      vertex 9.51056 -3.09017 0
    endloop
  endfacet
  facet normal -0 0 -1
    outer loop
      vertex 9.92115 1.25333 0
      vertex 4.96057 0.626666 0
      vertex 9.87688 1.56434 0
    endloop
  endfacet
  facet normal 0 0 -1
    outer loop
      vertex 4.75528 -1.54508 0
      vertex 9.51056 -3.09017 0
      vertex 9.40881 -3.38738 0
    endloop
  endfacet
  facet normal 0 0 -1
    outer loop
      vertex 4.93844 0.782172 0
      vertex 9.87688 1.56434 0
      vertex 4.96057 0.626666 0
    endloop
  endfacet
  facet normal 0 0 -1
    outer loop
      vertex 4.7044 -1.69369 0
      vertex 9.40881 -3.38738 0
      vertex 9.29776 -3.68124 0
    endloop
  endfacet
  facet normal -0 0 -1
    outer loop
      vertex 9.87688 1.56434 0
      vertex 4.93844 0.782172 0
      vertex 9.82287 1.87381 0
    endloop
  endfacet
  facet normal 0 0 -1
    outer loop
      vertex 4.64888 -1.84062 0
      vertex 9.29776 -3.68124 0
      vertex 9.17755 -3.97148 0
    endloop
  endfacet
  facet normal 0 0 -1
    outer loop
      vertex 4.91144 0.936906 0
      vertex 9.82287 1.87381 0
      vertex 4.93844 0.782172 0
    endloop
  endfacet
  facet normal 0 0 -1
    outer loop
      vertex 4.58877 -1.98574 0
      vertex 9.17755 -3.97148 0
      vertex 9.04827 -4.25779 0
    endloop
  endfacet
  facet normal -0 0 -1
    outer loop
      vertex 9.82287 1.87381 0
      vertex 4.91144 0.936906 0
      vertex 9.75917 2.18143 0
    endloop
  endfacet
  facet normal 0 0 -1
    outer loop
      vertex 4.52413 -2.1289 0
      vertex 9.04827 -4.25779 0
      vertex 8.91006 -4.5399 0
    endloop
  endfacet
  facet normal 0 0 -1
    outer loop
      vertex 4.87958 1.09072 0
      vertex 9.75917 2.18143 0
      vertex 4.91144 0.936906 0
    endloop
  endfacet
  facet normal 0 0 -1
    outer loop
      vertex 4.45503 -2.26995 0
      vertex 8.91006 -4.5399 0
      vertex 8.76307 -4.81754 0
    endloop
  endfacet
  facet normal -0 0 -1
    outer loop
      vertex 9.75917 2.18143 0
      vertex 4.87958 1.09072 0
      vertex 9.68583 2.4869 0
    endloop
  endfacet
  facet normal 0 0 -1
    outer loop
      vertex 4.38153 -2.40877 0
      vertex 8.76307 -4.81754 0
      vertex 8.60742 -5.09041 0
    endloop
  endfacet
  facet normal 0 0 -1
    outer loop
      vertex 4.84292 1.24345 0
      vertex 9.68583 2.4869 0
      vertex 4.87958 1.09072 0
    endloop
  endfacet
  facet normal 0 0 -1
    outer loop
      vertex 4.30371 -2.54521 0
      vertex 8.60742 -5.09041 0
      vertex 8.44328 -5.35827 0
    endloop
  endfacet
  facet normal -0 0 -1
    outer loop
      vertex 9.68583 2.4869 0
      vertex 4.84292 1.24345 0
      vertex 9.60294 2.78991 0
    endloop
  endfacet
  facet normal 0 0 -1
    outer loop
      vertex 4.22164 -2.67913 0
      vertex 8.44328 -5.35827 0
      vertex 8.27081 -5.62083 0
    endloop
  endfacet
  facet normal 0 0 -1
    outer loop
      vertex 4.80147 1.39495 0
      vertex 9.60294 2.78991 0
      vertex 4.84292 1.24345 0
    endloop
  endfacet
  facet normal 0 0 -1
    outer loop
      vertex 4.1354 -2.81042 0
      vertex 8.27081 -5.62083 0
      vertex 8.09017 -5.87785 0
    endloop
  endfacet
  facet normal -0 0 -1
    outer loop
      vertex 9.60294 2.78991 0
      vertex 4.80147 1.39495 0
      vertex 9.51056 3.09017 0
    endloop
  endfacet
  facet normal 0 0 -1
    outer loop
      vertex 4.04508 -2.93893 0
      vertex 8.09017 -5.87785 0
      vertex 7.90155 -6.12907 0
    endloop
  endfacet
  facet normal 0 0 -1
    outer loop
      vertex 4.75528 1.54508 0
      vertex 9.51056 3.09017 0
      vertex 4.80147 1.39495 0
    endloop
  endfacet
  facet normal 0 0 -1
    outer loop
      vertex 3.95077 -3.06454 0
      vertex 7.90155 -6.12907 0
      vertex 7.70513 -6.37424 0
    endloop
  endfacet
  facet normal -0 0 -1
    outer loop
      vertex 9.51056 3.09017 0
      vertex 4.75528 1.54508 0
      vertex 9.40881 3.38738 0
    endloop
  endfacet
  facet normal 0 0 -1
    outer loop
      vertex 3.85257 -3.18712 0
      vertex 7.70513 -6.37424 0
      vertex 7.50111 -6.61312 0
    endloop
  endfacet
  facet normal 0 0 -1
    outer loop
      vertex 4.7044 1.69369 0
      vertex 9.40881 3.38738 0
      vertex 4.75528 1.54508 0
    endloop
  endfacet
  facet normal 0 0 -1
    outer loop
      vertex 3.75056 -3.30656 0
      vertex 7.50111 -6.61312 0
      vertex 7.28969 -6.84547 0
    endloop
  endfacet
  facet normal -0 0 -1
    outer loop
      vertex 9.40881 3.38738 0
      vertex 4.7044 1.69369 0
      vertex 9.29776 3.68124 0
    endloop
  endfacet
  facet normal 0 0 -1
    outer loop
      vertex 3.64484 -3.42274 0
      vertex 7.28969 -6.84547 0
      vertex 7.07107 -7.07107 0
    endloop
  endfacet
  facet normal 0 0 -1
    outer loop
      vertex 4.64888 1.84062 0
      vertex 9.29776 3.68124 0
      vertex 4.7044 1.69369 0
    endloop
  endfacet
  facet normal 0 0 -1
    outer loop
      vertex 3.53553 -3.53553 0
      vertex 7.07107 -7.07107 0
      vertex 6.84547 -7.28969 0
    endloop
  endfacet
  facet normal -0 0 -1
    outer loop
      vertex 9.29776 3.68124 0
      vertex 4.64888 1.84062 0
      vertex 9.17755 3.97148 0
    endloop
  endfacet
  facet normal 0 0 -1
    outer loop
      vertex 3.42274 -3.64484 0
      vertex 6.84547 -7.28969 0
      vertex 6.61312 -7.50111 0
    endloop
  endfacet
  facet normal 0 0 -1
    outer loop
      vertex 4.58877 1.98574 0
      vertex 9.17755 3.97148 0
      vertex 4.64888 1.84062 0
    endloop
  endfacet
  facet normal 0 0 -1
    outer loop
      vertex 3.30656 -3.75056 0
      vertex 6.61312 -7.50111 0
      vertex 6.37424 -7.70513 0
    endloop
  endfacet
  facet normal -0 0 -1
    outer loop
      vertex 9.17755 3.97148 0
      vertex 4.58877 1.98574 0
      vertex 9.04827 4.25779 0
    endloop
  endfacet
  facet normal 0 0 -1
    outer loop
      vertex 3.18712 -3.85257 0
      vertex 6.37424 -7.70513 0
      vertex 6.12907 -7.90155 0
    endloop
  endfacet
  facet normal 0 0 -1
    outer loop
      vertex 4.52413 2.1289 0
      vertex 9.04827 4.25779 0
      vertex 4.58877 1.98574 0
    endloop
  endfacet
  facet normal 0 0 -1
    outer loop
      vertex 3.06454 -3.95077 0
      vertex 6.12907 -7.90155 0
      vertex 5.87785 -8.09017 0
    endloop
  endfacet
  facet normal -0 0 -1
    outer loop
      vertex 9.04827 4.25779 0
      vertex 4.52413 2.1289 0
      vertex 8.91006 4.5399 0
    endloop
  endfacet
  facet normal 0 0 -1
    outer loop
      vertex 2.93893 -4.04508 0
      vertex 5.87785 -8.09017 0
      vertex 5.62083 -8.27081 0
    endloop
  endfacet
  facet normal 0 0 -1
    outer loop
      vertex 4.45503 2.26995 0
      vertex 8.91006 4.5399 0
      vertex 4.52413 2.1289 0
    endloop
  endfacet
  facet normal 0 0 -1
    outer loop
      vertex 2.81042 -4.1354 0
      vertex 5.62083 -8.27081 0
      vertex 5.35827 -8.44328 0
    endloop
  endfacet
  facet normal -0 0 -1
    outer loop
      vertex 8.91006 4.5399 0
      vertex 4.45503 2.26995 0
      vertex 8.76307 4.81754 0
    endloop
  endfacet
  facet normal 0 0 -1
    outer loop
      vertex 2.67913 -4.22164 0
      vertex 5.35827 -8.44328 0
      vertex 5.09041 -8.60742 0
    endloop
  endfacet
  facet normal 0 0 -1
    outer loop
      vertex 4.38153 2.40877 0
      vertex 8.76307 4.81754 0
      vertex 4.45503 2.26995 0
    endloop
  endfacet
  facet normal -0 0 -1
    outer loop
      vertex 8.76307 4.81754 0
      vertex 4.38153 2.40877 0
      vertex 8.60742 5.09041 0
    endloop
  endfacet
  facet normal 0 0 -1
    outer loop
      vertex 9.99506 -0.314107 0
      vertex 4.99753 -0.157053 0
      vertex 5 0 0
    endloop
  endfacet
  facet normal 0 0 -1
    outer loop
      vertex 9.98027 -0.627905 0
      vertex 4.99013 -0.313952 0
      vertex 4.99753 -0.157053 0
    endloop
  endfacet
  facet normal 0 0 -1
    outer loop
      vertex 9.95562 -0.941083 0
      vertex 4.97781 -0.470541 0
      vertex 4.99013 -0.313952 0
    endloop
  endfacet
  facet normal 0 0 -1
    outer loop
      vertex 9.92115 -1.25333 0
      vertex 4.96057 -0.626666 0
      vertex 4.97781 -0.470541 0
    endloop
  endfacet
  facet normal 0 0 -1
    outer loop
      vertex 9.87688 -1.56434 0
      vertex 4.93844 -0.782172 0
      vertex 4.96057 -0.626666 0
    endloop
  endfacet
  facet normal 0 0 -1
    outer loop
      vertex 9.82287 -1.87381 0
      vertex 4.91144 -0.936906 0
      vertex 4.93844 -0.782172 0
    endloop
  endfacet
  facet normal 0 0 -1
    outer loop
      vertex 9.75917 -2.18143 0
      vertex 4.87958 -1.09072 0
      vertex 4.91144 -0.936906 0
    endloop
  endfacet
  facet normal 0 0 -1
    outer loop
      vertex 9.68583 -2.4869 0
      vertex 4.84292 -1.24345 0
      vertex 4.87958 -1.09072 0
    endloop
  endfacet
  facet normal 0 0 -1
    outer loop
      vertex 2.54521 -4.30371 0
      vertex 5.09041 -8.60742 0
      vertex 4.81754 -8.76307 0
    endloop
  endfacet
  facet normal 0 0 -1
    outer loop
      vertex 9.60294 -2.78991 0
      vertex 4.80147 -1.39495 0
      vertex 4.84292 -1.24345 0
    endloop
  endfacet
  facet normal 0 0 -1
    outer loop
      vertex 9.51056 -3.09017 0
      vertex 4.75528 -1.54508 0
      vertex 4.80147 -1.39495 0
    endloop
  endfacet
  facet normal 0 0 -1
    outer loop
      vertex 9.40881 -3.38738 0
      vertex 4.7044 -1.69369 0
      vertex 4.75528 -1.54508 0
    endloop
  endfacet
  facet normal 0 0 -1
    outer loop
      vertex 9.29776 -3.68124 0
      vertex 4.64888 -1.84062 0
      vertex 4.7044 -1.69369 0
    endloop
  endfacet
  facet normal 0 0 -1
    outer loop
      vertex 9.17755 -3.97148 0
      vertex 4.58877 -1.98574 0
      vertex 4.64888 -1.84062 0
    endloop
  endfacet
  facet normal 0 0 -1
    outer loop
      vertex 2.40877 -4.38153 0
      vertex 4.81754 -8.76307 0
      vertex 4.5399 -8.91006 0
    endloop
  endfacet
  facet normal 0 0 -1
    outer loop
      vertex 9.04827 -4.25779 0
      vertex 4.52413 -2.1289 0
      vertex 4.58877 -1.98574 0
    endloop
  endfacet
  facet normal 0 0 -1
    outer loop
      vertex 8.91006 -4.5399 0
      vertex 4.45503 -2.26995 0
      vertex 4.52413 -2.1289 0
    endloop
  endfacet
  facet normal 0 0 -1
    outer loop
      vertex 8.76307 -4.81754 0
      vertex 4.38153 -2.40877 0
      vertex 4.45503 -2.26995 0
    endloop
  endfacet
  facet normal 0 0 -1
    outer loop
      vertex 8.60742 -5.09041 0
      vertex 4.30371 -2.54521 0
      vertex 4.38153 -2.40877 0
    endloop
  endfacet
  facet normal 0 0 -1
    outer loop
      vertex 2.26995 -4.45503 0
      vertex 4.5399 -8.91006 0
      vertex 4.25779 -9.04827 0
    endloop
  endfacet
  facet normal 0 0 -1
    outer loop
      vertex 8.44328 -5.35827 0
      vertex 4.22164 -2.67913 0
      vertex 4.30371 -2.54521 0
    endloop
  endfacet
  facet normal 0 0 -1
    outer loop
      vertex 8.27081 -5.62083 0
      vertex 4.1354 -2.81042 0
      vertex 4.22164 -2.67913 0
    endloop
  endfacet
  facet normal 0 0 -1
    outer loop
      vertex 8.09017 -5.87785 0
      vertex 4.04508 -2.93893 0
      vertex 4.1354 -2.81042 0
    endloop
  endfacet
  facet normal 0 0 -1
    outer loop
      vertex 2.1289 -4.52413 0
      vertex 4.25779 -9.04827 0
      vertex 3.97148 -9.17755 0
    endloop
  endfacet
  facet normal 0 0 -1
    outer loop
      vertex 7.90155 -6.12907 0
      vertex 3.95077 -3.06454 0
      vertex 4.04508 -2.93893 0
    endloop
  endfacet
  facet normal 0 0 -1
    outer loop
      vertex 7.70513 -6.37424 0
      vertex 3.85257 -3.18712 0
      vertex 3.95077 -3.06454 0
    endloop
  endfacet
  facet normal 0 0 -1
    outer loop
      vertex 7.50111 -6.61312 0
      vertex 3.75056 -3.30656 0
      vertex 3.85257 -3.18712 0
    endloop
  endfacet
  facet normal 0 0 -1
    outer loop
      vertex 1.98574 -4.58877 0
      vertex 3.97148 -9.17755 0
      vertex 3.68124 -9.29776 0
    endloop
  endfacet
  facet normal 0 0 -1
    outer loop
      vertex 7.28969 -6.84547 0
      vertex 3.64484 -3.42274 0
      vertex 3.75056 -3.30656 0
    endloop
  endfacet
  facet normal 0 0 -1
    outer loop
      vertex 7.07107 -7.07107 0
      vertex 3.53553 -3.53553 0
      vertex 3.64484 -3.42274 0
    endloop
  endfacet
  facet normal 0 0 -1
    outer loop
      vertex 6.84547 -7.28969 0
      vertex 3.42274 -3.64484 0
      vertex 3.53553 -3.53553 0
    endloop
  endfacet
  facet normal 0 0 -1
    outer loop
      vertex 1.84062 -4.64888 0
      vertex 3.68124 -9.29776 0
      vertex 3.38738 -9.40881 0
    endloop
  endfacet
  facet normal 0 0 -1
    outer loop
      vertex 6.61312 -7.50111 0
      vertex 3.30656 -3.75056 0
      vertex 3.42274 -3.64484 0
    endloop
  endfacet
  facet normal 0 0 -1
    outer loop
      vertex 6.37424 -7.70513 0
      vertex 3.18712 -3.85257 0
      vertex 3.30656 -3.75056 0
    endloop
  endfacet
  facet normal 0 0 -1
    outer loop
      vertex 1.69369 -4.7044 0
      vertex 3.38738 -9.40881 0
      vertex 3.09017 -9.51056 0
    endloop
  endfacet
  facet normal 0 0 -1
    outer loop
      vertex 6.12907 -7.90155 0
      vertex 3.06454 -3.95077 0
      vertex 3.18712 -3.85257 0
    endloop
  endfacet
  facet normal 0 0 -1
    outer loop
      vertex 5.87785 -8.09017 0
      vertex 2.93893 -4.04508 0
      vertex 3.06454 -3.95077 0
    endloop
  endfacet
  facet normal 0 0 -1
    outer loop
      vertex 5.62083 -8.27081 0
      vertex 2.81042 -4.1354 0
      vertex 2.93893 -4.04508 0
    endloop
  endfacet
  facet normal 0 0 -1
    outer loop
      vertex 1.54508 -4.75528 0
      vertex 3.09017 -9.51056 0
      vertex 2.78991 -9.60294 0
    endloop
  endfacet
  facet normal 0 0 -1
    outer loop
      vertex 5.35827 -8.44328 0
      vertex 2.67913 -4.22164 0
      vertex 2.81042 -4.1354 0
    endloop
  endfacet
  facet normal 0 0 -1
    outer loop
      vertex 5.09041 -8.60742 0
      vertex 2.54521 -4.30371 0
      vertex 2.67913 -4.22164 0
    endloop
  endfacet
  facet normal 0 0 -1
    outer loop
      vertex 1.39495 -4.80147 0
      vertex 2.78991 -9.60294 0
      vertex 2.4869 -9.68583 0
    endloop
  endfacet
  facet normal 0 0 -1
    outer loop
      vertex 4.81754 -8.76307 0
      vertex 2.40877 -4.38153 0
      vertex 2.54521 -4.30371 0
    endloop
  endfacet
  facet normal 0 0 -1
    outer loop
      vertex 4.5399 -8.91006 0
      vertex 2.26995 -4.45503 0
      vertex 2.40877 -4.38153 0
    endloop
  endfacet
  facet normal 0 0 -1
    outer loop
      vertex 1.24345 -4.84292 0
      vertex 2.4869 -9.68583 0
      vertex 2.18143 -9.75917 0
    endloop
  endfacet
  facet normal 0 0 -1
    outer loop
      vertex 4.25779 -9.04827 0
      vertex 2.1289 -4.52413 0
      vertex 2.26995 -4.45503 0
    endloop
  endfacet
  facet normal 0 0 -1
    outer loop
      vertex 3.97148 -9.17755 0
      vertex 1.98574 -4.58877 0
      vertex 2.1289 -4.52413 0
    endloop
  endfacet
  facet normal 0 0 -1
    outer loop
      vertex 1.09072 -4.87958 0
      vertex 2.18143 -9.75917 0
      vertex 1.87381 -9.82287 0
    endloop
  endfacet
  facet normal 0 0 -1
    outer loop
      vertex 3.68124 -9.29776 0
      vertex 1.84062 -4.64888 0
      vertex 1.98574 -4.58877 0
    endloop
  endfacet
  facet normal 0 0 -1
    outer loop
      vertex 3.38738 -9.40881 0
      vertex 1.69369 -4.7044 0
      vertex 1.84062 -4.64888 0
    endloop
  endfacet
  facet normal 0 0 -1
    outer loop
      vertex 0.936906 -4.91144 0
      vertex 1.87381 -9.82287 0
      vertex 1.56434 -9.87688 0
    endloop
  endfacet
  facet normal 0 0 -1
    outer loop
      vertex 3.09017 -9.51056 0
      vertex 1.54508 -4.75528 0
      vertex 1.69369 -4.7044 0
    endloop
  endfacet
  facet normal 0 0 -1
    outer loop
      vertex 2.78991 -9.60294 0
      vertex 1.39495 -4.80147 0
      vertex 1.54508 -4.75528 0
    endloop
  endfacet
  facet normal 0 0 -1
    outer loop
      vertex 0.782172 -4.93844 0
      vertex 1.56434 -9.87688 0
      vertex 1.25333 -9.92115 0
    endloop
  endfacet
  facet normal 0 0 -1
    outer loop
      vertex 2.4869 -9.68583 0
      vertex 1.24345 -4.84292 0
      vertex 1.39495 -4.80147 0
    endloop
  endfacet
  facet normal 0 0 -1
    outer loop
      vertex 2.18143 -9.75917 0
      vertex 1.09072 -4.87958 0
      vertex 1.24345 -4.84292 0
    endloop
  endfacet
  facet normal 0 0 -1
    outer loop
      vertex 0.626666 -4.96057 0
      vertex 1.25333 -9.92115 0
      vertex 0.941083 -9.95562 0
    endloop
  endfacet
  facet normal 0 0 -1
    outer loop
      vertex 1.87381 -9.82287 0
      vertex 0.936906 -4.91144 0
      vertex 1.09072 -4.87958 0
    endloop
  endfacet
  facet normal 0 0 -1
    outer loop
      vertex 1.56434 -9.87688 0
      vertex 0.782172 -4.93844 0
      vertex 0.936906 -4.91144 0
    endloop
  endfacet
  facet normal 0 0 -1
    outer loop
      vertex 0.470541 -4.97781 0
      vertex 0.941083 -9.95562 0
      vertex 0.627905 -9.98027 0
    endloop
  endfacet
  facet normal 0 0 -1
    outer loop
      vertex 1.25333 -9.92115 0
      vertex 0.626666 -4.96057 0
      vertex 0.782172 -4.93844 0
    endloop
  endfacet
  facet normal 0 0 -1
    outer loop
      vertex 0.941083 -9.95562 0
      vertex 0.470541 -4.97781 0
      vertex 0.626666 -4.96057 0
    endloop
  endfacet
  facet normal 0 0 -1
    outer loop
      vertex 0.313952 -4.99013 0
      vertex 0.627905 -9.98027 0
      vertex 0.314107 -9.99506 0
    endloop
  endfacet
  facet normal 0 0 -1
    outer loop
      vertex 0.627905 -9.98027 0
      vertex 0.313952 -4.99013 0
      vertex 0.470541 -4.97781 0
    endloop
  endfacet
  facet normal 0 0 -1
    outer loop
      vertex 0.314107 -9.99506 0
      vertex 0.157053 -4.99753 0
      vertex 0.313952 -4.99013 0
    endloop
  endfacet
  facet normal 0 0 -1
    outer loop
      vertex 0 -10 0
      vertex 0.157053 -4.99753 0
      vertex 0.314107 -9.99506 0
    endloop
  endfacet
  facet normal 0 0 -1
    outer loop
      vertex 0 -10 0
      vertex 0 -5 0
      vertex 0.157053 -4.99753 0
    endloop
  endfacet
  facet normal 0 0 -1
    outer loop
      vertex 0 -10 0
      vertex -0.157053 -4.99753 0
      vertex 0 -5 0
    endloop
  endfacet
  facet normal 0 0 -1
    outer loop
      vertex -0.314107 -9.99506 0
      vertex -0.157053 -4.99753 0
      vertex 0 -10 0
    endloop
  endfacet
  facet normal -0 0 -1
    outer loop
      vertex -0.157053 -4.99753 0
      vertex -0.314107 -9.99506 0
      vertex -0.313952 -4.99013 0
    endloop
  endfacet
  facet normal 0 0 -1
    outer loop
      vertex -0.627905 -9.98027 0
      vertex -0.313952 -4.99013 0
      vertex -0.314107 -9.99506 0
    endloop
  endfacet
  facet normal -0 0 -1
    outer loop
      vertex -0.313952 -4.99013 0
      vertex -0.627905 -9.98027 0
      vertex -0.470541 -4.97781 0
    endloop
  endfacet
  facet normal 0 0 -1
    outer loop
      vertex -0.941083 -9.95562 0
      vertex -0.470541 -4.97781 0
      vertex -0.627905 -9.98027 0
    endloop
  endfacet
  facet normal -0 0 -1
    outer loop
      vertex -0.470541 -4.97781 0
      vertex -0.941083 -9.95562 0
      vertex -0.626666 -4.96057 0
    endloop
  endfacet
  facet normal 0 0 -1
    outer loop
      vertex -1.25333 -9.92115 0
      vertex -0.626666 -4.96057 0
      vertex -0.941083 -9.95562 0
    endloop
  endfacet
  facet normal -0 0 -1
    outer loop
      vertex -0.626666 -4.96057 0
      vertex -1.25333 -9.92115 0
      vertex -0.782172 -4.93844 0
    endloop
  endfacet
  facet normal 0 0 -1
    outer loop
      vertex -1.56434 -9.87688 0
      vertex -0.782172 -4.93844 0
      vertex -1.25333 -9.92115 0
    endloop
  endfacet
  facet normal -0 0 -1
    outer loop
      vertex -0.782172 -4.93844 0
      vertex -1.56434 -9.87688 0
      vertex -0.936906 -4.91144 0
    endloop
  endfacet
  facet normal 0 0 -1
    outer loop
      vertex -1.87381 -9.82287 0
      vertex -0.936906 -4.91144 0
      vertex -1.56434 -9.87688 0
    endloop
  endfacet
  facet normal -0 0 -1
    outer loop
      vertex -0.936906 -4.91144 0
      vertex -1.87381 -9.82287 0
      vertex -1.09072 -4.87958 0
    endloop
  endfacet
  facet normal 0 0 -1
    outer loop
      vertex -2.18143 -9.75917 0
      vertex -1.09072 -4.87958 0
      vertex -1.87381 -9.82287 0
    endloop
  endfacet
  facet normal -0 0 -1
    outer loop
      vertex -1.09072 -4.87958 0
      vertex -2.18143 -9.75917 0
      vertex -1.24345 -4.84292 0
    endloop
  endfacet
  facet normal 0 0 -1
    outer loop
      vertex -2.4869 -9.68583 0
      vertex -1.24345 -4.84292 0
      vertex -2.18143 -9.75917 0
    endloop
  endfacet
  facet normal -0 0 -1
    outer loop
      vertex -1.24345 -4.84292 0
      vertex -2.4869 -9.68583 0
      vertex -1.39495 -4.80147 0
    endloop
  endfacet
  facet normal 0 0 -1
    outer loop
      vertex -2.78991 -9.60294 0
      vertex -1.39495 -4.80147 0
      vertex -2.4869 -9.68583 0
    endloop
  endfacet
  facet normal -0 0 -1
    outer loop
      vertex -1.39495 -4.80147 0
      vertex -2.78991 -9.60294 0
      vertex -1.54508 -4.75528 0
    endloop
  endfacet
  facet normal 0 0 -1
    outer loop
      vertex -3.09017 -9.51056 0
      vertex -1.54508 -4.75528 0
      vertex -2.78991 -9.60294 0
    endloop
  endfacet
  facet normal -0 0 -1
    outer loop
      vertex -1.54508 -4.75528 0
      vertex -3.09017 -9.51056 0
      vertex -1.69369 -4.7044 0
    endloop
  endfacet
  facet normal 0 0 -1
    outer loop
      vertex -3.38738 -9.40881 0
      vertex -1.69369 -4.7044 0
      vertex -3.09017 -9.51056 0
    endloop
  endfacet
  facet normal -0 0 -1
    outer loop
      vertex -1.69369 -4.7044 0
      vertex -3.38738 -9.40881 0
      vertex -1.84062 -4.64888 0
    endloop
  endfacet
  facet normal 0 0 -1
    outer loop
      vertex -3.68124 -9.29776 0
      vertex -1.84062 -4.64888 0
      vertex -3.38738 -9.40881 0
    endloop
  endfacet
  facet normal -0 0 -1
    outer loop
      vertex -1.84062 -4.64888 0
      vertex -3.68124 -9.29776 0
      vertex -1.98574 -4.58877 0
    endloop
  endfacet
  facet normal 0 0 -1
    outer loop
      vertex -3.97148 -9.17755 0
      vertex -1.98574 -4.58877 0
      vertex -3.68124 -9.29776 0
    endloop
  endfacet
  facet normal -0 0 -1
    outer loop
      vertex -1.98574 -4.58877 0
      vertex -3.97148 -9.17755 0
      vertex -2.1289 -4.52413 0
    endloop
  endfacet
  facet normal 0 0 -1
    outer loop
      vertex -4.25779 -9.04827 0
      vertex -2.1289 -4.52413 0
      vertex -3.97148 -9.17755 0
    endloop
  endfacet
  facet normal -0 0 -1
    outer loop
      vertex -2.1289 -4.52413 0
      vertex -4.25779 -9.04827 0
      vertex -2.26995 -4.45503 0
    endloop
  endfacet
  facet normal 0 0 -1
    outer loop
      vertex -4.5399 -8.91006 0
      vertex -2.26995 -4.45503 0
      vertex -4.25779 -9.04827 0
    endloop
  endfacet
  facet normal -0 0 -1
    outer loop
      vertex -2.26995 -4.45503 0
      vertex -4.5399 -8.91006 0
      vertex -2.40877 -4.38153 0
    endloop
  endfacet
  facet normal 0 0 -1
    outer loop
      vertex -4.81754 -8.76307 0
      vertex -2.40877 -4.38153 0
      vertex -4.5399 -8.91006 0
    endloop
  endfacet
  facet normal -0 0 -1
    outer loop
      vertex -2.40877 -4.38153 0
      vertex -4.81754 -8.76307 0
      vertex -2.54521 -4.30371 0
    endloop
  endfacet
  facet normal 0 0 -1
    outer loop
      vertex -5.09041 -8.60742 0
      vertex -2.54521 -4.30371 0
      vertex -4.81754 -8.76307 0
    endloop
  endfacet
  facet normal -0 0 -1
    outer loop
      vertex -2.54521 -4.30371 0
      vertex -5.09041 -8.60742 0
      vertex -2.67913 -4.22164 0
    endloop
  endfacet
  facet normal 0 0 -1
    outer loop
      vertex -5.35827 -8.44328 0
      vertex -2.67913 -4.22164 0
      vertex -5.09041 -8.60742 0
    endloop
  endfacet
  facet normal -0 0 -1
    outer loop
      vertex -2.67913 -4.22164 0
      vertex -5.35827 -8.44328 0
      vertex -2.81042 -4.1354 0
    endloop
  endfacet
  facet normal 0 0 -1
    outer loop
      vertex -5.62083 -8.27081 0
      vertex -2.81042 -4.1354 0
      vertex -5.35827 -8.44328 0
    endloop
  endfacet
  facet normal -0 0 -1
    outer loop
      vertex -2.81042 -4.1354 0
      vertex -5.62083 -8.27081 0
      vertex -2.93893 -4.04508 0
    endloop
  endfacet
  facet normal 0 0 -1
    outer loop
      vertex -5.87785 -8.09017 0
      vertex -2.93893 -4.04508 0
      vertex -5.62083 -8.27081 0
    endloop
  endfacet
  facet normal -0 0 -1
    outer loop
      vertex -2.93893 -4.04508 0
      vertex -5.87785 -8.09017 0
      vertex -3.06454 -3.95077 0
    endloop
  endfacet
  facet normal 0 0 -1
    outer loop
      vertex -6.12907 -7.90155 0
      vertex -3.06454 -3.95077 0
      vertex -5.87785 -8.09017 0
    endloop
  endfacet
  facet normal -0 0 -1
    outer loop
      vertex -3.06454 -3.95077 0
      vertex -6.12907 -7.90155 0
      vertex -3.18712 -3.85257 0
    endloop
  endfacet
  facet normal 0 0 -1
    outer loop
      vertex -6.37424 -7.70513 0
      vertex -3.18712 -3.85257 0
      vertex -6.12907 -7.90155 0
    endloop
  endfacet
  facet normal -0 0 -1
    outer loop
      vertex -3.18712 -3.85257 0
      vertex -6.37424 -7.70513 0
      vertex -3.30656 -3.75056 0
    endloop
  endfacet
  facet normal 0 0 -1
    outer loop
      vertex -6.61312 -7.50111 0
      vertex -3.30656 -3.75056 0
      vertex -6.37424 -7.70513 0
    endloop
  endfacet
  facet normal -0 0 -1
    outer loop
      vertex -3.30656 -3.75056 0
      vertex -6.61312 -7.50111 0
      vertex -3.42274 -3.64484 0
    endloop
  endfacet
  facet normal 0 0 -1
    outer loop
      vertex -6.84547 -7.28969 0
      vertex -3.42274 -3.64484 0
      vertex -6.61312 -7.50111 0
    endloop
  endfacet
  facet normal -0 0 -1
    outer loop
      vertex -3.42274 -3.64484 0
      vertex -6.84547 -7.28969 0
      vertex -3.53553 -3.53553 0
    endloop
  endfacet
  facet normal 0 0 -1
    outer loop
      vertex -7.07107 -7.07107 0
      vertex -3.53553 -3.53553 0
      vertex -6.84547 -7.28969 0
    endloop
  endfacet
  facet normal -0 0 -1
    outer loop
      vertex -3.53553 -3.53553 0
      vertex -7.07107 -7.07107 0
      vertex -3.64484 -3.42274 0
    endloop
  endfacet
  facet normal 0 0 -1
    outer loop
      vertex -7.28969 -6.84547 0
      vertex -3.64484 -3.42274 0
      vertex -7.07107 -7.07107 0
    endloop
  endfacet
  facet normal -0 0 -1
    outer loop
      vertex -3.64484 -3.42274 0
      vertex -7.28969 -6.84547 0
      vertex -3.75056 -3.30656 0
    endloop
  endfacet
  facet normal 0 0 -1
    outer loop
      vertex -7.50111 -6.61312 0
      vertex -3.75056 -3.30656 0
      vertex -7.28969 -6.84547 0
    endloop
  endfacet
  facet normal -0 0 -1
    outer loop
      vertex -3.75056 -3.30656 0
      vertex -7.50111 -6.61312 0
      vertex -3.85257 -3.18712 0
    endloop
  endfacet
  facet normal 0 0 -1
    outer loop
      vertex -7.70513 -6.37424 0
      vertex -3.85257 -3.18712 0
      vertex -7.50111 -6.61312 0
    endloop
  endfacet
  facet normal -0 0 -1
    outer loop
      vertex -3.85257 -3.18712 0
      vertex -7.70513 -6.37424 0
      vertex -3.95077 -3.06454 0
    endloop
  endfacet
  facet normal 0 0 -1
    outer loop
      vertex -7.90155 -6.12907 0
      vertex -3.95077 -3.06454 0
      vertex -7.70513 -6.37424 0
    endloop
  endfacet
  facet normal -0 0 -1
    outer loop
      vertex -3.95077 -3.06454 0
      vertex -7.90155 -6.12907 0
      vertex -4.04508 -2.93893 0
    endloop
  endfacet
  facet normal 0 0 -1
    outer loop
      vertex -8.09017 -5.87785 0
      vertex -4.04508 -2.93893 0
      vertex -7.90155 -6.12907 0
    endloop
  endfacet
  facet normal -0 0 -1
    outer loop
      vertex -4.04508 -2.93893 0
      vertex -8.09017 -5.87785 0
      vertex -4.1354 -2.81042 0
    endloop
  endfacet
  facet normal 0 0 -1
    outer loop
      vertex -8.27081 -5.62083 0
      vertex -4.1354 -2.81042 0
      vertex -8.09017 -5.87785 0
    endloop
  endfacet
  facet normal -0 0 -1
    outer loop
      vertex -4.1354 -2.81042 0
      vertex -8.27081 -5.62083 0
      vertex -4.22164 -2.67913 0
    endloop
  endfacet
  facet normal 0 0 -1
    outer loop
      vertex -8.44328 -5.35827 0
      vertex -4.22164 -2.67913 0
      vertex -8.27081 -5.62083 0
    endloop
  endfacet
  facet normal -0 0 -1
    outer loop
      vertex -4.22164 -2.67913 0
      vertex -8.44328 -5.35827 0
      vertex -4.30371 -2.54521 0
    endloop
  endfacet
  facet normal -0 0 -1
    outer loop
      vertex -4.30371 -2.54521 0
      vertex -8.60742 -5.09041 0
      vertex -4.38153 -2.40877 0
    endloop
  endfacet
  facet normal 0 0 -1
    outer loop
      vertex -8.60742 -5.09041 0
      vertex -4.30371 -2.54521 0
      vertex -8.44328 -5.35827 0
    endloop
  endfacet
  facet normal 0 0 -1
    outer loop
      vertex 4.30371 2.54521 0
      vertex 8.60742 5.09041 0
      vertex 4.38153 2.40877 0
    endloop
  endfacet
  facet normal -0 0 -1
    outer loop
      vertex 8.60742 5.09041 0
      vertex 4.30371 2.54521 0
      vertex 8.44328 5.35827 0
    endloop
  endfacet
  facet normal 0 0 -1
    outer loop
      vertex 4.22164 2.67913 0
      vertex 8.44328 5.35827 0
      vertex 4.30371 2.54521 0
    endloop
  endfacet
  facet normal -0 0 -1
    outer loop
      vertex 8.44328 5.35827 0
      vertex 4.22164 2.67913 0
      vertex 8.27081 5.62083 0
    endloop
  endfacet
  facet normal 0 0 -1
    outer loop
      vertex 4.1354 2.81042 0
      vertex 8.27081 5.62083 0
      vertex 4.22164 2.67913 0
    endloop
  endfacet
  facet normal -0 0 -1
    outer loop
      vertex 8.27081 5.62083 0
      vertex 4.1354 2.81042 0
      vertex 8.09017 5.87785 0
    endloop
  endfacet
  facet normal 0 0 -1
    outer loop
      vertex 4.04508 2.93893 0
      vertex 8.09017 5.87785 0
      vertex 4.1354 2.81042 0
    endloop
  endfacet
  facet normal -0 0 -1
    outer loop
      vertex 8.09017 5.87785 0
      vertex 4.04508 2.93893 0
      vertex 7.90155 6.12907 0
    endloop
  endfacet
  facet normal 0 0 -1
    outer loop
      vertex 3.95077 3.06454 0
      vertex 7.90155 6.12907 0
      vertex 4.04508 2.93893 0
    endloop
  endfacet
  facet normal -0 0 -1
    outer loop
      vertex 7.90155 6.12907 0
      vertex 3.95077 3.06454 0
      vertex 7.70513 6.37424 0
    endloop
  endfacet
  facet normal 0 0 -1
    outer loop
      vertex 3.85257 3.18712 0
      vertex 7.70513 6.37424 0
      vertex 3.95077 3.06454 0
    endloop
  endfacet
  facet normal -0 0 -1
    outer loop
      vertex 7.70513 6.37424 0
      vertex 3.85257 3.18712 0
      vertex 7.50111 6.61312 0
    endloop
  endfacet
  facet normal 0 0 -1
    outer loop
      vertex 3.75056 3.30656 0
      vertex 7.50111 6.61312 0
      vertex 3.85257 3.18712 0
    endloop
  endfacet
  facet normal -0 0 -1
    outer loop
      vertex 7.50111 6.61312 0
      vertex 3.75056 3.30656 0
      vertex 7.28969 6.84547 0
    endloop
  endfacet
  facet normal 0 0 -1
    outer loop
      vertex 3.64484 3.42274 0
      vertex 7.28969 6.84547 0
      vertex 3.75056 3.30656 0
    endloop
  endfacet
  facet normal -0 0 -1
    outer loop
      vertex 7.28969 6.84547 0
      vertex 3.64484 3.42274 0
      vertex 7.07107 7.07107 0
    endloop
  endfacet
  facet normal 0 0 -1
    outer loop
      vertex 3.53553 3.53553 0
      vertex 7.07107 7.07107 0
      vertex 3.64484 3.42274 0
    endloop
  endfacet
  facet normal -0 0 -1
    outer loop
      vertex 7.07107 7.07107 0
      vertex 3.53553 3.53553 0
      vertex 6.84547 7.28969 0
    endloop
  endfacet
  facet normal 0 0 -1
    outer loop
      vertex 3.42274 3.64484 0
      vertex 6.84547 7.28969 0
      vertex 3.53553 3.53553 0
    endloop
  endfacet
  facet normal -0 0 -1
    outer loop
      vertex 6.84547 7.28969 0
      vertex 3.42274 3.64484 0
      vertex 6.61312 7.50111 0
    endloop
  endfacet
  facet normal 0 0 -1
    outer loop
      vertex 3.30656 3.75056 0
      vertex 6.61312 7.50111 0
      vertex 3.42274 3.64484 0
    endloop
  endfacet
  facet normal -0 0 -1
    outer loop
      vertex 6.61312 7.50111 0
      vertex 3.30656 3.75056 0
      vertex 6.37424 7.70513 0
    endloop
  endfacet
  facet normal 0 0 -1
    outer loop
      vertex 3.18712 3.85257 0
      vertex 6.37424 7.70513 0
      vertex 3.30656 3.75056 0
    endloop
  endfacet
  facet normal -0 0 -1
    outer loop
      vertex 6.37424 7.70513 0
      vertex 3.18712 3.85257 0
      vertex 6.12907 7.90155 0
    endloop
  endfacet
  facet normal 0 0 -1
    outer loop
      vertex 3.06454 3.95077 0
      vertex 6.12907 7.90155 0
      vertex 3.18712 3.85257 0
    endloop
  endfacet
  facet normal -0 0 -1
    outer loop
      vertex 6.12907 7.90155 0
      vertex 3.06454 3.95077 0
      vertex 5.87785 8.09017 0
    endloop
  endfacet
  facet normal 0 0 -1
    outer loop
      vertex 2.93893 4.04508 0
      vertex 5.87785 8.09017 0
      vertex 3.06454 3.95077 0
    endloop
  endfacet
  facet normal -0 0 -1
    outer loop
      vertex 5.87785 8.09017 0
      vertex 2.93893 4.04508 0
      vertex 5.62083 8.27081 0
    endloop
  endfacet
  facet normal 0 0 -1
    outer loop
      vertex 2.81042 4.1354 0
      vertex 5.62083 8.27081 0
      vertex 2.93893 4.04508 0
    endloop
  endfacet
  facet normal -0 0 -1
    outer loop
      vertex 5.62083 8.27081 0
      vertex 2.81042 4.1354 0
      vertex 5.35827 8.44328 0
    endloop
  endfacet
  facet normal 0 0 -1
    outer loop
      vertex 2.67913 4.22164 0
      vertex 5.35827 8.44328 0
      vertex 2.81042 4.1354 0
    endloop
  endfacet
  facet normal -0 0 -1
    outer loop
      vertex 5.35827 8.44328 0
      vertex 2.67913 4.22164 0
      vertex 5.09041 8.60742 0
    endloop
  endfacet
  facet normal 0 0 -1
    outer loop
      vertex 2.54521 4.30371 0
      vertex 5.09041 8.60742 0
      vertex 2.67913 4.22164 0
    endloop
  endfacet
  facet normal -0 0 -1
    outer loop
      vertex 5.09041 8.60742 0
      vertex 2.54521 4.30371 0
      vertex 4.81754 8.76307 0
    endloop
  endfacet
  facet normal 0 0 -1
    outer loop
      vertex 2.40877 4.38153 0
      vertex 4.81754 8.76307 0
      vertex 2.54521 4.30371 0
    endloop
  endfacet
  facet normal -0 0 -1
    outer loop
      vertex 4.81754 8.76307 0
      vertex 2.40877 4.38153 0
      vertex 4.5399 8.91006 0
    endloop
  endfacet
  facet normal 0 0 -1
    outer loop
      vertex 2.26995 4.45503 0
      vertex 4.5399 8.91006 0
      vertex 2.40877 4.38153 0
    endloop
  endfacet
  facet normal -0 0 -1
    outer loop
      vertex 4.5399 8.91006 0
      vertex 2.26995 4.45503 0
      vertex 4.25779 9.04827 0
    endloop
  endfacet
  facet normal 0 0 -1
    outer loop
      vertex 2.1289 4.52413 0
      vertex 4.25779 9.04827 0
      vertex 2.26995 4.45503 0
    endloop
  endfacet
  facet normal -0 0 -1
    outer loop
      vertex 4.25779 9.04827 0
      vertex 2.1289 4.52413 0
      vertex 3.97148 9.17755 0
    endloop
  endfacet
  facet normal 0 0 -1
    outer loop
      vertex 1.98574 4.58877 0
      vertex 3.97148 9.17755 0
      vertex 2.1289 4.52413 0
    endloop
  endfacet
  facet normal -0 0 -1
    outer loop
      vertex 3.97148 9.17755 0
      vertex 1.98574 4.58877 0
      vertex 3.68124 9.29776 0
    endloop
  endfacet
  facet normal 0 0 -1
    outer loop
      vertex 1.84062 4.64888 0
      vertex 3.68124 9.29776 0
      vertex 1.98574 4.58877 0
    endloop
  endfacet
  facet normal -0 0 -1
    outer loop
      vertex 3.68124 9.29776 0
      vertex 1.84062 4.64888 0
      vertex 3.38738 9.40881 0
    endloop
  endfacet
  facet normal 0 0 -1
    outer loop
      vertex 1.69369 4.7044 0
      vertex 3.38738 9.40881 0
      vertex 1.84062 4.64888 0
    endloop
  endfacet
  facet normal -0 0 -1
    outer loop
      vertex 3.38738 9.40881 0
      vertex 1.69369 4.7044 0
      vertex 3.09017 9.51056 0
    endloop
  endfacet
  facet normal 0 0 -1
    outer loop
      vertex 1.54508 4.75528 0
      vertex 3.09017 9.51056 0
      vertex 1.69369 4.7044 0
    endloop
  endfacet
  facet normal -0 0 -1
    outer loop
      vertex 3.09017 9.51056 0
      vertex 1.54508 4.75528 0
      vertex 2.78991 9.60294 0
    endloop
  endfacet
  facet normal 0 0 -1
    outer loop
      vertex 1.39495 4.80147 0
      vertex 2.78991 9.60294 0
      vertex 1.54508 4.75528 0
    endloop
  endfacet
  facet normal -0 0 -1
    outer loop
      vertex 2.78991 9.60294 0
      vertex 1.39495 4.80147 0
      vertex 2.4869 9.68583 0
    endloop
  endfacet
  facet normal 0 0 -1
    outer loop
      vertex 1.24345 4.84292 0
      vertex 2.4869 9.68583 0
      vertex 1.39495 4.80147 0
    endloop
  endfacet
  facet normal -0 0 -1
    outer loop
      vertex 2.4869 9.68583 0
      vertex 1.24345 4.84292 0
      vertex 2.18143 9.75917 0
    endloop
  endfacet
  facet normal 0 0 -1
    outer loop
      vertex 1.09072 4.87958 0
      vertex 2.18143 9.75917 0
      vertex 1.24345 4.84292 0
    endloop
  endfacet
  facet normal -0 0 -1
    outer loop
      vertex 2.18143 9.75917 0
      vertex 1.09072 4.87958 0
      vertex 1.87381 9.82287 0
    endloop
  endfacet
  facet normal 0 0 -1
    outer loop
      vertex 0.936906 4.91144 0
      vertex 1.87381 9.82287 0
      vertex 1.09072 4.87958 0
    endloop
  endfacet
  facet normal -0 0 -1
    outer loop
      vertex 1.87381 9.82287 0
      vertex 0.936906 4.91144 0
      vertex 1.56434 9.87688 0
    endloop
  endfacet
  facet normal 0 0 -1
    outer loop
      vertex 0.782172 4.93844 0
      vertex 1.56434 9.87688 0
      vertex 0.936906 4.91144 0
    endloop
  endfacet
  facet normal -0 0 -1
    outer loop
      vertex 1.56434 9.87688 0
      vertex 0.782172 4.93844 0
      vertex 1.25333 9.92115 0
    endloop
  endfacet
  facet normal 0 0 -1
    outer loop
      vertex 0.626666 4.96057 0
      vertex 1.25333 9.92115 0
      vertex 0.782172 4.93844 0
    endloop
  endfacet
  facet normal -0 0 -1
    outer loop
      vertex 1.25333 9.92115 0
      vertex 0.626666 4.96057 0
      vertex 0.941083 9.95562 0
    endloop
  endfacet
  facet normal 0 0 -1
    outer loop
      vertex 0.470541 4.97781 0
      vertex 0.941083 9.95562 0
      vertex 0.626666 4.96057 0
    endloop
  endfacet
  facet normal -0 0 -1
    outer loop
      vertex 0.941083 9.95562 0
      vertex 0.470541 4.97781 0
      vertex 0.627905 9.98027 0
    endloop
  endfacet
  facet normal 0 0 -1
    outer loop
      vertex 0.313952 4.99013 0
      vertex 0.627905 9.98027 0
      vertex 0.470541 4.97781 0
    endloop
  endfacet
  facet normal -0 0 -1
    outer loop
      vertex 0.627905 9.98027 0
      vertex 0.313952 4.99013 0
      vertex 0.314107 9.99506 0
    endloop
  endfacet
  facet normal 0 0 -1
    outer loop
      vertex 0.157053 4.99753 0
      vertex 0.314107 9.99506 0
      vertex 0.313952 4.99013 0
    endloop
  endfacet
  facet normal 0 0 -1
    outer loop
      vertex 0 5 0
      vertex 0.314107 9.99506 0
      vertex 0.157053 4.99753 0
    endloop
  endfacet
  facet normal 0 0 -1
    outer loop
      vertex 0 5 0
      vertex 0 10 0
      vertex 0.314107 9.99506 0
    endloop
  endfacet
  facet normal 0 0 -1
    outer loop
      vertex -0.157053 4.99753 0
      vertex 0 10 0
      vertex 0 5 0
    endloop
  endfacet
  facet normal 0 0 -1
    outer loop
      vertex -0.314107 9.99506 0
      vertex -0.157053 4.99753 0
      vertex -0.313952 4.99013 0
    endloop
  endfacet
  facet normal 0 0 -1
    outer loop
      vertex -0.157053 4.99753 0
      vertex -0.314107 9.99506 0
      vertex 0 10 0
    endloop
  endfacet
  facet normal 0 0 -1
    outer loop
      vertex -0.627905 9.98027 0
      vertex -0.313952 4.99013 0
      vertex -0.470541 4.97781 0
    endloop
  endfacet
  facet normal 0 0 -1
    outer loop
      vertex -0.941083 9.95562 0
      vertex -0.470541 4.97781 0
      vertex -0.626666 4.96057 0
    endloop
  endfacet
  facet normal 0 0 -1
    outer loop
      vertex -0.313952 4.99013 0
      vertex -0.627905 9.98027 0
      vertex -0.314107 9.99506 0
    endloop
  endfacet
  facet normal 0 0 -1
    outer loop
      vertex -1.25333 9.92115 0
      vertex -0.626666 4.96057 0
      vertex -0.782172 4.93844 0
    endloop
  endfacet
  facet normal 0 0 -1
    outer loop
      vertex -1.56434 9.87688 0
      vertex -0.782172 4.93844 0
      vertex -0.936906 4.91144 0
    endloop
  endfacet
  facet normal 0 0 -1
    outer loop
      vertex -0.470541 4.97781 0
      vertex -0.941083 9.95562 0
      vertex -0.627905 9.98027 0
    endloop
  endfacet
  facet normal 0 0 -1
    outer loop
      vertex -1.87381 9.82287 0
      vertex -0.936906 4.91144 0
      vertex -1.09072 4.87958 0
    endloop
  endfacet
  facet normal 0 0 -1
    outer loop
      vertex -2.18143 9.75917 0
      vertex -1.09072 4.87958 0
      vertex -1.24345 4.84292 0
    endloop
  endfacet
  facet normal 0 0 -1
    outer loop
      vertex -0.626666 4.96057 0
      vertex -1.25333 9.92115 0
      vertex -0.941083 9.95562 0
    endloop
  endfacet
  facet normal 0 0 -1
    outer loop
      vertex -2.4869 9.68583 0
      vertex -1.24345 4.84292 0
      vertex -1.39495 4.80147 0
    endloop
  endfacet
  facet normal 0 0 -1
    outer loop
      vertex -2.78991 9.60294 0
      vertex -1.39495 4.80147 0
      vertex -1.54508 4.75528 0
    endloop
  endfacet
  facet normal 0 0 -1
    outer loop
      vertex -0.782172 4.93844 0
      vertex -1.56434 9.87688 0
      vertex -1.25333 9.92115 0
    endloop
  endfacet
  facet normal 0 0 -1
    outer loop
      vertex -3.09017 9.51056 0
      vertex -1.54508 4.75528 0
      vertex -1.69369 4.7044 0
    endloop
  endfacet
  facet normal 0 0 -1
    outer loop
      vertex -3.38738 9.40881 0
      vertex -1.69369 4.7044 0
      vertex -1.84062 4.64888 0
    endloop
  endfacet
  facet normal 0 0 -1
    outer loop
      vertex -0.936906 4.91144 0
      vertex -1.87381 9.82287 0
      vertex -1.56434 9.87688 0
    endloop
  endfacet
  facet normal 0 0 -1
    outer loop
      vertex -3.68124 9.29776 0
      vertex -1.84062 4.64888 0
      vertex -1.98574 4.58877 0
    endloop
  endfacet
  facet normal 0 0 -1
    outer loop
      vertex -3.97148 9.17755 0
      vertex -1.98574 4.58877 0
      vertex -2.1289 4.52413 0
    endloop
  endfacet
  facet normal 0 0 -1
    outer loop
      vertex -1.09072 4.87958 0
      vertex -2.18143 9.75917 0
      vertex -1.87381 9.82287 0
    endloop
  endfacet
  facet normal 0 0 -1
    outer loop
      vertex -4.25779 9.04827 0
      vertex -2.1289 4.52413 0
      vertex -2.26995 4.45503 0
    endloop
  endfacet
  facet normal 0 0 -1
    outer loop
      vertex -4.5399 8.91006 0
      vertex -2.26995 4.45503 0
      vertex -2.40877 4.38153 0
    endloop
  endfacet
  facet normal 0 0 -1
    outer loop
      vertex -1.24345 4.84292 0
      vertex -2.4869 9.68583 0
      vertex -2.18143 9.75917 0
    endloop
  endfacet
  facet normal 0 0 -1
    outer loop
      vertex -4.81754 8.76307 0
      vertex -2.40877 4.38153 0
      vertex -2.54521 4.30371 0
    endloop
  endfacet
  facet normal 0 0 -1
    outer loop
      vertex -5.09041 8.60742 0
      vertex -2.54521 4.30371 0
      vertex -2.67913 4.22164 0
    endloop
  endfacet
  facet normal 0 0 -1
    outer loop
      vertex -1.39495 4.80147 0
      vertex -2.78991 9.60294 0
      vertex -2.4869 9.68583 0
    endloop
  endfacet
  facet normal 0 0 -1
    outer loop
      vertex -5.35827 8.44328 0
      vertex -2.67913 4.22164 0
      vertex -2.81042 4.1354 0
    endloop
  endfacet
  facet normal 0 0 -1
    outer loop
      vertex -5.62083 8.27081 0
      vertex -2.81042 4.1354 0
      vertex -2.93893 4.04508 0
    endloop
  endfacet
  facet normal 0 0 -1
    outer loop
      vertex -5.87785 8.09017 0
      vertex -2.93893 4.04508 0
      vertex -3.06454 3.95077 0
    endloop
  endfacet
  facet normal 0 0 -1
    outer loop
      vertex -1.54508 4.75528 0
      vertex -3.09017 9.51056 0
      vertex -2.78991 9.60294 0
    endloop
  endfacet
  facet normal 0 0 -1
    outer loop
      vertex -6.12907 7.90155 0
      vertex -3.06454 3.95077 0
      vertex -3.18712 3.85257 0
    endloop
  endfacet
  facet normal 0 0 -1
    outer loop
      vertex -6.37424 7.70513 0
      vertex -3.18712 3.85257 0
      vertex -3.30656 3.75056 0
    endloop
  endfacet
  facet normal 0 0 -1
    outer loop
      vertex -1.69369 4.7044 0
      vertex -3.38738 9.40881 0
      vertex -3.09017 9.51056 0
    endloop
  endfacet
  facet normal 0 0 -1
    outer loop
      vertex -6.61312 7.50111 0
      vertex -3.30656 3.75056 0
      vertex -3.42274 3.64484 0
    endloop
  endfacet
  facet normal 0 0 -1
    outer loop
      vertex -6.84547 7.28969 0
      vertex -3.42274 3.64484 0
      vertex -3.53553 3.53553 0
    endloop
  endfacet
  facet normal 0 0 -1
    outer loop
      vertex -7.07107 7.07107 0
      vertex -3.53553 3.53553 0
      vertex -3.64484 3.42274 0
    endloop
  endfacet
  facet normal 0 0 -1
    outer loop
      vertex -1.84062 4.64888 0
      vertex -3.68124 9.29776 0
      vertex -3.38738 9.40881 0
    endloop
  endfacet
  facet normal 0 0 -1
    outer loop
      vertex -7.28969 6.84547 0
      vertex -3.64484 3.42274 0
      vertex -3.75056 3.30656 0
    endloop
  endfacet
  facet normal 0 0 -1
    outer loop
      vertex -7.50111 6.61312 0
      vertex -3.75056 3.30656 0
      vertex -3.85257 3.18712 0
    endloop
  endfacet
  facet normal 0 0 -1
    outer loop
      vertex -7.70513 6.37424 0
      vertex -3.85257 3.18712 0
      vertex -3.95077 3.06454 0
    endloop
  endfacet
  facet normal 0 0 -1
    outer loop
      vertex -1.98574 4.58877 0
      vertex -3.97148 9.17755 0
      vertex -3.68124 9.29776 0
    endloop
  endfacet
  facet normal 0 0 -1
    outer loop
      vertex -7.90155 6.12907 0
      vertex -3.95077 3.06454 0
      vertex -4.04508 2.93893 0
    endloop
  endfacet
  facet normal 0 0 -1
    outer loop
      vertex -8.09017 5.87785 0
      vertex -4.04508 2.93893 0
      vertex -4.1354 2.81042 0
    endloop
  endfacet
  facet normal 0 0 -1
    outer loop
      vertex -8.27081 5.62083 0
      vertex -4.1354 2.81042 0
      vertex -4.22164 2.67913 0
    endloop
  endfacet
  facet normal 0 0 -1
    outer loop
      vertex -2.1289 4.52413 0
      vertex -4.25779 9.04827 0
      vertex -3.97148 9.17755 0
    endloop
  endfacet
  facet normal 0 0 -1
    outer loop
      vertex -8.44328 5.35827 0
      vertex -4.22164 2.67913 0
      vertex -4.30371 2.54521 0
    endloop
  endfacet
  facet normal 0 0 -1
    outer loop
      vertex -8.60742 5.09041 0
      vertex -4.30371 2.54521 0
      vertex -4.38153 2.40877 0
    endloop
  endfacet
  facet normal 0 0 -1
    outer loop
      vertex -8.76307 4.81754 0
      vertex -4.38153 2.40877 0
      vertex -4.45503 2.26995 0
    endloop
  endfacet
  facet normal 0 0 -1
    outer loop
      vertex -8.91006 4.5399 0
      vertex -4.45503 2.26995 0
      vertex -4.52413 2.1289 0
    endloop
  endfacet
  facet normal 0 0 -1
    outer loop
      vertex -2.26995 4.45503 0
      vertex -4.5399 8.91006 0
      vertex -4.25779 9.04827 0
    endloop
  endfacet
  facet normal 0 0 -1
    outer loop
      vertex -9.04827 4.25779 0
      vertex -4.52413 2.1289 0
      vertex -4.58877 1.98574 0
    endloop
  endfacet
  facet normal 0 0 -1
    outer loop
      vertex -9.17755 3.97148 0
      vertex -4.58877 1.98574 0
      vertex -4.64888 1.84062 0
    endloop
  endfacet
  facet normal 0 0 -1
    outer loop
      vertex -9.29776 3.68124 0
      vertex -4.64888 1.84062 0
      vertex -4.7044 1.69369 0
    endloop
  endfacet
  facet normal 0 0 -1
    outer loop
      vertex -9.40881 3.38738 0
      vertex -4.7044 1.69369 0
      vertex -4.75528 1.54508 0
    endloop
  endfacet
  facet normal 0 0 -1
    outer loop
      vertex -9.51056 3.09017 0
      vertex -4.75528 1.54508 0
      vertex -4.80147 1.39495 0
    endloop
  endfacet
  facet normal 0 0 -1
    outer loop
      vertex -2.40877 4.38153 0
      vertex -4.81754 8.76307 0
      vertex -4.5399 8.91006 0
    endloop
  endfacet
  facet normal 0 0 -1
    outer loop
      vertex -9.60294 2.78991 0
      vertex -4.80147 1.39495 0
      vertex -4.84292 1.24345 0
    endloop
  endfacet
  facet normal 0 0 -1
    outer loop
      vertex -9.68583 2.4869 0
      vertex -4.84292 1.24345 0
      vertex -4.87958 1.09072 0
    endloop
  endfacet
  facet normal 0 0 -1
    outer loop
      vertex -9.75917 2.18143 0
      vertex -4.87958 1.09072 0
      vertex -4.91144 0.936906 0
    endloop
  endfacet
  facet normal 0 0 -1
    outer loop
      vertex -9.82287 1.87381 0
      vertex -4.91144 0.936906 0
      vertex -4.93844 0.782172 0
    endloop
  endfacet
  facet normal 0 0 -1
    outer loop
      vertex -9.87688 1.56434 0
      vertex -4.93844 0.782172 0
      vertex -4.96057 0.626666 0
    endloop
  endfacet
  facet normal 0 0 -1
    outer loop
      vertex -9.92115 1.25333 0
      vertex -4.96057 0.626666 0
      vertex -4.97781 0.470541 0
    endloop
  endfacet
  facet normal 0 0 -1
    outer loop
      vertex -9.95562 0.941083 0
      vertex -4.97781 0.470541 0
      vertex -4.99013 0.313952 0
    endloop
  endfacet
  facet normal 0 0 -1
    outer loop
      vertex -9.98027 0.627905 0
      vertex -4.99013 0.313952 0
      vertex -4.99753 0.157053 0
    endloop
  endfacet
  facet normal 0 0 -1
    outer loop
      vertex -2.54521 4.30371 0
      vertex -5.09041 8.60742 0
      vertex -4.81754 8.76307 0
    endloop
  endfacet
  facet normal 0 0 -1
    outer loop
      vertex -9.99506 0.314107 0
      vertex -4.99753 0.157053 0
      vertex -5 0 0
    endloop
  endfacet
  facet normal 0 0 -1
    outer loop
      vertex -8.76307 -4.81754 0
      vertex -4.38153 -2.40877 0
      vertex -8.60742 -5.09041 0
    endloop
  endfacet
  facet normal -0 0 -1
    outer loop
      vertex -4.38153 -2.40877 0
      vertex -8.76307 -4.81754 0
      vertex -4.45503 -2.26995 0
    endloop
  endfacet
  facet normal 0 0 -1
    outer loop
      vertex -2.67913 4.22164 0
      vertex -5.35827 8.44328 0
      vertex -5.09041 8.60742 0
    endloop
  endfacet
  facet normal 0 0 -1
    outer loop
      vertex -8.91006 -4.5399 0
      vertex -4.45503 -2.26995 0
      vertex -8.76307 -4.81754 0
    endloop
  endfacet
  facet normal 0 0 -1
    outer loop
      vertex -2.81042 4.1354 0
      vertex -5.62083 8.27081 0
      vertex -5.35827 8.44328 0
    endloop
  endfacet
  facet normal -0 0 -1
    outer loop
      vertex -4.45503 -2.26995 0
      vertex -8.91006 -4.5399 0
      vertex -4.52413 -2.1289 0
    endloop
  endfacet
  facet normal 0 0 -1
    outer loop
      vertex -2.93893 4.04508 0
      vertex -5.87785 8.09017 0
      vertex -5.62083 8.27081 0
    endloop
  endfacet
  facet normal 0 0 -1
    outer loop
      vertex -9.04827 -4.25779 0
      vertex -4.52413 -2.1289 0
      vertex -8.91006 -4.5399 0
    endloop
  endfacet
  facet normal 0 0 -1
    outer loop
      vertex -3.06454 3.95077 0
      vertex -6.12907 7.90155 0
      vertex -5.87785 8.09017 0
    endloop
  endfacet
  facet normal -0 0 -1
    outer loop
      vertex -4.52413 -2.1289 0
      vertex -9.04827 -4.25779 0
      vertex -4.58877 -1.98574 0
    endloop
  endfacet
  facet normal 0 0 -1
    outer loop
      vertex -3.18712 3.85257 0
      vertex -6.37424 7.70513 0
      vertex -6.12907 7.90155 0
    endloop
  endfacet
  facet normal 0 0 -1
    outer loop
      vertex -9.17755 -3.97148 0
      vertex -4.58877 -1.98574 0
      vertex -9.04827 -4.25779 0
    endloop
  endfacet
  facet normal 0 0 -1
    outer loop
      vertex -3.30656 3.75056 0
      vertex -6.61312 7.50111 0
      vertex -6.37424 7.70513 0
    endloop
  endfacet
  facet normal -0 0 -1
    outer loop
      vertex -4.58877 -1.98574 0
      vertex -9.17755 -3.97148 0
      vertex -4.64888 -1.84062 0
    endloop
  endfacet
  facet normal 0 0 -1
    outer loop
      vertex -3.42274 3.64484 0
      vertex -6.84547 7.28969 0
      vertex -6.61312 7.50111 0
    endloop
  endfacet
  facet normal 0 0 -1
    outer loop
      vertex -9.29776 -3.68124 0
      vertex -4.64888 -1.84062 0
      vertex -9.17755 -3.97148 0
    endloop
  endfacet
  facet normal 0 0 -1
    outer loop
      vertex -3.53553 3.53553 0
      vertex -7.07107 7.07107 0
      vertex -6.84547 7.28969 0
    endloop
  endfacet
  facet normal -0 0 -1
    outer loop
      vertex -4.64888 -1.84062 0
      vertex -9.29776 -3.68124 0
      vertex -4.7044 -1.69369 0
    endloop
  endfacet
  facet normal 0 0 -1
    outer loop
      vertex -3.64484 3.42274 0
      vertex -7.28969 6.84547 0
      vertex -7.07107 7.07107 0
    endloop
  endfacet
  facet normal 0 0 -1
    outer loop
      vertex -9.40881 -3.38738 0
      vertex -4.7044 -1.69369 0
      vertex -9.29776 -3.68124 0
    endloop
  endfacet
  facet normal 0 0 -1
    outer loop
      vertex -3.75056 3.30656 0
      vertex -7.50111 6.61312 0
      vertex -7.28969 6.84547 0
    endloop
  endfacet
  facet normal -0 0 -1
    outer loop
      vertex -4.7044 -1.69369 0
      vertex -9.40881 -3.38738 0
      vertex -4.75528 -1.54508 0
    endloop
  endfacet
  facet normal 0 0 -1
    outer loop
      vertex -3.85257 3.18712 0
      vertex -7.70513 6.37424 0
      vertex -7.50111 6.61312 0
    endloop
  endfacet
  facet normal 0 0 -1
    outer loop
      vertex -9.51056 -3.09017 0
      vertex -4.75528 -1.54508 0
      vertex -9.40881 -3.38738 0
    endloop
  endfacet
  facet normal 0 0 -1
    outer loop
      vertex -3.95077 3.06454 0
      vertex -7.90155 6.12907 0
      vertex -7.70513 6.37424 0
    endloop
  endfacet
  facet normal -0 0 -1
    outer loop
      vertex -4.75528 -1.54508 0
      vertex -9.51056 -3.09017 0
      vertex -4.80147 -1.39495 0
    endloop
  endfacet
  facet normal 0 0 -1
    outer loop
      vertex -4.04508 2.93893 0
      vertex -8.09017 5.87785 0
      vertex -7.90155 6.12907 0
    endloop
  endfacet
  facet normal 0 0 -1
    outer loop
      vertex -9.60294 -2.78991 0
      vertex -4.80147 -1.39495 0
      vertex -9.51056 -3.09017 0
    endloop
  endfacet
  facet normal 0 0 -1
    outer loop
      vertex -4.1354 2.81042 0
      vertex -8.27081 5.62083 0
      vertex -8.09017 5.87785 0
    endloop
  endfacet
  facet normal -0 0 -1
    outer loop
      vertex -4.80147 -1.39495 0
      vertex -9.60294 -2.78991 0
      vertex -4.84292 -1.24345 0
    endloop
  endfacet
  facet normal 0 0 -1
    outer loop
      vertex -4.22164 2.67913 0
      vertex -8.44328 5.35827 0
      vertex -8.27081 5.62083 0
    endloop
  endfacet
  facet normal 0 0 -1
    outer loop
      vertex -9.68583 -2.4869 0
      vertex -4.84292 -1.24345 0
      vertex -9.60294 -2.78991 0
    endloop
  endfacet
  facet normal 0 0 -1
    outer loop
      vertex -4.30371 2.54521 0
      vertex -8.60742 5.09041 0
      vertex -8.44328 5.35827 0
    endloop
  endfacet
  facet normal -0 0 -1
    outer loop
      vertex -4.84292 -1.24345 0
      vertex -9.68583 -2.4869 0
      vertex -4.87958 -1.09072 0
    endloop
  endfacet
  facet normal 0 0 -1
    outer loop
      vertex -4.38153 2.40877 0
      vertex -8.76307 4.81754 0
      vertex -8.60742 5.09041 0
    endloop
  endfacet
  facet normal 0 0 -1
    outer loop
      vertex -9.75917 -2.18143 0
      vertex -4.87958 -1.09072 0
      vertex -9.68583 -2.4869 0
    endloop
  endfacet
  facet normal 0 0 -1
    outer loop
      vertex -4.45503 2.26995 0
      vertex -8.91006 4.5399 0
      vertex -8.76307 4.81754 0
    endloop
  endfacet
  facet normal -0 0 -1
    outer loop
      vertex -4.87958 -1.09072 0
      vertex -9.75917 -2.18143 0
      vertex -4.91144 -0.936906 0
    endloop
  endfacet
  facet normal 0 0 -1
    outer loop
      vertex -4.52413 2.1289 0
      vertex -9.04827 4.25779 0
      vertex -8.91006 4.5399 0
    endloop
  endfacet
  facet normal 0 0 -1
    outer loop
      vertex -9.82287 -1.87381 0
      vertex -4.91144 -0.936906 0
      vertex -9.75917 -2.18143 0
    endloop
  endfacet
  facet normal 0 0 -1
    outer loop
      vertex -4.58877 1.98574 0
      vertex -9.17755 3.97148 0
      vertex -9.04827 4.25779 0
    endloop
  endfacet
  facet normal -0 0 -1
    outer loop
      vertex -4.91144 -0.936906 0
      vertex -9.82287 -1.87381 0
      vertex -4.93844 -0.782172 0
    endloop
  endfacet
  facet normal 0 0 -1
    outer loop
      vertex -4.64888 1.84062 0
      vertex -9.29776 3.68124 0
      vertex -9.17755 3.97148 0
    endloop
  endfacet
  facet normal 0 0 -1
    outer loop
      vertex -9.87688 -1.56434 0
      vertex -4.93844 -0.782172 0
      vertex -9.82287 -1.87381 0
    endloop
  endfacet
  facet normal 0 0 -1
    outer loop
      vertex -4.7044 1.69369 0
      vertex -9.40881 3.38738 0
      vertex -9.29776 3.68124 0
    endloop
  endfacet
  facet normal -0 0 -1
    outer loop
      vertex -4.93844 -0.782172 0
      vertex -9.87688 -1.56434 0
      vertex -4.96057 -0.626666 0
    endloop
  endfacet
  facet normal 0 0 -1
    outer loop
      vertex -4.75528 1.54508 0
      vertex -9.51056 3.09017 0
      vertex -9.40881 3.38738 0
    endloop
  endfacet
  facet normal 0 0 -1
    outer loop
      vertex -9.92115 -1.25333 0
      vertex -4.96057 -0.626666 0
      vertex -9.87688 -1.56434 0
    endloop
  endfacet
  facet normal 0 0 -1
    outer loop
      vertex -4.80147 1.39495 0
      vertex -9.60294 2.78991 0
      vertex -9.51056 3.09017 0
    endloop
  endfacet
  facet normal -0 0 -1
    outer loop
      vertex -4.96057 -0.626666 0
      vertex -9.92115 -1.25333 0
      vertex -4.97781 -0.470541 0
    endloop
  endfacet
  facet normal 0 0 -1
    outer loop
      vertex -4.84292 1.24345 0
      vertex -9.68583 2.4869 0
      vertex -9.60294 2.78991 0
    endloop
  endfacet
  facet normal 0 0 -1
    outer loop
      vertex -9.95562 -0.941083 0
      vertex -4.97781 -0.470541 0
      vertex -9.92115 -1.25333 0
    endloop
  endfacet
  facet normal 0 0 -1
    outer loop
      vertex -4.87958 1.09072 0
      vertex -9.75917 2.18143 0
      vertex -9.68583 2.4869 0
    endloop
  endfacet
  facet normal -0 0 -1
    outer loop
      vertex -4.97781 -0.470541 0
      vertex -9.95562 -0.941083 0
      vertex -4.99013 -0.313952 0
    endloop
  endfacet
  facet normal 0 0 -1
    outer loop
      vertex -4.91144 0.936906 0
      vertex -9.82287 1.87381 0
      vertex -9.75917 2.18143 0
    endloop
  endfacet
  facet normal 0 0 -1
    outer loop
      vertex -9.98027 -0.627905 0
      vertex -4.99013 -0.313952 0
      vertex -9.95562 -0.941083 0
    endloop
  endfacet
  facet normal 0 0 -1
    outer loop
      vertex -4.93844 0.782172 0
      vertex -9.87688 1.56434 0
      vertex -9.82287 1.87381 0
    endloop
  endfacet
  facet normal -0 0 -1
    outer loop
      vertex -4.99013 -0.313952 0
      vertex -9.98027 -0.627905 0
      vertex -4.99753 -0.157053 0
    endloop
  endfacet
  facet normal 0 0 -1
    outer loop
      vertex -4.96057 0.626666 0
      vertex -9.92115 1.25333 0
      vertex -9.87688 1.56434 0
    endloop
  endfacet
  facet normal 0 0 -1
    outer loop
      vertex -9.99506 -0.314107 0
      vertex -4.99753 -0.157053 0
      vertex -9.98027 -0.627905 0
    endloop
  endfacet
  facet normal 0 0 -1
    outer loop
      vertex -4.97781 0.470541 0
      vertex -9.95562 0.941083 0
      vertex -9.92115 1.25333 0
    endloop
  endfacet
  facet normal -0 0 -1
    outer loop
      vertex -4.99753 -0.157053 0
      vertex -9.99506 -0.314107 0
      vertex -5 0 0
    endloop
  endfacet
  facet normal 0 0 -1
    outer loop
      vertex -4.99013 0.313952 0
      vertex -9.98027 0.627905 0
      vertex -9.95562 0.941083 0
    endloop
  endfacet
  facet normal 0 0 -1
    outer loop
      vertex -10 0 0
      vertex -5 0 0
      vertex -9.99506 -0.314107 0
    endloop
  endfacet
  facet normal 0 0 -1
    outer loop
      vertex -4.99753 0.157053 0
      vertex -9.99506 0.314107 0
      vertex -9.98027 0.627905 0
    endloop
  endfacet
  facet normal 0 0 -1
    outer loop
      vertex -5 0 0
      vertex -10 0 0
      vertex -9.99506 0.314107 0
    endloop
  endfacet
  facet normal 0.993962 0.109727 0
    outer loop
      vertex 9.95562 0.941083 40
      vertex 9.92115 1.25333 0
      vertex 9.92115 1.25333 40
    endloop
  endfacet
  facet normal 0.993962 0.109727 0
    outer loop
      vertex 9.92115 1.25333 0
      vertex 9.95562 0.941083 40
      vertex 9.95562 0.941083 0
    endloop
  endfacet
  facet normal 0.98511 0.171926 0
    outer loop
      vertex 9.87688 1.56434 40
      vertex 9.82287 1.87381 0
      vertex 9.82287 1.87381 40
    endloop
  endfacet
  facet normal 0.98511 0.171926 0
    outer loop
      vertex 9.82287 1.87381 0
      vertex 9.87688 1.56434 40
      vertex 9.87688 1.56434 0
    endloop
  endfacet
  facet normal 0.972368 0.233455 0
    outer loop
      vertex 9.75917 2.18143 40
      vertex 9.68583 2.4869 0
      vertex 9.68583 2.4869 40
    endloop
  endfacet
  facet normal 0.972368 0.233455 0
    outer loop
      vertex 9.68583 2.4869 0
      vertex 9.75917 2.18143 40
      vertex 9.75917 2.18143 0
    endloop
  endfacet
  facet normal 0.964561 0.263861 0
    outer loop
      vertex 9.68583 2.4869 40
      vertex 9.60294 2.78991 0
      vertex 9.60294 2.78991 40
    endloop
  endfacet
  facet normal 0.964561 0.263861 0
    outer loop
      vertex 9.60294 2.78991 0
      vertex 9.68583 2.4869 40
      vertex 9.68583 2.4869 0
    endloop
  endfacet
  facet normal 0.818145 0.575012 0
    outer loop
      vertex 8.27081 5.62083 40
      vertex 8.09017 5.87785 0
      vertex 8.09017 5.87785 40
    endloop
  endfacet
  facet normal 0.818145 0.575012 0
    outer loop
      vertex 8.09017 5.87785 0
      vertex 8.27081 5.62083 40
      vertex 8.27081 5.62083 0
    endloop
  endfacet
  facet normal 0.780428 0.625246 0
    outer loop
      vertex 7.90155 6.12907 40
      vertex 7.70513 6.37424 0
      vertex 7.70513 6.37424 40
    endloop
  endfacet
  facet normal 0.780428 0.625246 0
    outer loop
      vertex 7.70513 6.37424 0
      vertex 7.90155 6.12907 40
      vertex 7.90155 6.12907 0
    endloop
  endfacet
  facet normal 0.883782 0.467898 0
    outer loop
      vertex 8.91006 4.5399 40
      vertex 8.76307 4.81754 0
      vertex 8.76307 4.81754 40
    endloop
  endfacet
  facet normal 0.883782 0.467898 0
    outer loop
      vertex 8.76307 4.81754 0
      vertex 8.91006 4.5399 40
      vertex 8.91006 4.5399 0
    endloop
  endfacet
  facet normal 0.04708 0.998891 -0
    outer loop
      vertex 0.627905 9.98027 0
      vertex 0.314107 9.99506 40
      vertex 0.627905 9.98027 40
    endloop
  endfacet
  facet normal 0.04708 0.998891 0
    outer loop
      vertex 0.314107 9.99506 40
      vertex 0.627905 9.98027 0
      vertex 0.314107 9.99506 0
    endloop
  endfacet
  facet normal 0.467898 0.883782 -0
    outer loop
      vertex 4.81754 8.76307 0
      vertex 4.5399 8.91006 40
      vertex 4.81754 8.76307 40
    endloop
  endfacet
  facet normal 0.467898 0.883782 0
    outer loop
      vertex 4.5399 8.91006 40
      vertex 4.81754 8.76307 0
      vertex 4.5399 8.91006 0
    endloop
  endfacet
  facet normal 0.439954 0.89802 -0
    outer loop
      vertex 4.5399 8.91006 0
      vertex 4.25779 9.04827 40
      vertex 4.5399 8.91006 40
    endloop
  endfacet
  facet normal 0.439954 0.89802 0
    outer loop
      vertex 4.25779 9.04827 40
      vertex 4.5399 8.91006 0
      vertex 4.25779 9.04827 0
    endloop
  endfacet
  facet normal 0.69591 0.718129 -0
    outer loop
      vertex 7.07107 7.07107 0
      vertex 6.84547 7.28969 40
      vertex 7.07107 7.07107 40
    endloop
  endfacet
  facet normal 0.69591 0.718129 0
    outer loop
      vertex 6.84547 7.28969 40
      vertex 7.07107 7.07107 0
      vertex 6.84547 7.28969 0
    endloop
  endfacet
  facet normal -0.799687 0.600418 0
    outer loop
      vertex -8.09017 5.87785 0
      vertex -7.90155 6.12907 40
      vertex -7.90155 6.12907 0
    endloop
  endfacet
  facet normal -0.799687 0.600418 0
    outer loop
      vertex -7.90155 6.12907 40
      vertex -8.09017 5.87785 0
      vertex -8.09017 5.87785 40
    endloop
  endfacet
  facet normal -0.89802 0.439954 0
    outer loop
      vertex -9.04827 4.25779 0
      vertex -8.91006 4.5399 40
      vertex -8.91006 4.5399 0
    endloop
  endfacet
  facet normal -0.89802 0.439954 0
    outer loop
      vertex -8.91006 4.5399 40
      vertex -9.04827 4.25779 0
      vertex -9.04827 4.25779 40
    endloop
  endfacet
  facet normal -0.883782 0.467898 0
    outer loop
      vertex -8.91006 4.5399 0
      vertex -8.76307 4.81754 40
      vertex -8.76307 4.81754 0
    endloop
  endfacet
  facet normal -0.883782 0.467898 0
    outer loop
      vertex -8.76307 4.81754 40
      vertex -8.91006 4.5399 0
      vertex -8.91006 4.5399 40
    endloop
  endfacet
  facet normal -0.911396 0.41153 0
    outer loop
      vertex -9.17755 3.97148 0
      vertex -9.04827 4.25779 40
      vertex -9.04827 4.25779 0
    endloop
  endfacet
  facet normal -0.911396 0.41153 0
    outer loop
      vertex -9.04827 4.25779 40
      vertex -9.17755 3.97148 0
      vertex -9.17755 3.97148 40
    endloop
  endfacet
  facet normal -0.852647 0.522487 0
    outer loop
      vertex -8.60742 5.09041 0
      vertex -8.44328 5.35827 40
      vertex -8.44328 5.35827 0
    endloop
  endfacet
  facet normal -0.852647 0.522487 0
    outer loop
      vertex -8.44328 5.35827 40
      vertex -8.60742 5.09041 0
      vertex -8.60742 5.09041 40
    endloop
  endfacet
  facet normal -0.835807 0.549024 0
    outer loop
      vertex -8.44328 5.35827 0
      vertex -8.27081 5.62083 40
      vertex -8.27081 5.62083 0
    endloop
  endfacet
  facet normal -0.835807 0.549024 0
    outer loop
      vertex -8.27081 5.62083 40
      vertex -8.44328 5.35827 0
      vertex -8.44328 5.35827 40
    endloop
  endfacet
  facet normal -0.946093 0.323895 0
    outer loop
      vertex -9.51056 3.09017 0
      vertex -9.40881 3.38738 40
      vertex -9.40881 3.38738 0
    endloop
  endfacet
  facet normal -0.946093 0.323895 0
    outer loop
      vertex -9.40881 3.38738 40
      vertex -9.51056 3.09017 0
      vertex -9.51056 3.09017 40
    endloop
  endfacet
  facet normal -0.935434 0.353501 0
    outer loop
      vertex -9.40881 3.38738 0
      vertex -9.29776 3.68124 40
      vertex -9.29776 3.68124 0
    endloop
  endfacet
  facet normal -0.935434 0.353501 0
    outer loop
      vertex -9.29776 3.68124 40
      vertex -9.40881 3.38738 0
      vertex -9.40881 3.38738 40
    endloop
  endfacet
  facet normal -0.98511 0.171926 0
    outer loop
      vertex -9.87688 1.56434 0
      vertex -9.82287 1.87381 40
      vertex -9.82287 1.87381 0
    endloop
  endfacet
  facet normal -0.98511 0.171926 0
    outer loop
      vertex -9.82287 1.87381 40
      vertex -9.87688 1.56434 0
      vertex -9.87688 1.56434 40
    endloop
  endfacet
  facet normal -0.990021 0.140922 0
    outer loop
      vertex -9.92115 1.25333 0
      vertex -9.87688 1.56434 40
      vertex -9.87688 1.56434 0
    endloop
  endfacet
  facet normal -0.990021 0.140922 0
    outer loop
      vertex -9.87688 1.56434 40
      vertex -9.92115 1.25333 0
      vertex -9.92115 1.25333 40
    endloop
  endfacet
  facet normal -0.998891 0.04708 0
    outer loop
      vertex -9.99506 0.314107 0
      vertex -9.98027 0.627905 40
      vertex -9.98027 0.627905 0
    endloop
  endfacet
  facet normal -0.998891 0.04708 0
    outer loop
      vertex -9.98027 0.627905 40
      vertex -9.99506 0.314107 0
      vertex -9.99506 0.314107 40
    endloop
  endfacet
  facet normal 0 0 1
    outer loop
      vertex 5 0 40
      vertex 10 0 40
      vertex 9.99506 0.314107 40
    endloop
  endfacet
  facet normal 0 0 1
    outer loop
      vertex 4.99753 0.157053 40
      vertex 9.99506 0.314107 40
      vertex 9.98027 0.627905 40
    endloop
  endfacet
  facet normal 0 0 1
    outer loop
      vertex 10 0 40
      vertex 5 0 40
      vertex 9.99506 -0.314107 40
    endloop
  endfacet
  facet normal 0 0 1
    outer loop
      vertex 4.99013 0.313952 40
      vertex 9.98027 0.627905 40
      vertex 9.95562 0.941083 40
    endloop
  endfacet
  facet normal -0 0 1
    outer loop
      vertex 4.99753 -0.157053 40
      vertex 9.99506 -0.314107 40
      vertex 5 0 40
    endloop
  endfacet
  facet normal 0 0 1
    outer loop
      vertex 4.97781 0.470541 40
      vertex 9.95562 0.941083 40
      vertex 9.92115 1.25333 40
    endloop
  endfacet
  facet normal 0 0 1
    outer loop
      vertex 9.99506 -0.314107 40
      vertex 4.99753 -0.157053 40
      vertex 9.98027 -0.627905 40
    endloop
  endfacet
  facet normal 0 0 1
    outer loop
      vertex 4.96057 0.626666 40
      vertex 9.92115 1.25333 40
      vertex 9.87688 1.56434 40
    endloop
  endfacet
  facet normal -0 0 1
    outer loop
      vertex 4.99013 -0.313952 40
      vertex 9.98027 -0.627905 40
      vertex 4.99753 -0.157053 40
    endloop
  endfacet
  facet normal 0 0 1
    outer loop
      vertex 4.93844 0.782172 40
      vertex 9.87688 1.56434 40
      vertex 9.82287 1.87381 40
    endloop
  endfacet
  facet normal 0 0 1
    outer loop
      vertex 9.98027 -0.627905 40
      vertex 4.99013 -0.313952 40
      vertex 9.95562 -0.941083 40
    endloop
  endfacet
  facet normal 0 0 1
    outer loop
      vertex 4.91144 0.936906 40
      vertex 9.82287 1.87381 40
      vertex 9.75917 2.18143 40
    endloop
  endfacet
  facet normal -0 0 1
    outer loop
      vertex 4.97781 -0.470541 40
      vertex 9.95562 -0.941083 40
      vertex 4.99013 -0.313952 40
    endloop
  endfacet
  facet normal 0 0 1
    outer loop
      vertex 4.87958 1.09072 40
      vertex 9.75917 2.18143 40
      vertex 9.68583 2.4869 40
    endloop
  endfacet
  facet normal 0 0 1
    outer loop
      vertex 9.95562 -0.941083 40
      vertex 4.97781 -0.470541 40
      vertex 9.92115 -1.25333 40
    endloop
  endfacet
  facet normal 0 0 1
    outer loop
      vertex 4.84292 1.24345 40
      vertex 9.68583 2.4869 40
      vertex 9.60294 2.78991 40
    endloop
  endfacet
  facet normal -0 0 1
    outer loop
      vertex 4.96057 -0.626666 40
      vertex 9.92115 -1.25333 40
      vertex 4.97781 -0.470541 40
    endloop
  endfacet
  facet normal 0 0 1
    outer loop
      vertex 4.80147 1.39495 40
      vertex 9.60294 2.78991 40
      vertex 9.51056 3.09017 40
    endloop
  endfacet
  facet normal 0 0 1
    outer loop
      vertex 9.92115 -1.25333 40
      vertex 4.96057 -0.626666 40
      vertex 9.87688 -1.56434 40
    endloop
  endfacet
  facet normal 0 0 1
    outer loop
      vertex 4.75528 1.54508 40
      vertex 9.51056 3.09017 40
      vertex 9.40881 3.38738 40
    endloop
  endfacet
  facet normal -0 0 1
    outer loop
      vertex 4.93844 -0.782172 40
      vertex 9.87688 -1.56434 40
      vertex 4.96057 -0.626666 40
    endloop
  endfacet
  facet normal 0 0 1
    outer loop
      vertex 4.7044 1.69369 40
      vertex 9.40881 3.38738 40
      vertex 9.29776 3.68124 40
    endloop
  endfacet
  facet normal 0 0 1
    outer loop
      vertex 9.87688 -1.56434 40
      vertex 4.93844 -0.782172 40
      vertex 9.82287 -1.87381 40
    endloop
  endfacet
  facet normal 0 0 1
    outer loop
      vertex 4.64888 1.84062 40
      vertex 9.29776 3.68124 40
      vertex 9.17755 3.97148 40
    endloop
  endfacet
  facet normal -0 0 1
    outer loop
      vertex 4.91144 -0.936906 40
      vertex 9.82287 -1.87381 40
      vertex 4.93844 -0.782172 40
    endloop
  endfacet
  facet normal 0 0 1
    outer loop
      vertex 4.58877 1.98574 40
      vertex 9.17755 3.97148 40
      vertex 9.04827 4.25779 40
    endloop
  endfacet
  facet normal 0 0 1
    outer loop
      vertex 9.82287 -1.87381 40
      vertex 4.91144 -0.936906 40
      vertex 9.75917 -2.18143 40
    endloop
  endfacet
  facet normal 0 0 1
    outer loop
      vertex 4.52413 2.1289 40
      vertex 9.04827 4.25779 40
      vertex 8.91006 4.5399 40
    endloop
  endfacet
  facet normal -0 0 1
    outer loop
      vertex 4.87958 -1.09072 40
      vertex 9.75917 -2.18143 40
      vertex 4.91144 -0.936906 40
    endloop
  endfacet
  facet normal 0 0 1
    outer loop
      vertex 4.45503 2.26995 40
      vertex 8.91006 4.5399 40
      vertex 8.76307 4.81754 40
    endloop
  endfacet
  facet normal 0 0 1
    outer loop
      vertex 9.75917 -2.18143 40
      vertex 4.87958 -1.09072 40
      vertex 9.68583 -2.4869 40
    endloop
  endfacet
  facet normal 0 0 1
    outer loop
      vertex 4.38153 2.40877 40
      vertex 8.76307 4.81754 40
      vertex 8.60742 5.09041 40
    endloop
  endfacet
  facet normal -0 0 1
    outer loop
      vertex 4.84292 -1.24345 40
      vertex 9.68583 -2.4869 40
      vertex 4.87958 -1.09072 40
    endloop
  endfacet
  facet normal 0 0 1
    outer loop
      vertex 4.30371 2.54521 40
      vertex 8.60742 5.09041 40
      vertex 8.44328 5.35827 40
    endloop
  endfacet
  facet normal 0 0 1
    outer loop
      vertex 9.68583 -2.4869 40
      vertex 4.84292 -1.24345 40
      vertex 9.60294 -2.78991 40
    endloop
  endfacet
  facet normal 0 0 1
    outer loop
      vertex 4.22164 2.67913 40
      vertex 8.44328 5.35827 40
      vertex 8.27081 5.62083 40
    endloop
  endfacet
  facet normal -0 0 1
    outer loop
      vertex 4.80147 -1.39495 40
      vertex 9.60294 -2.78991 40
      vertex 4.84292 -1.24345 40
    endloop
  endfacet
  facet normal 0 0 1
    outer loop
      vertex 4.1354 2.81042 40
      vertex 8.27081 5.62083 40
      vertex 8.09017 5.87785 40
    endloop
  endfacet
  facet normal 0 0 1
    outer loop
      vertex 9.60294 -2.78991 40
      vertex 4.80147 -1.39495 40
      vertex 9.51056 -3.09017 40
    endloop
  endfacet
  facet normal 0 0 1
    outer loop
      vertex 4.04508 2.93893 40
      vertex 8.09017 5.87785 40
      vertex 7.90155 6.12907 40
    endloop
  endfacet
  facet normal -0 0 1
    outer loop
      vertex 4.75528 -1.54508 40
      vertex 9.51056 -3.09017 40
      vertex 4.80147 -1.39495 40
    endloop
  endfacet
  facet normal 0 0 1
    outer loop
      vertex 3.95077 3.06454 40
      vertex 7.90155 6.12907 40
      vertex 7.70513 6.37424 40
    endloop
  endfacet
  facet normal 0 0 1
    outer loop
      vertex 9.51056 -3.09017 40
      vertex 4.75528 -1.54508 40
      vertex 9.40881 -3.38738 40
    endloop
  endfacet
  facet normal 0 0 1
    outer loop
      vertex 3.85257 3.18712 40
      vertex 7.70513 6.37424 40
      vertex 7.50111 6.61312 40
    endloop
  endfacet
  facet normal -0 0 1
    outer loop
      vertex 4.7044 -1.69369 40
      vertex 9.40881 -3.38738 40
      vertex 4.75528 -1.54508 40
    endloop
  endfacet
  facet normal 0 0 1
    outer loop
      vertex 3.75056 3.30656 40
      vertex 7.50111 6.61312 40
      vertex 7.28969 6.84547 40
    endloop
  endfacet
  facet normal 0 0 1
    outer loop
      vertex 9.40881 -3.38738 40
      vertex 4.7044 -1.69369 40
      vertex 9.29776 -3.68124 40
    endloop
  endfacet
  facet normal 0 0 1
    outer loop
      vertex 3.64484 3.42274 40
      vertex 7.28969 6.84547 40
      vertex 7.07107 7.07107 40
    endloop
  endfacet
  facet normal -0 0 1
    outer loop
      vertex 4.64888 -1.84062 40
      vertex 9.29776 -3.68124 40
      vertex 4.7044 -1.69369 40
    endloop
  endfacet
  facet normal 0 0 1
    outer loop
      vertex 3.53553 3.53553 40
      vertex 7.07107 7.07107 40
      vertex 6.84547 7.28969 40
    endloop
  endfacet
  facet normal 0 0 1
    outer loop
      vertex 9.29776 -3.68124 40
      vertex 4.64888 -1.84062 40
      vertex 9.17755 -3.97148 40
    endloop
  endfacet
  facet normal 0 0 1
    outer loop
      vertex 3.42274 3.64484 40
      vertex 6.84547 7.28969 40
      vertex 6.61312 7.50111 40
    endloop
  endfacet
  facet normal -0 0 1
    outer loop
      vertex 4.58877 -1.98574 40
      vertex 9.17755 -3.97148 40
      vertex 4.64888 -1.84062 40
    endloop
  endfacet
  facet normal 0 0 1
    outer loop
      vertex 3.30656 3.75056 40
      vertex 6.61312 7.50111 40
      vertex 6.37424 7.70513 40
    endloop
  endfacet
  facet normal 0 0 1
    outer loop
      vertex 9.17755 -3.97148 40
      vertex 4.58877 -1.98574 40
      vertex 9.04827 -4.25779 40
    endloop
  endfacet
  facet normal 0 0 1
    outer loop
      vertex 3.18712 3.85257 40
      vertex 6.37424 7.70513 40
      vertex 6.12907 7.90155 40
    endloop
  endfacet
  facet normal -0 0 1
    outer loop
      vertex 4.52413 -2.1289 40
      vertex 9.04827 -4.25779 40
      vertex 4.58877 -1.98574 40
    endloop
  endfacet
  facet normal 0 0 1
    outer loop
      vertex 3.06454 3.95077 40
      vertex 6.12907 7.90155 40
      vertex 5.87785 8.09017 40
    endloop
  endfacet
  facet normal 0 0 1
    outer loop
      vertex 9.04827 -4.25779 40
      vertex 4.52413 -2.1289 40
      vertex 8.91006 -4.5399 40
    endloop
  endfacet
  facet normal 0 0 1
    outer loop
      vertex 2.93893 4.04508 40
      vertex 5.87785 8.09017 40
      vertex 5.62083 8.27081 40
    endloop
  endfacet
  facet normal -0 0 1
    outer loop
      vertex 4.45503 -2.26995 40
      vertex 8.91006 -4.5399 40
      vertex 4.52413 -2.1289 40
    endloop
  endfacet
  facet normal 0 0 1
    outer loop
      vertex 2.81042 4.1354 40
      vertex 5.62083 8.27081 40
      vertex 5.35827 8.44328 40
    endloop
  endfacet
  facet normal 0 0 1
    outer loop
      vertex 8.91006 -4.5399 40
      vertex 4.45503 -2.26995 40
      vertex 8.76307 -4.81754 40
    endloop
  endfacet
  facet normal 0 0 1
    outer loop
      vertex 2.67913 4.22164 40
      vertex 5.35827 8.44328 40
      vertex 5.09041 8.60742 40
    endloop
  endfacet
  facet normal -0 0 1
    outer loop
      vertex 4.38153 -2.40877 40
      vertex 8.76307 -4.81754 40
      vertex 4.45503 -2.26995 40
    endloop
  endfacet
  facet normal 0 0 1
    outer loop
      vertex 8.76307 -4.81754 40
      vertex 4.38153 -2.40877 40
      vertex 8.60742 -5.09041 40
    endloop
  endfacet
  facet normal 0 0 1
    outer loop
      vertex 9.99506 0.314107 40
      vertex 4.99753 0.157053 40
      vertex 5 0 40
    endloop
  endfacet
  facet normal 0 0 1
    outer loop
      vertex 9.98027 0.627905 40
      vertex 4.99013 0.313952 40
      vertex 4.99753 0.157053 40
    endloop
  endfacet
  facet normal 0 0 1
    outer loop
      vertex 9.95562 0.941083 40
      vertex 4.97781 0.470541 40
      vertex 4.99013 0.313952 40
    endloop
  endfacet
  facet normal 0 0 1
    outer loop
      vertex 9.92115 1.25333 40
      vertex 4.96057 0.626666 40
      vertex 4.97781 0.470541 40
    endloop
  endfacet
  facet normal 0 0 1
    outer loop
      vertex 9.87688 1.56434 40
      vertex 4.93844 0.782172 40
      vertex 4.96057 0.626666 40
    endloop
  endfacet
  facet normal 0 0 1
    outer loop
      vertex 9.82287 1.87381 40
      vertex 4.91144 0.936906 40
      vertex 4.93844 0.782172 40
    endloop
  endfacet
  facet normal 0 0 1
    outer loop
      vertex 9.75917 2.18143 40
      vertex 4.87958 1.09072 40
      vertex 4.91144 0.936906 40
    endloop
  endfacet
  facet normal 0 0 1
    outer loop
      vertex 9.68583 2.4869 40
      vertex 4.84292 1.24345 40
      vertex 4.87958 1.09072 40
    endloop
  endfacet
  facet normal 0 0 1
    outer loop
      vertex 2.54521 4.30371 40
      vertex 5.09041 8.60742 40
      vertex 4.81754 8.76307 40
    endloop
  endfacet
  facet normal 0 0 1
    outer loop
      vertex 9.60294 2.78991 40
      vertex 4.80147 1.39495 40
      vertex 4.84292 1.24345 40
    endloop
  endfacet
  facet normal 0 0 1
    outer loop
      vertex 9.51056 3.09017 40
      vertex 4.75528 1.54508 40
      vertex 4.80147 1.39495 40
    endloop
  endfacet
  facet normal 0 0 1
    outer loop
      vertex 9.40881 3.38738 40
      vertex 4.7044 1.69369 40
      vertex 4.75528 1.54508 40
    endloop
  endfacet
  facet normal 0 0 1
    outer loop
      vertex 9.29776 3.68124 40
      vertex 4.64888 1.84062 40
      vertex 4.7044 1.69369 40
    endloop
  endfacet
  facet normal 0 0 1
    outer loop
      vertex 9.17755 3.97148 40
      vertex 4.58877 1.98574 40
      vertex 4.64888 1.84062 40
    endloop
  endfacet
  facet normal 0 0 1
    outer loop
      vertex 2.40877 4.38153 40
      vertex 4.81754 8.76307 40
      vertex 4.5399 8.91006 40
    endloop
  endfacet
  facet normal 0 0 1
    outer loop
      vertex 9.04827 4.25779 40
      vertex 4.52413 2.1289 40
      vertex 4.58877 1.98574 40
    endloop
  endfacet
  facet normal 0 0 1
    outer loop
      vertex 8.91006 4.5399 40
      vertex 4.45503 2.26995 40
      vertex 4.52413 2.1289 40
    endloop
  endfacet
  facet normal 0 0 1
    outer loop
      vertex 8.76307 4.81754 40
      vertex 4.38153 2.40877 40
      vertex 4.45503 2.26995 40
    endloop
  endfacet
  facet normal 0 0 1
    outer loop
      vertex 8.60742 5.09041 40
      vertex 4.30371 2.54521 40
      vertex 4.38153 2.40877 40
    endloop
  endfacet
  facet normal 0 0 1
    outer loop
      vertex 2.26995 4.45503 40
      vertex 4.5399 8.91006 40
      vertex 4.25779 9.04827 40
    endloop
  endfacet
  facet normal 0 0 1
    outer loop
      vertex 8.44328 5.35827 40
      vertex 4.22164 2.67913 40
      vertex 4.30371 2.54521 40
    endloop
  endfacet
  facet normal 0 0 1
    outer loop
      vertex 8.27081 5.62083 40
      vertex 4.1354 2.81042 40
      vertex 4.22164 2.67913 40
    endloop
  endfacet
  facet normal 0 0 1
    outer loop
      vertex 8.09017 5.87785 40
      vertex 4.04508 2.93893 40
      vertex 4.1354 2.81042 40
    endloop
  endfacet
  facet normal 0 0 1
    outer loop
      vertex 2.1289 4.52413 40
      vertex 4.25779 9.04827 40
      vertex 3.97148 9.17755 40
    endloop
  endfacet
  facet normal 0 0 1
    outer loop
      vertex 7.90155 6.12907 40
      vertex 3.95077 3.06454 40
      vertex 4.04508 2.93893 40
    endloop
  endfacet
  facet normal 0 0 1
    outer loop
      vertex 7.70513 6.37424 40
      vertex 3.85257 3.18712 40
      vertex 3.95077 3.06454 40
    endloop
  endfacet
  facet normal 0 0 1
    outer loop
      vertex 7.50111 6.61312 40
      vertex 3.75056 3.30656 40
      vertex 3.85257 3.18712 40
    endloop
  endfacet
  facet normal 0 0 1
    outer loop
      vertex 1.98574 4.58877 40
      vertex 3.97148 9.17755 40
      vertex 3.68124 9.29776 40
    endloop
  endfacet
  facet normal 0 0 1
    outer loop
      vertex 7.28969 6.84547 40
      vertex 3.64484 3.42274 40
      vertex 3.75056 3.30656 40
    endloop
  endfacet
  facet normal 0 0 1
    outer loop
      vertex 7.07107 7.07107 40
      vertex 3.53553 3.53553 40
      vertex 3.64484 3.42274 40
    endloop
  endfacet
  facet normal 0 0 1
    outer loop
      vertex 6.84547 7.28969 40
      vertex 3.42274 3.64484 40
      vertex 3.53553 3.53553 40
    endloop
  endfacet
  facet normal 0 0 1
    outer loop
      vertex 1.84062 4.64888 40
      vertex 3.68124 9.29776 40
      vertex 3.38738 9.40881 40
    endloop
  endfacet
  facet normal 0 0 1
    outer loop
      vertex 6.61312 7.50111 40
      vertex 3.30656 3.75056 40
      vertex 3.42274 3.64484 40
    endloop
  endfacet
  facet normal 0 0 1
    outer loop
      vertex 6.37424 7.70513 40
      vertex 3.18712 3.85257 40
      vertex 3.30656 3.75056 40
    endloop
  endfacet
  facet normal 0 0 1
    outer loop
      vertex 1.69369 4.7044 40
      vertex 3.38738 9.40881 40
      vertex 3.09017 9.51056 40
    endloop
  endfacet
  facet normal 0 0 1
    outer loop
      vertex 6.12907 7.90155 40
      vertex 3.06454 3.95077 40
      vertex 3.18712 3.85257 40
    endloop
  endfacet
  facet normal 0 0 1
    outer loop
      vertex 5.87785 8.09017 40
      vertex 2.93893 4.04508 40
      vertex 3.06454 3.95077 40
    endloop
  endfacet
  facet normal 0 0 1
    outer loop
      vertex 5.62083 8.27081 40
      vertex 2.81042 4.1354 40
      vertex 2.93893 4.04508 40
    endloop
  endfacet
  facet normal 0 0 1
    outer loop
      vertex 1.54508 4.75528 40
      vertex 3.09017 9.51056 40
      vertex 2.78991 9.60294 40
    endloop
  endfacet
  facet normal 0 0 1
    outer loop
      vertex 5.35827 8.44328 40
      vertex 2.67913 4.22164 40
      vertex 2.81042 4.1354 40
    endloop
  endfacet
  facet normal 0 0 1
    outer loop
      vertex 5.09041 8.60742 40
      vertex 2.54521 4.30371 40
      vertex 2.67913 4.22164 40
    endloop
  endfacet
  facet normal 0 0 1
    outer loop
      vertex 1.39495 4.80147 40
      vertex 2.78991 9.60294 40
      vertex 2.4869 9.68583 40
    endloop
  endfacet
  facet normal 0 0 1
    outer loop
      vertex 4.81754 8.76307 40
      vertex 2.40877 4.38153 40
      vertex 2.54521 4.30371 40
    endloop
  endfacet
  facet normal 0 0 1
    outer loop
      vertex 4.5399 8.91006 40
      vertex 2.26995 4.45503 40
      vertex 2.40877 4.38153 40
    endloop
  endfacet
  facet normal 0 0 1
    outer loop
      vertex 1.24345 4.84292 40
      vertex 2.4869 9.68583 40
      vertex 2.18143 9.75917 40
    endloop
  endfacet
  facet normal 0 0 1
    outer loop
      vertex 4.25779 9.04827 40
      vertex 2.1289 4.52413 40
      vertex 2.26995 4.45503 40
    endloop
  endfacet
  facet normal 0 0 1
    outer loop
      vertex 3.97148 9.17755 40
      vertex 1.98574 4.58877 40
      vertex 2.1289 4.52413 40
    endloop
  endfacet
  facet normal 0 0 1
    outer loop
      vertex 1.09072 4.87958 40
      vertex 2.18143 9.75917 40
      vertex 1.87381 9.82287 40
    endloop
  endfacet
  facet normal 0 0 1
    outer loop
      vertex 3.68124 9.29776 40
      vertex 1.84062 4.64888 40
      vertex 1.98574 4.58877 40
    endloop
  endfacet
  facet normal 0 0 1
    outer loop
      vertex 3.38738 9.40881 40
      vertex 1.69369 4.7044 40
      vertex 1.84062 4.64888 40
    endloop
  endfacet
  facet normal 0 0 1
    outer loop
      vertex 0.936906 4.91144 40
      vertex 1.87381 9.82287 40
      vertex 1.56434 9.87688 40
    endloop
  endfacet
  facet normal 0 0 1
    outer loop
      vertex 3.09017 9.51056 40
      vertex 1.54508 4.75528 40
      vertex 1.69369 4.7044 40
    endloop
  endfacet
  facet normal 0 0 1
    outer loop
      vertex 2.78991 9.60294 40
      vertex 1.39495 4.80147 40
      vertex 1.54508 4.75528 40
    endloop
  endfacet
  facet normal 0 0 1
    outer loop
      vertex 0.782172 4.93844 40
      vertex 1.56434 9.87688 40
      vertex 1.25333 9.92115 40
    endloop
  endfacet
  facet normal 0 0 1
    outer loop
      vertex 2.4869 9.68583 40
      vertex 1.24345 4.84292 40
      vertex 1.39495 4.80147 40
    endloop
  endfacet
  facet normal 0 0 1
    outer loop
      vertex 2.18143 9.75917 40
      vertex 1.09072 4.87958 40
      vertex 1.24345 4.84292 40
    endloop
  endfacet
  facet normal 0 0 1
    outer loop
      vertex 0.626666 4.96057 40
      vertex 1.25333 9.92115 40
      vertex 0.941083 9.95562 40
    endloop
  endfacet
  facet normal 0 0 1
    outer loop
      vertex 1.87381 9.82287 40
      vertex 0.936906 4.91144 40
      vertex 1.09072 4.87958 40
    endloop
  endfacet
  facet normal 0 0 1
    outer loop
      vertex 1.56434 9.87688 40
      vertex 0.782172 4.93844 40
      vertex 0.936906 4.91144 40
    endloop
  endfacet
  facet normal 0 0 1
    outer loop
      vertex 0.470541 4.97781 40
      vertex 0.941083 9.95562 40
      vertex 0.627905 9.98027 40
    endloop
  endfacet
  facet normal 0 0 1
    outer loop
      vertex 1.25333 9.92115 40
      vertex 0.626666 4.96057 40
      vertex 0.782172 4.93844 40
    endloop
  endfacet
  facet normal 0 0 1
    outer loop
      vertex 0.941083 9.95562 40
      vertex 0.470541 4.97781 40
      vertex 0.626666 4.96057 40
    endloop
  endfacet
  facet normal 0 0 1
    outer loop
      vertex 0.313952 4.99013 40
      vertex 0.627905 9.98027 40
      vertex 0.314107 9.99506 40
    endloop
  endfacet
  facet normal 0 0 1
    outer loop
      vertex 0.627905 9.98027 40
      vertex 0.313952 4.99013 40
      vertex 0.470541 4.97781 40
    endloop
  endfacet
  facet normal 0 0 1
    outer loop
      vertex 0.314107 9.99506 40
      vertex 0.157053 4.99753 40
      vertex 0.313952 4.99013 40
    endloop
  endfacet
  facet normal 0 0 1
    outer loop
      vertex 0 10 40
      vertex 0.157053 4.99753 40
      vertex 0.314107 9.99506 40
    endloop
  endfacet
  facet normal 0 0 1
    outer loop
      vertex 0 10 40
      vertex 0 5 40
      vertex 0.157053 4.99753 40
    endloop
  endfacet
  facet normal 0 0 1
    outer loop
      vertex 0 10 40
      vertex -0.157053 4.99753 40
      vertex 0 5 40
    endloop
  endfacet
  facet normal -0 0 1
    outer loop
      vertex -0.314107 9.99506 40
      vertex -0.157053 4.99753 40
      vertex 0 10 40
    endloop
  endfacet
  facet normal 0 0 1
    outer loop
      vertex -0.157053 4.99753 40
      vertex -0.314107 9.99506 40
      vertex -0.313952 4.99013 40
    endloop
  endfacet
  facet normal -0 0 1
    outer loop
      vertex -0.627905 9.98027 40
      vertex -0.313952 4.99013 40
      vertex -0.314107 9.99506 40
    endloop
  endfacet
  facet normal 0 0 1
    outer loop
      vertex -0.313952 4.99013 40
      vertex -0.627905 9.98027 40
      vertex -0.470541 4.97781 40
    endloop
  endfacet
  facet normal -0 0 1
    outer loop
      vertex -0.941083 9.95562 40
      vertex -0.470541 4.97781 40
      vertex -0.627905 9.98027 40
    endloop
  endfacet
  facet normal 0 0 1
    outer loop
      vertex -0.470541 4.97781 40
      vertex -0.941083 9.95562 40
      vertex -0.626666 4.96057 40
    endloop
  endfacet
  facet normal -0 0 1
    outer loop
      vertex -1.25333 9.92115 40
      vertex -0.626666 4.96057 40
      vertex -0.941083 9.95562 40
    endloop
  endfacet
  facet normal 0 0 1
    outer loop
      vertex -0.626666 4.96057 40
      vertex -1.25333 9.92115 40
      vertex -0.782172 4.93844 40
    endloop
  endfacet
  facet normal -0 0 1
    outer loop
      vertex -1.56434 9.87688 40
      vertex -0.782172 4.93844 40
      vertex -1.25333 9.92115 40
    endloop
  endfacet
  facet normal 0 0 1
    outer loop
      vertex -0.782172 4.93844 40
      vertex -1.56434 9.87688 40
      vertex -0.936906 4.91144 40
    endloop
  endfacet
  facet normal -0 0 1
    outer loop
      vertex -1.87381 9.82287 40
      vertex -0.936906 4.91144 40
      vertex -1.56434 9.87688 40
    endloop
  endfacet
  facet normal 0 0 1
    outer loop
      vertex -0.936906 4.91144 40
      vertex -1.87381 9.82287 40
      vertex -1.09072 4.87958 40
    endloop
  endfacet
  facet normal -0 0 1
    outer loop
      vertex -2.18143 9.75917 40
      vertex -1.09072 4.87958 40
      vertex -1.87381 9.82287 40
    endloop
  endfacet
  facet normal 0 0 1
    outer loop
      vertex -1.09072 4.87958 40
      vertex -2.18143 9.75917 40
      vertex -1.24345 4.84292 40
    endloop
  endfacet
  facet normal -0 0 1
    outer loop
      vertex -2.4869 9.68583 40
      vertex -1.24345 4.84292 40
      vertex -2.18143 9.75917 40
    endloop
  endfacet
  facet normal 0 0 1
    outer loop
      vertex -1.24345 4.84292 40
      vertex -2.4869 9.68583 40
      vertex -1.39495 4.80147 40
    endloop
  endfacet
  facet normal -0 0 1
    outer loop
      vertex -2.78991 9.60294 40
      vertex -1.39495 4.80147 40
      vertex -2.4869 9.68583 40
    endloop
  endfacet
  facet normal 0 0 1
    outer loop
      vertex -1.39495 4.80147 40
      vertex -2.78991 9.60294 40
      vertex -1.54508 4.75528 40
    endloop
  endfacet
  facet normal -0 0 1
    outer loop
      vertex -3.09017 9.51056 40
      vertex -1.54508 4.75528 40
      vertex -2.78991 9.60294 40
    endloop
  endfacet
  facet normal 0 0 1
    outer loop
      vertex -1.54508 4.75528 40
      vertex -3.09017 9.51056 40
      vertex -1.69369 4.7044 40
    endloop
  endfacet
  facet normal -0 0 1
    outer loop
      vertex -3.38738 9.40881 40
      vertex -1.69369 4.7044 40
      vertex -3.09017 9.51056 40
    endloop
  endfacet
  facet normal 0 0 1
    outer loop
      vertex -1.69369 4.7044 40
      vertex -3.38738 9.40881 40
      vertex -1.84062 4.64888 40
    endloop
  endfacet
  facet normal -0 0 1
    outer loop
      vertex -3.68124 9.29776 40
      vertex -1.84062 4.64888 40
      vertex -3.38738 9.40881 40
    endloop
  endfacet
  facet normal 0 0 1
    outer loop
      vertex -1.84062 4.64888 40
      vertex -3.68124 9.29776 40
      vertex -1.98574 4.58877 40
    endloop
  endfacet
  facet normal -0 0 1
    outer loop
      vertex -3.97148 9.17755 40
      vertex -1.98574 4.58877 40
      vertex -3.68124 9.29776 40
    endloop
  endfacet
  facet normal 0 0 1
    outer loop
      vertex -1.98574 4.58877 40
      vertex -3.97148 9.17755 40
      vertex -2.1289 4.52413 40
    endloop
  endfacet
  facet normal -0 0 1
    outer loop
      vertex -4.25779 9.04827 40
      vertex -2.1289 4.52413 40
      vertex -3.97148 9.17755 40
    endloop
  endfacet
  facet normal 0 0 1
    outer loop
      vertex -2.1289 4.52413 40
      vertex -4.25779 9.04827 40
      vertex -2.26995 4.45503 40
    endloop
  endfacet
  facet normal -0 0 1
    outer loop
      vertex -4.5399 8.91006 40
      vertex -2.26995 4.45503 40
      vertex -4.25779 9.04827 40
    endloop
  endfacet
  facet normal 0 0 1
    outer loop
      vertex -2.26995 4.45503 40
      vertex -4.5399 8.91006 40
      vertex -2.40877 4.38153 40
    endloop
  endfacet
  facet normal -0 0 1
    outer loop
      vertex -4.81754 8.76307 40
      vertex -2.40877 4.38153 40
      vertex -4.5399 8.91006 40
    endloop
  endfacet
  facet normal 0 0 1
    outer loop
      vertex -2.40877 4.38153 40
      vertex -4.81754 8.76307 40
      vertex -2.54521 4.30371 40
    endloop
  endfacet
  facet normal -0 0 1
    outer loop
      vertex -5.09041 8.60742 40
      vertex -2.54521 4.30371 40
      vertex -4.81754 8.76307 40
    endloop
  endfacet
  facet normal 0 0 1
    outer loop
      vertex -2.54521 4.30371 40
      vertex -5.09041 8.60742 40
      vertex -2.67913 4.22164 40
    endloop
  endfacet
  facet normal -0 0 1
    outer loop
      vertex -5.35827 8.44328 40
      vertex -2.67913 4.22164 40
      vertex -5.09041 8.60742 40
    endloop
  endfacet
  facet normal 0 0 1
    outer loop
      vertex -2.67913 4.22164 40
      vertex -5.35827 8.44328 40
      vertex -2.81042 4.1354 40
    endloop
  endfacet
  facet normal -0 0 1
    outer loop
      vertex -5.62083 8.27081 40
      vertex -2.81042 4.1354 40
      vertex -5.35827 8.44328 40
    endloop
  endfacet
  facet normal 0 0 1
    outer loop
      vertex -2.81042 4.1354 40
      vertex -5.62083 8.27081 40
      vertex -2.93893 4.04508 40
    endloop
  endfacet
  facet normal -0 0 1
    outer loop
      vertex -5.87785 8.09017 40
      vertex -2.93893 4.04508 40
      vertex -5.62083 8.27081 40
    endloop
  endfacet
  facet normal 0 0 1
    outer loop
      vertex -2.93893 4.04508 40
      vertex -5.87785 8.09017 40
      vertex -3.06454 3.95077 40
    endloop
  endfacet
  facet normal -0 0 1
    outer loop
      vertex -6.12907 7.90155 40
      vertex -3.06454 3.95077 40
      vertex -5.87785 8.09017 40
    endloop
  endfacet
  facet normal 0 0 1
    outer loop
      vertex -3.06454 3.95077 40
      vertex -6.12907 7.90155 40
      vertex -3.18712 3.85257 40
    endloop
  endfacet
  facet normal -0 0 1
    outer loop
      vertex -6.37424 7.70513 40
      vertex -3.18712 3.85257 40
      vertex -6.12907 7.90155 40
    endloop
  endfacet
  facet normal 0 0 1
    outer loop
      vertex -3.18712 3.85257 40
      vertex -6.37424 7.70513 40
      vertex -3.30656 3.75056 40
    endloop
  endfacet
  facet normal -0 0 1
    outer loop
      vertex -6.61312 7.50111 40
      vertex -3.30656 3.75056 40
      vertex -6.37424 7.70513 40
    endloop
  endfacet
  facet normal 0 0 1
    outer loop
      vertex -3.30656 3.75056 40
      vertex -6.61312 7.50111 40
      vertex -3.42274 3.64484 40
    endloop
  endfacet
  facet normal -0 0 1
    outer loop
      vertex -6.84547 7.28969 40
      vertex -3.42274 3.64484 40
      vertex -6.61312 7.50111 40
    endloop
  endfacet
  facet normal 0 0 1
    outer loop
      vertex -3.42274 3.64484 40
      vertex -6.84547 7.28969 40
      vertex -3.53553 3.53553 40
    endloop
  endfacet
  facet normal -0 0 1
    outer loop
      vertex -7.07107 7.07107 40
      vertex -3.53553 3.53553 40
      vertex -6.84547 7.28969 40
    endloop
  endfacet
  facet normal 0 0 1
    outer loop
      vertex -3.53553 3.53553 40
      vertex -7.07107 7.07107 40
      vertex -3.64484 3.42274 40
    endloop
  endfacet
  facet normal -0 0 1
    outer loop
      vertex -7.28969 6.84547 40
      vertex -3.64484 3.42274 40
      vertex -7.07107 7.07107 40
    endloop
  endfacet
  facet normal 0 0 1
    outer loop
      vertex -3.64484 3.42274 40
      vertex -7.28969 6.84547 40
      vertex -3.75056 3.30656 40
    endloop
  endfacet
  facet normal -0 0 1
    outer loop
      vertex -7.50111 6.61312 40
      vertex -3.75056 3.30656 40
      vertex -7.28969 6.84547 40
    endloop
  endfacet
  facet normal 0 0 1
    outer loop
      vertex -3.75056 3.30656 40
      vertex -7.50111 6.61312 40
      vertex -3.85257 3.18712 40
    endloop
  endfacet
  facet normal -0 0 1
    outer loop
      vertex -7.70513 6.37424 40
      vertex -3.85257 3.18712 40
      vertex -7.50111 6.61312 40
    endloop
  endfacet
  facet normal 0 0 1
    outer loop
      vertex -3.85257 3.18712 40
      vertex -7.70513 6.37424 40
      vertex -3.95077 3.06454 40
    endloop
  endfacet
  facet normal -0 0 1
    outer loop
      vertex -7.90155 6.12907 40
      vertex -3.95077 3.06454 40
      vertex -7.70513 6.37424 40
    endloop
  endfacet
  facet normal 0 0 1
    outer loop
      vertex -3.95077 3.06454 40
      vertex -7.90155 6.12907 40
      vertex -4.04508 2.93893 40
    endloop
  endfacet
  facet normal -0 0 1
    outer loop
      vertex -8.09017 5.87785 40
      vertex -4.04508 2.93893 40
      vertex -7.90155 6.12907 40
    endloop
  endfacet
  facet normal 0 0 1
    outer loop
      vertex -4.04508 2.93893 40
      vertex -8.09017 5.87785 40
      vertex -4.1354 2.81042 40
    endloop
  endfacet
  facet normal -0 0 1
    outer loop
      vertex -8.27081 5.62083 40
      vertex -4.1354 2.81042 40
      vertex -8.09017 5.87785 40
    endloop
  endfacet
  facet normal 0 0 1
    outer loop
      vertex -4.1354 2.81042 40
      vertex -8.27081 5.62083 40
      vertex -4.22164 2.67913 40
    endloop
  endfacet
  facet normal -0 0 1
    outer loop
      vertex -8.44328 5.35827 40
      vertex -4.22164 2.67913 40
      vertex -8.27081 5.62083 40
    endloop
  endfacet
  facet normal 0 0 1
    outer loop
      vertex -4.22164 2.67913 40
      vertex -8.44328 5.35827 40
      vertex -4.30371 2.54521 40
    endloop
  endfacet
  facet normal 0 0 1
    outer loop
      vertex -4.30371 2.54521 40
      vertex -8.60742 5.09041 40
      vertex -4.38153 2.40877 40
    endloop
  endfacet
  facet normal -0 0 1
    outer loop
      vertex -8.60742 5.09041 40
      vertex -4.30371 2.54521 40
      vertex -8.44328 5.35827 40
    endloop
  endfacet
  facet normal -0 0 1
    outer loop
      vertex 4.30371 -2.54521 40
      vertex 8.60742 -5.09041 40
      vertex 4.38153 -2.40877 40
    endloop
  endfacet
  facet normal 0 0 1
    outer loop
      vertex 8.60742 -5.09041 40
      vertex 4.30371 -2.54521 40
      vertex 8.44328 -5.35827 40
    endloop
  endfacet
  facet normal -0 0 1
    outer loop
      vertex 4.22164 -2.67913 40
      vertex 8.44328 -5.35827 40
      vertex 4.30371 -2.54521 40
    endloop
  endfacet
  facet normal 0 0 1
    outer loop
      vertex 8.44328 -5.35827 40
      vertex 4.22164 -2.67913 40
      vertex 8.27081 -5.62083 40
    endloop
  endfacet
  facet normal -0 0 1
    outer loop
      vertex 4.1354 -2.81042 40
      vertex 8.27081 -5.62083 40
      vertex 4.22164 -2.67913 40
    endloop
  endfacet
  facet normal 0 0 1
    outer loop
      vertex 8.27081 -5.62083 40
      vertex 4.1354 -2.81042 40
      vertex 8.09017 -5.87785 40
    endloop
  endfacet
  facet normal -0 0 1
    outer loop
      vertex 4.04508 -2.93893 40
      vertex 8.09017 -5.87785 40
      vertex 4.1354 -2.81042 40
    endloop
  endfacet
  facet normal 0 0 1
    outer loop
      vertex 8.09017 -5.87785 40
      vertex 4.04508 -2.93893 40
      vertex 7.90155 -6.12907 40
    endloop
  endfacet
  facet normal -0 0 1
    outer loop
      vertex 3.95077 -3.06454 40
      vertex 7.90155 -6.12907 40
      vertex 4.04508 -2.93893 40
    endloop
  endfacet
  facet normal 0 0 1
    outer loop
      vertex 7.90155 -6.12907 40
      vertex 3.95077 -3.06454 40
      vertex 7.70513 -6.37424 40
    endloop
  endfacet
  facet normal -0 0 1
    outer loop
      vertex 3.85257 -3.18712 40
      vertex 7.70513 -6.37424 40
      vertex 3.95077 -3.06454 40
    endloop
  endfacet
  facet normal 0 0 1
    outer loop
      vertex 7.70513 -6.37424 40
      vertex 3.85257 -3.18712 40
      vertex 7.50111 -6.61312 40
    endloop
  endfacet
  facet normal -0 0 1
    outer loop
      vertex 3.75056 -3.30656 40
      vertex 7.50111 -6.61312 40
      vertex 3.85257 -3.18712 40
    endloop
  endfacet
  facet normal 0 0 1
    outer loop
      vertex 7.50111 -6.61312 40
      vertex 3.75056 -3.30656 40
      vertex 7.28969 -6.84547 40
    endloop
  endfacet
  facet normal -0 0 1
    outer loop
      vertex 3.64484 -3.42274 40
      vertex 7.28969 -6.84547 40
      vertex 3.75056 -3.30656 40
    endloop
  endfacet
  facet normal 0 0 1
    outer loop
      vertex 7.28969 -6.84547 40
      vertex 3.64484 -3.42274 40
      vertex 7.07107 -7.07107 40
    endloop
  endfacet
  facet normal -0 0 1
    outer loop
      vertex 3.53553 -3.53553 40
      vertex 7.07107 -7.07107 40
      vertex 3.64484 -3.42274 40
    endloop
  endfacet
  facet normal 0 0 1
    outer loop
      vertex 7.07107 -7.07107 40
      vertex 3.53553 -3.53553 40
      vertex 6.84547 -7.28969 40
    endloop
  endfacet
  facet normal -0 0 1
    outer loop
      vertex 3.42274 -3.64484 40
      vertex 6.84547 -7.28969 40
      vertex 3.53553 -3.53553 40
    endloop
  endfacet
  facet normal 0 0 1
    outer loop
      vertex 6.84547 -7.28969 40
      vertex 3.42274 -3.64484 40
      vertex 6.61312 -7.50111 40
    endloop
  endfacet
  facet normal -0 0 1
    outer loop
      vertex 3.30656 -3.75056 40
      vertex 6.61312 -7.50111 40
      vertex 3.42274 -3.64484 40
    endloop
  endfacet
  facet normal 0 0 1
    outer loop
      vertex 6.61312 -7.50111 40
      vertex 3.30656 -3.75056 40
      vertex 6.37424 -7.70513 40
    endloop
  endfacet
  facet normal -0 0 1
    outer loop
      vertex 3.18712 -3.85257 40
      vertex 6.37424 -7.70513 40
      vertex 3.30656 -3.75056 40
    endloop
  endfacet
  facet normal 0 0 1
    outer loop
      vertex 6.37424 -7.70513 40
      vertex 3.18712 -3.85257 40
      vertex 6.12907 -7.90155 40
    endloop
  endfacet
  facet normal -0 0 1
    outer loop
      vertex 3.06454 -3.95077 40
      vertex 6.12907 -7.90155 40
      vertex 3.18712 -3.85257 40
    endloop
  endfacet
  facet normal 0 0 1
    outer loop
      vertex 6.12907 -7.90155 40
      vertex 3.06454 -3.95077 40
      vertex 5.87785 -8.09017 40
    endloop
  endfacet
  facet normal -0 0 1
    outer loop
      vertex 2.93893 -4.04508 40
      vertex 5.87785 -8.09017 40
      vertex 3.06454 -3.95077 40
    endloop
  endfacet
  facet normal 0 0 1
    outer loop
      vertex 5.87785 -8.09017 40
      vertex 2.93893 -4.04508 40
      vertex 5.62083 -8.27081 40
    endloop
  endfacet
  facet normal -0 0 1
    outer loop
      vertex 2.81042 -4.1354 40
      vertex 5.62083 -8.27081 40
      vertex 2.93893 -4.04508 40
    endloop
  endfacet
  facet normal 0 0 1
    outer loop
      vertex 5.62083 -8.27081 40
      vertex 2.81042 -4.1354 40
      vertex 5.35827 -8.44328 40
    endloop
  endfacet
  facet normal -0 0 1
    outer loop
      vertex 2.67913 -4.22164 40
      vertex 5.35827 -8.44328 40
      vertex 2.81042 -4.1354 40
    endloop
  endfacet
  facet normal 0 0 1
    outer loop
      vertex 5.35827 -8.44328 40
      vertex 2.67913 -4.22164 40
      vertex 5.09041 -8.60742 40
    endloop
  endfacet
  facet normal -0 0 1
    outer loop
      vertex 2.54521 -4.30371 40
      vertex 5.09041 -8.60742 40
      vertex 2.67913 -4.22164 40
    endloop
  endfacet
  facet normal 0 0 1
    outer loop
      vertex 5.09041 -8.60742 40
      vertex 2.54521 -4.30371 40
      vertex 4.81754 -8.76307 40
    endloop
  endfacet
  facet normal -0 0 1
    outer loop
      vertex 2.40877 -4.38153 40
      vertex 4.81754 -8.76307 40
      vertex 2.54521 -4.30371 40
    endloop
  endfacet
  facet normal 0 0 1
    outer loop
      vertex 4.81754 -8.76307 40
      vertex 2.40877 -4.38153 40
      vertex 4.5399 -8.91006 40
    endloop
  endfacet
  facet normal -0 0 1
    outer loop
      vertex 2.26995 -4.45503 40
      vertex 4.5399 -8.91006 40
      vertex 2.40877 -4.38153 40
    endloop
  endfacet
  facet normal 0 0 1
    outer loop
      vertex 4.5399 -8.91006 40
      vertex 2.26995 -4.45503 40
      vertex 4.25779 -9.04827 40
    endloop
  endfacet
  facet normal -0 0 1
    outer loop
      vertex 2.1289 -4.52413 40
      vertex 4.25779 -9.04827 40
      vertex 2.26995 -4.45503 40
    endloop
  endfacet
  facet normal 0 0 1
    outer loop
      vertex 4.25779 -9.04827 40
      vertex 2.1289 -4.52413 40
      vertex 3.97148 -9.17755 40
    endloop
  endfacet
  facet normal -0 0 1
    outer loop
      vertex 1.98574 -4.58877 40
      vertex 3.97148 -9.17755 40
      vertex 2.1289 -4.52413 40
    endloop
  endfacet
  facet normal 0 0 1
    outer loop
      vertex 3.97148 -9.17755 40
      vertex 1.98574 -4.58877 40
      vertex 3.68124 -9.29776 40
    endloop
  endfacet
  facet normal -0 0 1
    outer loop
      vertex 1.84062 -4.64888 40
      vertex 3.68124 -9.29776 40
      vertex 1.98574 -4.58877 40
    endloop
  endfacet
  facet normal 0 0 1
    outer loop
      vertex 3.68124 -9.29776 40
      vertex 1.84062 -4.64888 40
      vertex 3.38738 -9.40881 40
    endloop
  endfacet
  facet normal -0 0 1
    outer loop
      vertex 1.69369 -4.7044 40
      vertex 3.38738 -9.40881 40
      vertex 1.84062 -4.64888 40
    endloop
  endfacet
  facet normal 0 0 1
    outer loop
      vertex 3.38738 -9.40881 40
      vertex 1.69369 -4.7044 40
      vertex 3.09017 -9.51056 40
    endloop
  endfacet
  facet normal -0 0 1
    outer loop
      vertex 1.54508 -4.75528 40
      vertex 3.09017 -9.51056 40
      vertex 1.69369 -4.7044 40
    endloop
  endfacet
  facet normal 0 0 1
    outer loop
      vertex 3.09017 -9.51056 40
      vertex 1.54508 -4.75528 40
      vertex 2.78991 -9.60294 40
    endloop
  endfacet
  facet normal -0 0 1
    outer loop
      vertex 1.39495 -4.80147 40
      vertex 2.78991 -9.60294 40
      vertex 1.54508 -4.75528 40
    endloop
  endfacet
  facet normal 0 0 1
    outer loop
      vertex 2.78991 -9.60294 40
      vertex 1.39495 -4.80147 40
      vertex 2.4869 -9.68583 40
    endloop
  endfacet
  facet normal -0 0 1
    outer loop
      vertex 1.24345 -4.84292 40
      vertex 2.4869 -9.68583 40
      vertex 1.39495 -4.80147 40
    endloop
  endfacet
  facet normal 0 0 1
    outer loop
      vertex 2.4869 -9.68583 40
      vertex 1.24345 -4.84292 40
      vertex 2.18143 -9.75917 40
    endloop
  endfacet
  facet normal -0 0 1
    outer loop
      vertex 1.09072 -4.87958 40
      vertex 2.18143 -9.75917 40
      vertex 1.24345 -4.84292 40
    endloop
  endfacet
  facet normal 0 0 1
    outer loop
      vertex 2.18143 -9.75917 40
      vertex 1.09072 -4.87958 40
      vertex 1.87381 -9.82287 40
    endloop
  endfacet
  facet normal -0 0 1
    outer loop
      vertex 0.936906 -4.91144 40
      vertex 1.87381 -9.82287 40
      vertex 1.09072 -4.87958 40
    endloop
  endfacet
  facet normal 0 0 1
    outer loop
      vertex 1.87381 -9.82287 40
      vertex 0.936906 -4.91144 40
      vertex 1.56434 -9.87688 40
    endloop
  endfacet
  facet normal -0 0 1
    outer loop
      vertex 0.782172 -4.93844 40
      vertex 1.56434 -9.87688 40
      vertex 0.936906 -4.91144 40
    endloop
  endfacet
  facet normal 0 0 1
    outer loop
      vertex 1.56434 -9.87688 40
      vertex 0.782172 -4.93844 40
      vertex 1.25333 -9.92115 40
    endloop
  endfacet
  facet normal -0 0 1
    outer loop
      vertex 0.626666 -4.96057 40
      vertex 1.25333 -9.92115 40
      vertex 0.782172 -4.93844 40
    endloop
  endfacet
  facet normal 0 0 1
    outer loop
      vertex 1.25333 -9.92115 40
      vertex 0.626666 -4.96057 40
      vertex 0.941083 -9.95562 40
    endloop
  endfacet
  facet normal -0 0 1
    outer loop
      vertex 0.470541 -4.97781 40
      vertex 0.941083 -9.95562 40
      vertex 0.626666 -4.96057 40
    endloop
  endfacet
  facet normal 0 0 1
    outer loop
      vertex 0.941083 -9.95562 40
      vertex 0.470541 -4.97781 40
      vertex 0.627905 -9.98027 40
    endloop
  endfacet
  facet normal -0 0 1
    outer loop
      vertex 0.313952 -4.99013 40
      vertex 0.627905 -9.98027 40
      vertex 0.470541 -4.97781 40
    endloop
  endfacet
  facet normal 0 0 1
    outer loop
      vertex 0.627905 -9.98027 40
      vertex 0.313952 -4.99013 40
      vertex 0.314107 -9.99506 40
    endloop
  endfacet
  facet normal -0 0 1
    outer loop
      vertex 0.157053 -4.99753 40
      vertex 0.314107 -9.99506 40
      vertex 0.313952 -4.99013 40
    endloop
  endfacet
  facet normal -0 0 1
    outer loop
      vertex 0 -5 40
      vertex 0.314107 -9.99506 40
      vertex 0.157053 -4.99753 40
    endloop
  endfacet
  facet normal 0 0 1
    outer loop
      vertex 0 -5 40
      vertex 0 -10 40
      vertex 0.314107 -9.99506 40
    endloop
  endfacet
  facet normal 0 0 1
    outer loop
      vertex -0.157053 -4.99753 40
      vertex 0 -10 40
      vertex 0 -5 40
    endloop
  endfacet
  facet normal 0 0 1
    outer loop
      vertex -0.314107 -9.99506 40
      vertex -0.157053 -4.99753 40
      vertex -0.313952 -4.99013 40
    endloop
  endfacet
  facet normal 0 0 1
    outer loop
      vertex -0.157053 -4.99753 40
      vertex -0.314107 -9.99506 40
      vertex 0 -10 40
    endloop
  endfacet
  facet normal 0 0 1
    outer loop
      vertex -0.627905 -9.98027 40
      vertex -0.313952 -4.99013 40
      vertex -0.470541 -4.97781 40
    endloop
  endfacet
  facet normal 0 0 1
    outer loop
      vertex -0.941083 -9.95562 40
      vertex -0.470541 -4.97781 40
      vertex -0.626666 -4.96057 40
    endloop
  endfacet
  facet normal 0 0 1
    outer loop
      vertex -0.313952 -4.99013 40
      vertex -0.627905 -9.98027 40
      vertex -0.314107 -9.99506 40
    endloop
  endfacet
  facet normal 0 0 1
    outer loop
      vertex -1.25333 -9.92115 40
      vertex -0.626666 -4.96057 40
      vertex -0.782172 -4.93844 40
    endloop
  endfacet
  facet normal 0 0 1
    outer loop
      vertex -1.56434 -9.87688 40
      vertex -0.782172 -4.93844 40
      vertex -0.936906 -4.91144 40
    endloop
  endfacet
  facet normal 0 0 1
    outer loop
      vertex -0.470541 -4.97781 40
      vertex -0.941083 -9.95562 40
      vertex -0.627905 -9.98027 40
    endloop
  endfacet
  facet normal 0 0 1
    outer loop
      vertex -1.87381 -9.82287 40
      vertex -0.936906 -4.91144 40
      vertex -1.09072 -4.87958 40
    endloop
  endfacet
  facet normal 0 0 1
    outer loop
      vertex -2.18143 -9.75917 40
      vertex -1.09072 -4.87958 40
      vertex -1.24345 -4.84292 40
    endloop
  endfacet
  facet normal 0 0 1
    outer loop
      vertex -0.626666 -4.96057 40
      vertex -1.25333 -9.92115 40
      vertex -0.941083 -9.95562 40
    endloop
  endfacet
  facet normal 0 0 1
    outer loop
      vertex -2.4869 -9.68583 40
      vertex -1.24345 -4.84292 40
      vertex -1.39495 -4.80147 40
    endloop
  endfacet
  facet normal 0 0 1
    outer loop
      vertex -2.78991 -9.60294 40
      vertex -1.39495 -4.80147 40
      vertex -1.54508 -4.75528 40
    endloop
  endfacet
  facet normal 0 0 1
    outer loop
      vertex -0.782172 -4.93844 40
      vertex -1.56434 -9.87688 40
      vertex -1.25333 -9.92115 40
    endloop
  endfacet
  facet normal 0 0 1
    outer loop
      vertex -3.09017 -9.51056 40
      vertex -1.54508 -4.75528 40
      vertex -1.69369 -4.7044 40
    endloop
  endfacet
  facet normal 0 0 1
    outer loop
      vertex -3.38738 -9.40881 40
      vertex -1.69369 -4.7044 40
      vertex -1.84062 -4.64888 40
    endloop
  endfacet
  facet normal 0 0 1
    outer loop
      vertex -0.936906 -4.91144 40
      vertex -1.87381 -9.82287 40
      vertex -1.56434 -9.87688 40
    endloop
  endfacet
  facet normal 0 0 1
    outer loop
      vertex -3.68124 -9.29776 40
      vertex -1.84062 -4.64888 40
      vertex -1.98574 -4.58877 40
    endloop
  endfacet
  facet normal 0 0 1
    outer loop
      vertex -3.97148 -9.17755 40
      vertex -1.98574 -4.58877 40
      vertex -2.1289 -4.52413 40
    endloop
  endfacet
  facet normal 0 0 1
    outer loop
      vertex -1.09072 -4.87958 40
      vertex -2.18143 -9.75917 40
      vertex -1.87381 -9.82287 40
    endloop
  endfacet
  facet normal 0 0 1
    outer loop
      vertex -4.25779 -9.04827 40
      vertex -2.1289 -4.52413 40
      vertex -2.26995 -4.45503 40
    endloop
  endfacet
  facet normal 0 0 1
    outer loop
      vertex -4.5399 -8.91006 40
      vertex -2.26995 -4.45503 40
      vertex -2.40877 -4.38153 40
    endloop
  endfacet
  facet normal 0 0 1
    outer loop
      vertex -1.24345 -4.84292 40
      vertex -2.4869 -9.68583 40
      vertex -2.18143 -9.75917 40
    endloop
  endfacet
  facet normal 0 0 1
    outer loop
      vertex -4.81754 -8.76307 40
      vertex -2.40877 -4.38153 40
      vertex -2.54521 -4.30371 40
    endloop
  endfacet
  facet normal 0 0 1
    outer loop
      vertex -5.09041 -8.60742 40
      vertex -2.54521 -4.30371 40
      vertex -2.67913 -4.22164 40
    endloop
  endfacet
  facet normal 0 0 1
    outer loop
      vertex -1.39495 -4.80147 40
      vertex -2.78991 -9.60294 40
      vertex -2.4869 -9.68583 40
    endloop
  endfacet
  facet normal 0 0 1
    outer loop
      vertex -5.35827 -8.44328 40
      vertex -2.67913 -4.22164 40
      vertex -2.81042 -4.1354 40
    endloop
  endfacet
  facet normal 0 0 1
    outer loop
      vertex -5.62083 -8.27081 40
      vertex -2.81042 -4.1354 40
      vertex -2.93893 -4.04508 40
    endloop
  endfacet
  facet normal 0 0 1
    outer loop
      vertex -5.87785 -8.09017 40
      vertex -2.93893 -4.04508 40
      vertex -3.06454 -3.95077 40
    endloop
  endfacet
  facet normal 0 0 1
    outer loop
      vertex -1.54508 -4.75528 40
      vertex -3.09017 -9.51056 40
      vertex -2.78991 -9.60294 40
    endloop
  endfacet
  facet normal 0 0 1
    outer loop
      vertex -6.12907 -7.90155 40
      vertex -3.06454 -3.95077 40
      vertex -3.18712 -3.85257 40
    endloop
  endfacet
  facet normal 0 0 1
    outer loop
      vertex -6.37424 -7.70513 40
      vertex -3.18712 -3.85257 40
      vertex -3.30656 -3.75056 40
    endloop
  endfacet
  facet normal 0 0 1
    outer loop
      vertex -1.69369 -4.7044 40
      vertex -3.38738 -9.40881 40
      vertex -3.09017 -9.51056 40
    endloop
  endfacet
  facet normal 0 0 1
    outer loop
      vertex -6.61312 -7.50111 40
      vertex -3.30656 -3.75056 40
      vertex -3.42274 -3.64484 40
    endloop
  endfacet
  facet normal 0 0 1
    outer loop
      vertex -6.84547 -7.28969 40
      vertex -3.42274 -3.64484 40
      vertex -3.53553 -3.53553 40
    endloop
  endfacet
  facet normal 0 0 1
    outer loop
      vertex -7.07107 -7.07107 40
      vertex -3.53553 -3.53553 40
      vertex -3.64484 -3.42274 40
    endloop
  endfacet
  facet normal 0 0 1
    outer loop
      vertex -1.84062 -4.64888 40
      vertex -3.68124 -9.29776 40
      vertex -3.38738 -9.40881 40
    endloop
  endfacet
  facet normal 0 0 1
    outer loop
      vertex -7.28969 -6.84547 40
      vertex -3.64484 -3.42274 40
      vertex -3.75056 -3.30656 40
    endloop
  endfacet
  facet normal 0 0 1
    outer loop
      vertex -7.50111 -6.61312 40
      vertex -3.75056 -3.30656 40
      vertex -3.85257 -3.18712 40
    endloop
  endfacet
  facet normal 0 0 1
    outer loop
      vertex -7.70513 -6.37424 40
      vertex -3.85257 -3.18712 40
      vertex -3.95077 -3.06454 40
    endloop
  endfacet
  facet normal 0 0 1
    outer loop
      vertex -1.98574 -4.58877 40
      vertex -3.97148 -9.17755 40
      vertex -3.68124 -9.29776 40
    endloop
  endfacet
  facet normal 0 0 1
    outer loop
      vertex -7.90155 -6.12907 40
      vertex -3.95077 -3.06454 40
      vertex -4.04508 -2.93893 40
    endloop
  endfacet
  facet normal 0 0 1
    outer loop
      vertex -8.09017 -5.87785 40
      vertex -4.04508 -2.93893 40
      vertex -4.1354 -2.81042 40
    endloop
  endfacet
  facet normal 0 0 1
    outer loop
      vertex -8.27081 -5.62083 40
      vertex -4.1354 -2.81042 40
      vertex -4.22164 -2.67913 40
    endloop
  endfacet
  facet normal 0 0 1
    outer loop
      vertex -2.1289 -4.52413 40
      vertex -4.25779 -9.04827 40
      vertex -3.97148 -9.17755 40
    endloop
  endfacet
  facet normal 0 0 1
    outer loop
      vertex -8.44328 -5.35827 40
      vertex -4.22164 -2.67913 40
      vertex -4.30371 -2.54521 40
    endloop
  endfacet
  facet normal 0 0 1
    outer loop
      vertex -8.60742 -5.09041 40
      vertex -4.30371 -2.54521 40
      vertex -4.38153 -2.40877 40
    endloop
  endfacet
  facet normal 0 0 1
    outer loop
      vertex -8.76307 -4.81754 40
      vertex -4.38153 -2.40877 40
      vertex -4.45503 -2.26995 40
    endloop
  endfacet
  facet normal 0 0 1
    outer loop
      vertex -8.91006 -4.5399 40
      vertex -4.45503 -2.26995 40
      vertex -4.52413 -2.1289 40
    endloop
  endfacet
  facet normal 0 0 1
    outer loop
      vertex -2.26995 -4.45503 40
      vertex -4.5399 -8.91006 40
      vertex -4.25779 -9.04827 40
    endloop
  endfacet
  facet normal 0 0 1
    outer loop
      vertex -9.04827 -4.25779 40
      vertex -4.52413 -2.1289 40
      vertex -4.58877 -1.98574 40
    endloop
  endfacet
  facet normal 0 0 1
    outer loop
      vertex -9.17755 -3.97148 40
      vertex -4.58877 -1.98574 40
      vertex -4.64888 -1.84062 40
    endloop
  endfacet
  facet normal 0 0 1
    outer loop
      vertex -9.29776 -3.68124 40
      vertex -4.64888 -1.84062 40
      vertex -4.7044 -1.69369 40
    endloop
  endfacet
  facet normal 0 0 1
    outer loop
      vertex -9.40881 -3.38738 40
      vertex -4.7044 -1.69369 40
      vertex -4.75528 -1.54508 40
    endloop
  endfacet
  facet normal 0 0 1
    outer loop
      vertex -9.51056 -3.09017 40
      vertex -4.75528 -1.54508 40
      vertex -4.80147 -1.39495 40
    endloop
  endfacet
  facet normal 0 0 1
    outer loop
      vertex -2.40877 -4.38153 40
      vertex -4.81754 -8.76307 40
      vertex -4.5399 -8.91006 40
    endloop
  endfacet
  facet normal 0 0 1
    outer loop
      vertex -9.60294 -2.78991 40
      vertex -4.80147 -1.39495 40
      vertex -4.84292 -1.24345 40
    endloop
  endfacet
  facet normal 0 0 1
    outer loop
      vertex -9.68583 -2.4869 40
      vertex -4.84292 -1.24345 40
      vertex -4.87958 -1.09072 40
    endloop
  endfacet
  facet normal 0 0 1
    outer loop
      vertex -9.75917 -2.18143 40
      vertex -4.87958 -1.09072 40
      vertex -4.91144 -0.936906 40
    endloop
  endfacet
  facet normal 0 0 1
    outer loop
      vertex -9.82287 -1.87381 40
      vertex -4.91144 -0.936906 40
      vertex -4.93844 -0.782172 40
    endloop
  endfacet
  facet normal 0 0 1
    outer loop
      vertex -9.87688 -1.56434 40
      vertex -4.93844 -0.782172 40
      vertex -4.96057 -0.626666 40
    endloop
  endfacet
  facet normal 0 0 1
    outer loop
      vertex -9.92115 -1.25333 40
      vertex -4.96057 -0.626666 40
      vertex -4.97781 -0.470541 40
    endloop
  endfacet
  facet normal 0 0 1
    outer loop
      vertex -9.95562 -0.941083 40
      vertex -4.97781 -0.470541 40
      vertex -4.99013 -0.313952 40
    endloop
  endfacet
  facet normal 0 0 1
    outer loop
      vertex -9.98027 -0.627905 40
      vertex -4.99013 -0.313952 40
      vertex -4.99753 -0.157053 40
    endloop
  endfacet
  facet normal 0 0 1
    outer loop
      vertex -2.54521 -4.30371 40
      vertex -5.09041 -8.60742 40
      vertex -4.81754 -8.76307 40
    endloop
  endfacet
  facet normal 0 0 1
    outer loop
      vertex -9.99506 -0.314107 40
      vertex -4.99753 -0.157053 40
      vertex -5 0 40
    endloop
  endfacet
  facet normal -0 0 1
    outer loop
      vertex -8.76307 4.81754 40
      vertex -4.38153 2.40877 40
      vertex -8.60742 5.09041 40
    endloop
  endfacet
  facet normal 0 0 1
    outer loop
      vertex -4.38153 2.40877 40
      vertex -8.76307 4.81754 40
      vertex -4.45503 2.26995 40
    endloop
  endfacet
  facet normal 0 0 1
    outer loop
      vertex -2.67913 -4.22164 40
      vertex -5.35827 -8.44328 40
      vertex -5.09041 -8.60742 40
    endloop
  endfacet
  facet normal -0 0 1
    outer loop
      vertex -8.91006 4.5399 40
      vertex -4.45503 2.26995 40
      vertex -8.76307 4.81754 40
    endloop
  endfacet
  facet normal 0 0 1
    outer loop
      vertex -2.81042 -4.1354 40
      vertex -5.62083 -8.27081 40
      vertex -5.35827 -8.44328 40
    endloop
  endfacet
  facet normal 0 0 1
    outer loop
      vertex -4.45503 2.26995 40
      vertex -8.91006 4.5399 40
      vertex -4.52413 2.1289 40
    endloop
  endfacet
  facet normal 0 0 1
    outer loop
      vertex -2.93893 -4.04508 40
      vertex -5.87785 -8.09017 40
      vertex -5.62083 -8.27081 40
    endloop
  endfacet
  facet normal -0 0 1
    outer loop
      vertex -9.04827 4.25779 40
      vertex -4.52413 2.1289 40
      vertex -8.91006 4.5399 40
    endloop
  endfacet
  facet normal 0 0 1
    outer loop
      vertex -3.06454 -3.95077 40
      vertex -6.12907 -7.90155 40
      vertex -5.87785 -8.09017 40
    endloop
  endfacet
  facet normal 0 0 1
    outer loop
      vertex -4.52413 2.1289 40
      vertex -9.04827 4.25779 40
      vertex -4.58877 1.98574 40
    endloop
  endfacet
  facet normal 0 0 1
    outer loop
      vertex -3.18712 -3.85257 40
      vertex -6.37424 -7.70513 40
      vertex -6.12907 -7.90155 40
    endloop
  endfacet
  facet normal -0 0 1
    outer loop
      vertex -9.17755 3.97148 40
      vertex -4.58877 1.98574 40
      vertex -9.04827 4.25779 40
    endloop
  endfacet
  facet normal 0 0 1
    outer loop
      vertex -3.30656 -3.75056 40
      vertex -6.61312 -7.50111 40
      vertex -6.37424 -7.70513 40
    endloop
  endfacet
  facet normal 0 0 1
    outer loop
      vertex -4.58877 1.98574 40
      vertex -9.17755 3.97148 40
      vertex -4.64888 1.84062 40
    endloop
  endfacet
  facet normal 0 0 1
    outer loop
      vertex -3.42274 -3.64484 40
      vertex -6.84547 -7.28969 40
      vertex -6.61312 -7.50111 40
    endloop
  endfacet
  facet normal -0 0 1
    outer loop
      vertex -9.29776 3.68124 40
      vertex -4.64888 1.84062 40
      vertex -9.17755 3.97148 40
    endloop
  endfacet
  facet normal 0 0 1
    outer loop
      vertex -3.53553 -3.53553 40
      vertex -7.07107 -7.07107 40
      vertex -6.84547 -7.28969 40
    endloop
  endfacet
  facet normal 0 0 1
    outer loop
      vertex -4.64888 1.84062 40
      vertex -9.29776 3.68124 40
      vertex -4.7044 1.69369 40
    endloop
  endfacet
  facet normal 0 0 1
    outer loop
      vertex -3.64484 -3.42274 40
      vertex -7.28969 -6.84547 40
      vertex -7.07107 -7.07107 40
    endloop
  endfacet
  facet normal -0 0 1
    outer loop
      vertex -9.40881 3.38738 40
      vertex -4.7044 1.69369 40
      vertex -9.29776 3.68124 40
    endloop
  endfacet
  facet normal 0 0 1
    outer loop
      vertex -3.75056 -3.30656 40
      vertex -7.50111 -6.61312 40
      vertex -7.28969 -6.84547 40
    endloop
  endfacet
  facet normal 0 0 1
    outer loop
      vertex -4.7044 1.69369 40
      vertex -9.40881 3.38738 40
      vertex -4.75528 1.54508 40
    endloop
  endfacet
  facet normal 0 0 1
    outer loop
      vertex -3.85257 -3.18712 40
      vertex -7.70513 -6.37424 40
      vertex -7.50111 -6.61312 40
    endloop
  endfacet
  facet normal -0 0 1
    outer loop
      vertex -9.51056 3.09017 40
      vertex -4.75528 1.54508 40
      vertex -9.40881 3.38738 40
    endloop
  endfacet
  facet normal 0 0 1
    outer loop
      vertex -3.95077 -3.06454 40
      vertex -7.90155 -6.12907 40
      vertex -7.70513 -6.37424 40
    endloop
  endfacet
  facet normal 0 0 1
    outer loop
      vertex -4.75528 1.54508 40
      vertex -9.51056 3.09017 40
      vertex -4.80147 1.39495 40
    endloop
  endfacet
  facet normal 0 0 1
    outer loop
      vertex -4.04508 -2.93893 40
      vertex -8.09017 -5.87785 40
      vertex -7.90155 -6.12907 40
    endloop
  endfacet
  facet normal -0 0 1
    outer loop
      vertex -9.60294 2.78991 40
      vertex -4.80147 1.39495 40
      vertex -9.51056 3.09017 40
    endloop
  endfacet
  facet normal 0 0 1
    outer loop
      vertex -4.1354 -2.81042 40
      vertex -8.27081 -5.62083 40
      vertex -8.09017 -5.87785 40
    endloop
  endfacet
  facet normal 0 0 1
    outer loop
      vertex -4.80147 1.39495 40
      vertex -9.60294 2.78991 40
      vertex -4.84292 1.24345 40
    endloop
  endfacet
  facet normal 0 0 1
    outer loop
      vertex -4.22164 -2.67913 40
      vertex -8.44328 -5.35827 40
      vertex -8.27081 -5.62083 40
    endloop
  endfacet
  facet normal -0 0 1
    outer loop
      vertex -9.68583 2.4869 40
      vertex -4.84292 1.24345 40
      vertex -9.60294 2.78991 40
    endloop
  endfacet
  facet normal 0 0 1
    outer loop
      vertex -4.30371 -2.54521 40
      vertex -8.60742 -5.09041 40
      vertex -8.44328 -5.35827 40
    endloop
  endfacet
  facet normal 0 0 1
    outer loop
      vertex -4.84292 1.24345 40
      vertex -9.68583 2.4869 40
      vertex -4.87958 1.09072 40
    endloop
  endfacet
  facet normal 0 0 1
    outer loop
      vertex -4.38153 -2.40877 40
      vertex -8.76307 -4.81754 40
      vertex -8.60742 -5.09041 40
    endloop
  endfacet
  facet normal -0 0 1
    outer loop
      vertex -9.75917 2.18143 40
      vertex -4.87958 1.09072 40
      vertex -9.68583 2.4869 40
    endloop
  endfacet
  facet normal 0 0 1
    outer loop
      vertex -4.45503 -2.26995 40
      vertex -8.91006 -4.5399 40
      vertex -8.76307 -4.81754 40
    endloop
  endfacet
  facet normal 0 0 1
    outer loop
      vertex -4.87958 1.09072 40
      vertex -9.75917 2.18143 40
      vertex -4.91144 0.936906 40
    endloop
  endfacet
  facet normal 0 0 1
    outer loop
      vertex -4.52413 -2.1289 40
      vertex -9.04827 -4.25779 40
      vertex -8.91006 -4.5399 40
    endloop
  endfacet
  facet normal -0 0 1
    outer loop
      vertex -9.82287 1.87381 40
      vertex -4.91144 0.936906 40
      vertex -9.75917 2.18143 40
    endloop
  endfacet
  facet normal 0 0 1
    outer loop
      vertex -4.58877 -1.98574 40
      vertex -9.17755 -3.97148 40
      vertex -9.04827 -4.25779 40
    endloop
  endfacet
  facet normal 0 0 1
    outer loop
      vertex -4.91144 0.936906 40
      vertex -9.82287 1.87381 40
      vertex -4.93844 0.782172 40
    endloop
  endfacet
  facet normal 0 0 1
    outer loop
      vertex -4.64888 -1.84062 40
      vertex -9.29776 -3.68124 40
      vertex -9.17755 -3.97148 40
    endloop
  endfacet
  facet normal -0 0 1
    outer loop
      vertex -9.87688 1.56434 40
      vertex -4.93844 0.782172 40
      vertex -9.82287 1.87381 40
    endloop
  endfacet
  facet normal 0 0 1
    outer loop
      vertex -4.7044 -1.69369 40
      vertex -9.40881 -3.38738 40
      vertex -9.29776 -3.68124 40
    endloop
  endfacet
  facet normal 0 0 1
    outer loop
      vertex -4.93844 0.782172 40
      vertex -9.87688 1.56434 40
      vertex -4.96057 0.626666 40
    endloop
  endfacet
  facet normal 0 0 1
    outer loop
      vertex -4.75528 -1.54508 40
      vertex -9.51056 -3.09017 40
      vertex -9.40881 -3.38738 40
    endloop
  endfacet
  facet normal -0 0 1
    outer loop
      vertex -9.92115 1.25333 40
      vertex -4.96057 0.626666 40
      vertex -9.87688 1.56434 40
    endloop
  endfacet
  facet normal 0 0 1
    outer loop
      vertex -4.80147 -1.39495 40
      vertex -9.60294 -2.78991 40
      vertex -9.51056 -3.09017 40
    endloop
  endfacet
  facet normal 0 0 1
    outer loop
      vertex -4.96057 0.626666 40
      vertex -9.92115 1.25333 40
      vertex -4.97781 0.470541 40
    endloop
  endfacet
  facet normal 0 0 1
    outer loop
      vertex -4.84292 -1.24345 40
      vertex -9.68583 -2.4869 40
      vertex -9.60294 -2.78991 40
    endloop
  endfacet
  facet normal -0 0 1
    outer loop
      vertex -9.95562 0.941083 40
      vertex -4.97781 0.470541 40
      vertex -9.92115 1.25333 40
    endloop
  endfacet
  facet normal 0 0 1
    outer loop
      vertex -4.87958 -1.09072 40
      vertex -9.75917 -2.18143 40
      vertex -9.68583 -2.4869 40
    endloop
  endfacet
  facet normal 0 0 1
    outer loop
      vertex -4.97781 0.470541 40
      vertex -9.95562 0.941083 40
      vertex -4.99013 0.313952 40
    endloop
  endfacet
  facet normal 0 0 1
    outer loop
      vertex -4.91144 -0.936906 40
      vertex -9.82287 -1.87381 40
      vertex -9.75917 -2.18143 40
    endloop
  endfacet
  facet normal -0 0 1
    outer loop
      vertex -9.98027 0.627905 40
      vertex -4.99013 0.313952 40
      vertex -9.95562 0.941083 40
    endloop
  endfacet
  facet normal 0 0 1
    outer loop
      vertex -4.93844 -0.782172 40
      vertex -9.87688 -1.56434 40
      vertex -9.82287 -1.87381 40
    endloop
  endfacet
  facet normal 0 0 1
    outer loop
      vertex -4.99013 0.313952 40
      vertex -9.98027 0.627905 40
      vertex -4.99753 0.157053 40
    endloop
  endfacet
  facet normal 0 0 1
    outer loop
      vertex -4.96057 -0.626666 40
      vertex -9.92115 -1.25333 40
      vertex -9.87688 -1.56434 40
    endloop
  endfacet
  facet normal -0 0 1
    outer loop
      vertex -9.99506 0.314107 40
      vertex -4.99753 0.157053 40
      vertex -9.98027 0.627905 40
    endloop
  endfacet
  facet normal 0 0 1
    outer loop
      vertex -4.97781 -0.470541 40
      vertex -9.95562 -0.941083 40
      vertex -9.92115 -1.25333 40
    endloop
  endfacet
  facet normal 0 0 1
    outer loop
      vertex -4.99753 0.157053 40
      vertex -9.99506 0.314107 40
      vertex -5 0 40
    endloop
  endfacet
  facet normal 0 0 1
    outer loop
      vertex -4.99013 -0.313952 40
      vertex -9.98027 -0.627905 40
      vertex -9.95562 -0.941083 40
    endloop
  endfacet
  facet normal 0 0 1
    outer loop
      vertex -10 0 40
      vertex -5 0 40
      vertex -9.99506 0.314107 40
    endloop
  endfacet
  facet normal 0 0 1
    outer loop
      vertex -4.99753 -0.157053 40
      vertex -9.99506 -0.314107 40
      vertex -9.98027 -0.627905 40
    endloop
  endfacet
  facet normal 0 0 1
    outer loop
      vertex -5 0 40
      vertex -10 0 40
      vertex -9.99506 -0.314107 40
    endloop
  endfacet
  facet normal -0.41153 0.911396 0
    outer loop
      vertex -3.97148 9.17755 0
      vertex -4.25779 9.04827 40
      vertex -3.97148 9.17755 40
    endloop
  endfacet
  facet normal -0.41153 0.911396 0
    outer loop
      vertex -4.25779 9.04827 40
      vertex -3.97148 9.17755 0
      vertex -4.25779 9.04827 0
    endloop
  endfacet
  facet normal -0.382653 0.923892 0
    outer loop
      vertex -3.68124 9.29776 0
      vertex -3.97148 9.17755 40
      vertex -3.68124 9.29776 40
    endloop
  endfacet
  facet normal -0.382653 0.923892 0
    outer loop
      vertex -3.97148 9.17755 40
      vertex -3.68124 9.29776 0
      vertex -3.97148 9.17755 0
    endloop
  endfacet
  facet normal -0.467898 0.883782 0
    outer loop
      vertex -4.5399 8.91006 0
      vertex -4.81754 8.76307 40
      vertex -4.5399 8.91006 40
    endloop
  endfacet
  facet normal -0.467898 0.883782 0
    outer loop
      vertex -4.81754 8.76307 40
      vertex -4.5399 8.91006 0
      vertex -4.81754 8.76307 0
    endloop
  endfacet
  facet normal -0.439954 0.89802 0
    outer loop
      vertex -4.25779 9.04827 0
      vertex -4.5399 8.91006 40
      vertex -4.25779 9.04827 40
    endloop
  endfacet
  facet normal -0.439954 0.89802 0
    outer loop
      vertex -4.5399 8.91006 40
      vertex -4.25779 9.04827 0
      vertex -4.5399 8.91006 0
    endloop
  endfacet
  facet normal -0.600418 0.799687 0
    outer loop
      vertex -5.87785 8.09017 0
      vertex -6.12907 7.90155 40
      vertex -5.87785 8.09017 40
    endloop
  endfacet
  facet normal -0.600418 0.799687 0
    outer loop
      vertex -6.12907 7.90155 40
      vertex -5.87785 8.09017 0
      vertex -6.12907 7.90155 0
    endloop
  endfacet
  facet normal -0.673009 0.739635 0
    outer loop
      vertex -6.61312 7.50111 0
      vertex -6.84547 7.28969 40
      vertex -6.61312 7.50111 40
    endloop
  endfacet
  facet normal -0.673009 0.739635 0
    outer loop
      vertex -6.84547 7.28969 40
      vertex -6.61312 7.50111 0
      vertex -6.84547 7.28969 0
    endloop
  endfacet
  facet normal -0.233455 0.972368 0
    outer loop
      vertex -2.18143 9.75917 0
      vertex -2.4869 9.68583 40
      vertex -2.18143 9.75917 40
    endloop
  endfacet
  facet normal -0.233455 0.972368 0
    outer loop
      vertex -2.4869 9.68583 40
      vertex -2.18143 9.75917 0
      vertex -2.4869 9.68583 0
    endloop
  endfacet
  facet normal -0.323895 0.946093 0
    outer loop
      vertex -3.09017 9.51056 0
      vertex -3.38738 9.40881 40
      vertex -3.09017 9.51056 40
    endloop
  endfacet
  facet normal -0.323895 0.946093 0
    outer loop
      vertex -3.38738 9.40881 40
      vertex -3.09017 9.51056 0
      vertex -3.38738 9.40881 0
    endloop
  endfacet
  facet normal -0.109727 0.993962 0
    outer loop
      vertex -0.941083 9.95562 0
      vertex -1.25333 9.92115 40
      vertex -0.941083 9.95562 40
    endloop
  endfacet
  facet normal -0.109727 0.993962 0
    outer loop
      vertex -1.25333 9.92115 40
      vertex -0.941083 9.95562 0
      vertex -1.25333 9.92115 0
    endloop
  endfacet
  facet normal -0.0157252 0.999876 0
    outer loop
      vertex 0 10 0
      vertex -0.314107 9.99506 40
      vertex 0 10 40
    endloop
  endfacet
  facet normal -0.0157252 0.999876 0
    outer loop
      vertex -0.314107 9.99506 40
      vertex 0 10 0
      vertex -0.314107 9.99506 0
    endloop
  endfacet
  facet normal 0.0157252 -0.999876 0
    outer loop
      vertex 0 -10 0
      vertex 0.314107 -9.99506 40
      vertex 0 -10 40
    endloop
  endfacet
  facet normal 0.0157252 -0.999876 0
    outer loop
      vertex 0.314107 -9.99506 40
      vertex 0 -10 0
      vertex 0.314107 -9.99506 0
    endloop
  endfacet
  facet normal 0.0784666 -0.996917 0
    outer loop
      vertex 0.627905 -9.98027 0
      vertex 0.941083 -9.95562 40
      vertex 0.627905 -9.98027 40
    endloop
  endfacet
  facet normal 0.0784666 -0.996917 0
    outer loop
      vertex 0.941083 -9.95562 40
      vertex 0.627905 -9.98027 0
      vertex 0.941083 -9.95562 0
    endloop
  endfacet
  facet normal 0.140922 -0.990021 0
    outer loop
      vertex 1.25333 -9.92115 0
      vertex 1.56434 -9.87688 40
      vertex 1.25333 -9.92115 40
    endloop
  endfacet
  facet normal 0.140922 -0.990021 0
    outer loop
      vertex 1.56434 -9.87688 40
      vertex 1.25333 -9.92115 0
      vertex 1.56434 -9.87688 0
    endloop
  endfacet
  facet normal 0.171926 -0.98511 0
    outer loop
      vertex 1.56434 -9.87688 0
      vertex 1.87381 -9.82287 40
      vertex 1.56434 -9.87688 40
    endloop
  endfacet
  facet normal 0.171926 -0.98511 0
    outer loop
      vertex 1.87381 -9.82287 40
      vertex 1.56434 -9.87688 0
      vertex 1.87381 -9.82287 0
    endloop
  endfacet
  facet normal 0.323895 -0.946093 0
    outer loop
      vertex 3.09017 -9.51056 0
      vertex 3.38738 -9.40881 40
      vertex 3.09017 -9.51056 40
    endloop
  endfacet
  facet normal 0.323895 -0.946093 0
    outer loop
      vertex 3.38738 -9.40881 40
      vertex 3.09017 -9.51056 0
      vertex 3.38738 -9.40881 0
    endloop
  endfacet
  facet normal 0.233455 -0.972368 0
    outer loop
      vertex 2.18143 -9.75917 0
      vertex 2.4869 -9.68583 40
      vertex 2.18143 -9.75917 40
    endloop
  endfacet
  facet normal 0.233455 -0.972368 0
    outer loop
      vertex 2.4869 -9.68583 40
      vertex 2.18143 -9.75917 0
      vertex 2.4869 -9.68583 0
    endloop
  endfacet
  facet normal 0.202772 -0.979226 0
    outer loop
      vertex 1.87381 -9.82287 0
      vertex 2.18143 -9.75917 40
      vertex 1.87381 -9.82287 40
    endloop
  endfacet
  facet normal 0.202772 -0.979226 0
    outer loop
      vertex 2.18143 -9.75917 40
      vertex 1.87381 -9.82287 0
      vertex 2.18143 -9.75917 0
    endloop
  endfacet
  facet normal 0.600418 -0.799687 0
    outer loop
      vertex 5.87785 -8.09017 0
      vertex 6.12907 -7.90155 40
      vertex 5.87785 -8.09017 40
    endloop
  endfacet
  facet normal 0.600418 -0.799687 0
    outer loop
      vertex 6.12907 -7.90155 40
      vertex 5.87785 -8.09017 0
      vertex 6.12907 -7.90155 0
    endloop
  endfacet
  facet normal 0.549024 -0.835807 0
    outer loop
      vertex 5.35827 -8.44328 0
      vertex 5.62083 -8.27081 40
      vertex 5.35827 -8.44328 40
    endloop
  endfacet
  facet normal 0.549024 -0.835807 0
    outer loop
      vertex 5.62083 -8.27081 40
      vertex 5.35827 -8.44328 0
      vertex 5.62083 -8.27081 0
    endloop
  endfacet
  facet normal 0.439954 -0.89802 0
    outer loop
      vertex 4.25779 -9.04827 0
      vertex 4.5399 -8.91006 40
      vertex 4.25779 -9.04827 40
    endloop
  endfacet
  facet normal 0.439954 -0.89802 0
    outer loop
      vertex 4.5399 -8.91006 40
      vertex 4.25779 -9.04827 0
      vertex 4.5399 -8.91006 0
    endloop
  endfacet
  facet normal 0.382653 -0.923892 0
    outer loop
      vertex 3.68124 -9.29776 0
      vertex 3.97148 -9.17755 40
      vertex 3.68124 -9.29776 40
    endloop
  endfacet
  facet normal 0.382653 -0.923892 0
    outer loop
      vertex 3.97148 -9.17755 40
      vertex 3.68124 -9.29776 0
      vertex 3.97148 -9.17755 0
    endloop
  endfacet
  facet normal 0.467898 -0.883782 0
    outer loop
      vertex 4.5399 -8.91006 0
      vertex 4.81754 -8.76307 40
      vertex 4.5399 -8.91006 40
    endloop
  endfacet
  facet normal 0.467898 -0.883782 0
    outer loop
      vertex 4.81754 -8.76307 40
      vertex 4.5399 -8.91006 0
      vertex 4.81754 -8.76307 0
    endloop
  endfacet
  facet normal 0.718129 -0.69591 0
    outer loop
      vertex 7.07107 -7.07107 40
      vertex 7.28969 -6.84547 0
      vertex 7.28969 -6.84547 40
    endloop
  endfacet
  facet normal 0.718129 -0.69591 0
    outer loop
      vertex 7.28969 -6.84547 0
      vertex 7.07107 -7.07107 40
      vertex 7.07107 -7.07107 0
    endloop
  endfacet
  facet normal 0.818145 -0.575012 0
    outer loop
      vertex 8.09017 -5.87785 40
      vertex 8.27081 -5.62083 0
      vertex 8.27081 -5.62083 40
    endloop
  endfacet
  facet normal 0.818145 -0.575012 0
    outer loop
      vertex 8.27081 -5.62083 0
      vertex 8.09017 -5.87785 40
      vertex 8.09017 -5.87785 0
    endloop
  endfacet
  facet normal 0.883782 -0.467898 0
    outer loop
      vertex 8.76307 -4.81754 40
      vertex 8.91006 -4.5399 0
      vertex 8.91006 -4.5399 40
    endloop
  endfacet
  facet normal 0.883782 -0.467898 0
    outer loop
      vertex 8.91006 -4.5399 0
      vertex 8.76307 -4.81754 40
      vertex 8.76307 -4.81754 0
    endloop
  endfacet
  facet normal 0.868621 -0.495477 0
    outer loop
      vertex 8.60742 -5.09041 40
      vertex 8.76307 -4.81754 0
      vertex 8.76307 -4.81754 40
    endloop
  endfacet
  facet normal 0.868621 -0.495477 0
    outer loop
      vertex 8.76307 -4.81754 0
      vertex 8.60742 -5.09041 40
      vertex 8.60742 -5.09041 0
    endloop
  endfacet
  facet normal 0.835807 -0.549024 0
    outer loop
      vertex 8.27081 -5.62083 40
      vertex 8.44328 -5.35827 0
      vertex 8.44328 -5.35827 40
    endloop
  endfacet
  facet normal 0.835807 -0.549024 0
    outer loop
      vertex 8.44328 -5.35827 0
      vertex 8.27081 -5.62083 40
      vertex 8.27081 -5.62083 0
    endloop
  endfacet
  facet normal 0.935434 -0.353501 0
    outer loop
      vertex 9.29776 -3.68124 40
      vertex 9.40881 -3.38738 0
      vertex 9.40881 -3.38738 40
    endloop
  endfacet
  facet normal 0.935434 -0.353501 0
    outer loop
      vertex 9.40881 -3.38738 0
      vertex 9.29776 -3.68124 40
      vertex 9.29776 -3.68124 0
    endloop
  endfacet
  facet normal 0.972368 -0.233455 0
    outer loop
      vertex 9.68583 -2.4869 40
      vertex 9.75917 -2.18143 0
      vertex 9.75917 -2.18143 40
    endloop
  endfacet
  facet normal 0.972368 -0.233455 0
    outer loop
      vertex 9.75917 -2.18143 0
      vertex 9.68583 -2.4869 40
      vertex 9.68583 -2.4869 0
    endloop
  endfacet
  facet normal 0.979226 -0.202772 0
    outer loop
      vertex 9.75917 -2.18143 40
      vertex 9.82287 -1.87381 0
      vertex 9.82287 -1.87381 40
    endloop
  endfacet
  facet normal 0.979226 -0.202772 0
    outer loop
      vertex 9.82287 -1.87381 0
      vertex 9.75917 -2.18143 40
      vertex 9.75917 -2.18143 0
    endloop
  endfacet
  facet normal 0.98511 -0.171926 0
    outer loop
      vertex 9.82287 -1.87381 40
      vertex 9.87688 -1.56434 0
      vertex 9.87688 -1.56434 40
    endloop
  endfacet
  facet normal 0.98511 -0.171926 0
    outer loop
      vertex 9.87688 -1.56434 0
      vertex 9.82287 -1.87381 40
      vertex 9.82287 -1.87381 0
    endloop
  endfacet
  facet normal -0.69591 -0.718129 0
    outer loop
      vertex -7.07107 -7.07107 0
      vertex -6.84547 -7.28969 40
      vertex -7.07107 -7.07107 40
    endloop
  endfacet
  facet normal -0.69591 -0.718129 -0
    outer loop
      vertex -6.84547 -7.28969 40
      vertex -7.07107 -7.07107 0
      vertex -6.84547 -7.28969 0
    endloop
  endfacet
  facet normal -0.575012 -0.818145 0
    outer loop
      vertex -5.87785 -8.09017 0
      vertex -5.62083 -8.27081 40
      vertex -5.87785 -8.09017 40
    endloop
  endfacet
  facet normal -0.575012 -0.818145 -0
    outer loop
      vertex -5.62083 -8.27081 40
      vertex -5.87785 -8.09017 0
      vertex -5.62083 -8.27081 0
    endloop
  endfacet
  facet normal -0.382653 -0.923892 0
    outer loop
      vertex -3.97148 -9.17755 0
      vertex -3.68124 -9.29776 40
      vertex -3.97148 -9.17755 40
    endloop
  endfacet
  facet normal -0.382653 -0.923892 -0
    outer loop
      vertex -3.68124 -9.29776 40
      vertex -3.97148 -9.17755 0
      vertex -3.68124 -9.29776 0
    endloop
  endfacet
  facet normal -0.467898 -0.883782 0
    outer loop
      vertex -4.81754 -8.76307 0
      vertex -4.5399 -8.91006 40
      vertex -4.81754 -8.76307 40
    endloop
  endfacet
  facet normal -0.467898 -0.883782 -0
    outer loop
      vertex -4.5399 -8.91006 40
      vertex -4.81754 -8.76307 0
      vertex -4.5399 -8.91006 0
    endloop
  endfacet
  facet normal -0.495477 -0.868621 0
    outer loop
      vertex -5.09041 -8.60742 0
      vertex -4.81754 -8.76307 40
      vertex -5.09041 -8.60742 40
    endloop
  endfacet
  facet normal -0.495477 -0.868621 -0
    outer loop
      vertex -4.81754 -8.76307 40
      vertex -5.09041 -8.60742 0
      vertex -4.81754 -8.76307 0
    endloop
  endfacet
  facet normal -0.549024 -0.835807 0
    outer loop
      vertex -5.62083 -8.27081 0
      vertex -5.35827 -8.44328 40
      vertex -5.62083 -8.27081 40
    endloop
  endfacet
  facet normal -0.549024 -0.835807 -0
    outer loop
      vertex -5.35827 -8.44328 40
      vertex -5.62083 -8.27081 0
      vertex -5.35827 -8.44328 0
    endloop
  endfacet
  facet normal -0.353501 -0.935434 0
    outer loop
      vertex -3.68124 -9.29776 0
      vertex -3.38738 -9.40881 40
      vertex -3.68124 -9.29776 40
    endloop
  endfacet
  facet normal -0.353501 -0.935434 -0
    outer loop
      vertex -3.38738 -9.40881 40
      vertex -3.68124 -9.29776 0
      vertex -3.38738 -9.40881 0
    endloop
  endfacet
  facet normal -0.323895 -0.946093 0
    outer loop
      vertex -3.38738 -9.40881 0
      vertex -3.09017 -9.51056 40
      vertex -3.38738 -9.40881 40
    endloop
  endfacet
  facet normal -0.323895 -0.946093 -0
    outer loop
      vertex -3.09017 -9.51056 40
      vertex -3.38738 -9.40881 0
      vertex -3.09017 -9.51056 0
    endloop
  endfacet
  facet normal -0.233455 -0.972368 0
    outer loop
      vertex -2.4869 -9.68583 0
      vertex -2.18143 -9.75917 40
      vertex -2.4869 -9.68583 40
    endloop
  endfacet
  facet normal -0.233455 -0.972368 -0
    outer loop
      vertex -2.18143 -9.75917 40
      vertex -2.4869 -9.68583 0
      vertex -2.18143 -9.75917 0
    endloop
  endfacet
  facet normal -0.171926 -0.98511 0
    outer loop
      vertex -1.87381 -9.82287 0
      vertex -1.56434 -9.87688 40
      vertex -1.87381 -9.82287 40
    endloop
  endfacet
  facet normal -0.171926 -0.98511 -0
    outer loop
      vertex -1.56434 -9.87688 40
      vertex -1.87381 -9.82287 0
      vertex -1.56434 -9.87688 0
    endloop
  endfacet
  facet normal -0.04708 -0.998891 0
    outer loop
      vertex -0.627905 -9.98027 0
      vertex -0.314107 -9.99506 40
      vertex -0.627905 -9.98027 40
    endloop
  endfacet
  facet normal -0.04708 -0.998891 -0
    outer loop
      vertex -0.314107 -9.99506 40
      vertex -0.627905 -9.98027 0
      vertex -0.314107 -9.99506 0
    endloop
  endfacet
  facet normal -0.923892 -0.382653 0
    outer loop
      vertex -9.17755 -3.97148 0
      vertex -9.29776 -3.68124 40
      vertex -9.29776 -3.68124 0
    endloop
  endfacet
  facet normal -0.923892 -0.382653 0
    outer loop
      vertex -9.29776 -3.68124 40
      vertex -9.17755 -3.97148 0
      vertex -9.17755 -3.97148 40
    endloop
  endfacet
  facet normal -0.89802 -0.439954 0
    outer loop
      vertex -8.91006 -4.5399 0
      vertex -9.04827 -4.25779 40
      vertex -9.04827 -4.25779 0
    endloop
  endfacet
  facet normal -0.89802 -0.439954 0
    outer loop
      vertex -9.04827 -4.25779 40
      vertex -8.91006 -4.5399 0
      vertex -8.91006 -4.5399 40
    endloop
  endfacet
  facet normal -0.852647 -0.522487 0
    outer loop
      vertex -8.44328 -5.35827 0
      vertex -8.60742 -5.09041 40
      vertex -8.60742 -5.09041 0
    endloop
  endfacet
  facet normal -0.852647 -0.522487 0
    outer loop
      vertex -8.60742 -5.09041 40
      vertex -8.44328 -5.35827 0
      vertex -8.44328 -5.35827 40
    endloop
  endfacet
  facet normal -0.799687 -0.600418 0
    outer loop
      vertex -7.90155 -6.12907 0
      vertex -8.09017 -5.87785 40
      vertex -8.09017 -5.87785 0
    endloop
  endfacet
  facet normal -0.799687 -0.600418 0
    outer loop
      vertex -8.09017 -5.87785 40
      vertex -7.90155 -6.12907 0
      vertex -7.90155 -6.12907 40
    endloop
  endfacet
  facet normal -0.935434 -0.353501 0
    outer loop
      vertex -9.29776 -3.68124 0
      vertex -9.40881 -3.38738 40
      vertex -9.40881 -3.38738 0
    endloop
  endfacet
  facet normal -0.935434 -0.353501 0
    outer loop
      vertex -9.40881 -3.38738 40
      vertex -9.29776 -3.68124 0
      vertex -9.29776 -3.68124 40
    endloop
  endfacet
  facet normal -0.979226 -0.202772 0
    outer loop
      vertex -9.75917 -2.18143 0
      vertex -9.82287 -1.87381 40
      vertex -9.82287 -1.87381 0
    endloop
  endfacet
  facet normal -0.979226 -0.202772 0
    outer loop
      vertex -9.82287 -1.87381 40
      vertex -9.75917 -2.18143 0
      vertex -9.75917 -2.18143 40
    endloop
  endfacet
  facet normal -0.996917 -0.0784666 0
    outer loop
      vertex -9.95562 -0.941083 0
      vertex -9.98027 -0.627905 40
      vertex -9.98027 -0.627905 0
    endloop
  endfacet
  facet normal -0.996917 -0.0784666 0
    outer loop
      vertex -9.98027 -0.627905 40
      vertex -9.95562 -0.941083 0
      vertex -9.95562 -0.941083 40
    endloop
  endfacet
  facet normal -0.999876 -0.0157252 0
    outer loop
      vertex -9.99506 -0.314107 0
      vertex -10 0 40
      vertex -10 0 0
    endloop
  endfacet
  facet normal -0.999876 -0.0157252 0
    outer loop
      vertex -10 0 40
      vertex -9.99506 -0.314107 0
      vertex -9.99506 -0.314107 40
    endloop
  endfacet
  facet normal 0.946093 0.323895 0
    outer loop
      vertex 9.51056 3.09017 40
      vertex 9.40881 3.38738 0
      vertex 9.40881 3.38738 40
    endloop
  endfacet
  facet normal 0.946093 0.323895 0
    outer loop
      vertex 9.40881 3.38738 0
      vertex 9.51056 3.09017 40
      vertex 9.51056 3.09017 0
    endloop
  endfacet
  facet normal 0.739635 0.673009 0
    outer loop
      vertex 7.50111 6.61312 40
      vertex 7.28969 6.84547 0
      vertex 7.28969 6.84547 40
    endloop
  endfacet
  facet normal 0.739635 0.673009 0
    outer loop
      vertex 7.28969 6.84547 0
      vertex 7.50111 6.61312 40
      vertex 7.50111 6.61312 0
    endloop
  endfacet
  facet normal 0.852647 0.522487 0
    outer loop
      vertex 8.60742 5.09041 40
      vertex 8.44328 5.35827 0
      vertex 8.44328 5.35827 40
    endloop
  endfacet
  facet normal 0.852647 0.522487 0
    outer loop
      vertex 8.44328 5.35827 0
      vertex 8.60742 5.09041 40
      vertex 8.60742 5.09041 0
    endloop
  endfacet
  facet normal 0.89802 0.439954 0
    outer loop
      vertex 9.04827 4.25779 40
      vertex 8.91006 4.5399 0
      vertex 8.91006 4.5399 40
    endloop
  endfacet
  facet normal 0.89802 0.439954 0
    outer loop
      vertex 8.91006 4.5399 0
      vertex 9.04827 4.25779 40
      vertex 9.04827 4.25779 0
    endloop
  endfacet
  facet normal 0.353501 0.935434 -0
    outer loop
      vertex 3.68124 9.29776 0
      vertex 3.38738 9.40881 40
      vertex 3.68124 9.29776 40
    endloop
  endfacet
  facet normal 0.353501 0.935434 0
    outer loop
      vertex 3.38738 9.40881 40
      vertex 3.68124 9.29776 0
      vertex 3.38738 9.40881 0
    endloop
  endfacet
  facet normal 0.233455 0.972368 -0
    outer loop
      vertex 2.4869 9.68583 0
      vertex 2.18143 9.75917 40
      vertex 2.4869 9.68583 40
    endloop
  endfacet
  facet normal 0.233455 0.972368 0
    outer loop
      vertex 2.18143 9.75917 40
      vertex 2.4869 9.68583 0
      vertex 2.18143 9.75917 0
    endloop
  endfacet
  facet normal 0.171926 0.98511 -0
    outer loop
      vertex 1.87381 9.82287 0
      vertex 1.56434 9.87688 40
      vertex 1.87381 9.82287 40
    endloop
  endfacet
  facet normal 0.171926 0.98511 0
    outer loop
      vertex 1.56434 9.87688 40
      vertex 1.87381 9.82287 0
      vertex 1.56434 9.87688 0
    endloop
  endfacet
  facet normal 0.549024 0.835807 -0
    outer loop
      vertex 5.62083 8.27081 0
      vertex 5.35827 8.44328 40
      vertex 5.62083 8.27081 40
    endloop
  endfacet
  facet normal 0.549024 0.835807 0
    outer loop
      vertex 5.35827 8.44328 40
      vertex 5.62083 8.27081 0
      vertex 5.35827 8.44328 0
    endloop
  endfacet
  facet normal 0.41153 0.911396 -0
    outer loop
      vertex 4.25779 9.04827 0
      vertex 3.97148 9.17755 40
      vertex 4.25779 9.04827 40
    endloop
  endfacet
  facet normal 0.41153 0.911396 0
    outer loop
      vertex 3.97148 9.17755 40
      vertex 4.25779 9.04827 0
      vertex 3.97148 9.17755 0
    endloop
  endfacet
  facet normal 0.625246 0.780428 -0
    outer loop
      vertex 6.37424 7.70513 0
      vertex 6.12907 7.90155 40
      vertex 6.37424 7.70513 40
    endloop
  endfacet
  facet normal 0.625246 0.780428 0
    outer loop
      vertex 6.12907 7.90155 40
      vertex 6.37424 7.70513 0
      vertex 6.12907 7.90155 0
    endloop
  endfacet
  facet normal -0.718129 0.69591 0
    outer loop
      vertex -7.28969 6.84547 0
      vertex -7.07107 7.07107 40
      vertex -7.07107 7.07107 0
    endloop
  endfacet
  facet normal -0.718129 0.69591 0
    outer loop
      vertex -7.07107 7.07107 40
      vertex -7.28969 6.84547 0
      vertex -7.28969 6.84547 40
    endloop
  endfacet
  facet normal -0.972368 0.233455 0
    outer loop
      vertex -9.75917 2.18143 0
      vertex -9.68583 2.4869 40
      vertex -9.68583 2.4869 0
    endloop
  endfacet
  facet normal -0.972368 0.233455 0
    outer loop
      vertex -9.68583 2.4869 40
      vertex -9.75917 2.18143 0
      vertex -9.75917 2.18143 40
    endloop
  endfacet
  facet normal -0.522487 0.852647 0
    outer loop
      vertex -5.09041 8.60742 0
      vertex -5.35827 8.44328 40
      vertex -5.09041 8.60742 40
    endloop
  endfacet
  facet normal -0.522487 0.852647 0
    outer loop
      vertex -5.35827 8.44328 40
      vertex -5.09041 8.60742 0
      vertex -5.35827 8.44328 0
    endloop
  endfacet
  facet normal -0.202772 0.979226 0
    outer loop
      vertex -1.87381 9.82287 0
      vertex -2.18143 9.75917 40
      vertex -1.87381 9.82287 40
    endloop
  endfacet
  facet normal -0.202772 0.979226 0
    outer loop
      vertex -2.18143 9.75917 40
      vertex -1.87381 9.82287 0
      vertex -2.18143 9.75917 0
    endloop
  endfacet
  facet normal -0.140922 0.990021 0
    outer loop
      vertex -1.25333 9.92115 0
      vertex -1.56434 9.87688 40
      vertex -1.25333 9.92115 40
    endloop
  endfacet
  facet normal -0.140922 0.990021 0
    outer loop
      vertex -1.56434 9.87688 40
      vertex -1.25333 9.92115 0
      vertex -1.56434 9.87688 0
    endloop
  endfacet
  facet normal 0.04708 -0.998891 0
    outer loop
      vertex 0.314107 -9.99506 0
      vertex 0.627905 -9.98027 40
      vertex 0.314107 -9.99506 40
    endloop
  endfacet
  facet normal 0.04708 -0.998891 0
    outer loop
      vertex 0.627905 -9.98027 40
      vertex 0.314107 -9.99506 0
      vertex 0.627905 -9.98027 0
    endloop
  endfacet
  facet normal 0.353501 -0.935434 0
    outer loop
      vertex 3.38738 -9.40881 0
      vertex 3.68124 -9.29776 40
      vertex 3.38738 -9.40881 40
    endloop
  endfacet
  facet normal 0.353501 -0.935434 0
    outer loop
      vertex 3.68124 -9.29776 40
      vertex 3.38738 -9.40881 0
      vertex 3.68124 -9.29776 0
    endloop
  endfacet
  facet normal 0.69591 -0.718129 0
    outer loop
      vertex 6.84547 -7.28969 0
      vertex 7.07107 -7.07107 40
      vertex 6.84547 -7.28969 40
    endloop
  endfacet
  facet normal 0.69591 -0.718129 0
    outer loop
      vertex 7.07107 -7.07107 40
      vertex 6.84547 -7.28969 0
      vertex 7.07107 -7.07107 0
    endloop
  endfacet
  facet normal 0.625246 -0.780428 0
    outer loop
      vertex 6.12907 -7.90155 0
      vertex 6.37424 -7.70513 40
      vertex 6.12907 -7.90155 40
    endloop
  endfacet
  facet normal 0.625246 -0.780428 0
    outer loop
      vertex 6.37424 -7.70513 40
      vertex 6.12907 -7.90155 0
      vertex 6.37424 -7.70513 0
    endloop
  endfacet
  facet normal 0.41153 -0.911396 0
    outer loop
      vertex 3.97148 -9.17755 0
      vertex 4.25779 -9.04827 40
      vertex 3.97148 -9.17755 40
    endloop
  endfacet
  facet normal 0.41153 -0.911396 0
    outer loop
      vertex 4.25779 -9.04827 40
      vertex 3.97148 -9.17755 0
      vertex 4.25779 -9.04827 0
    endloop
  endfacet
  facet normal 0.739635 -0.673009 0
    outer loop
      vertex 7.28969 -6.84547 40
      vertex 7.50111 -6.61312 0
      vertex 7.50111 -6.61312 40
    endloop
  endfacet
  facet normal 0.739635 -0.673009 0
    outer loop
      vertex 7.50111 -6.61312 0
      vertex 7.28969 -6.84547 40
      vertex 7.28969 -6.84547 0
    endloop
  endfacet
  facet normal 0.799687 -0.600418 0
    outer loop
      vertex 7.90155 -6.12907 40
      vertex 8.09017 -5.87785 0
      vertex 8.09017 -5.87785 40
    endloop
  endfacet
  facet normal 0.799687 -0.600418 0
    outer loop
      vertex 8.09017 -5.87785 0
      vertex 7.90155 -6.12907 40
      vertex 7.90155 -6.12907 0
    endloop
  endfacet
  facet normal 0.923892 -0.382653 0
    outer loop
      vertex 9.17755 -3.97148 40
      vertex 9.29776 -3.68124 0
      vertex 9.29776 -3.68124 40
    endloop
  endfacet
  facet normal 0.923892 -0.382653 0
    outer loop
      vertex 9.29776 -3.68124 0
      vertex 9.17755 -3.97148 40
      vertex 9.17755 -3.97148 0
    endloop
  endfacet
  facet normal 0.89802 -0.439954 0
    outer loop
      vertex 8.91006 -4.5399 40
      vertex 9.04827 -4.25779 0
      vertex 9.04827 -4.25779 40
    endloop
  endfacet
  facet normal 0.89802 -0.439954 0
    outer loop
      vertex 9.04827 -4.25779 0
      vertex 8.91006 -4.5399 40
      vertex 8.91006 -4.5399 0
    endloop
  endfacet
  facet normal 0.946093 -0.323895 0
    outer loop
      vertex 9.40881 -3.38738 40
      vertex 9.51056 -3.09017 0
      vertex 9.51056 -3.09017 40
    endloop
  endfacet
  facet normal 0.946093 -0.323895 0
    outer loop
      vertex 9.51056 -3.09017 0
      vertex 9.40881 -3.38738 40
      vertex 9.40881 -3.38738 0
    endloop
  endfacet
  facet normal 0.990021 -0.140922 0
    outer loop
      vertex 9.87688 -1.56434 40
      vertex 9.92115 -1.25333 0
      vertex 9.92115 -1.25333 40
    endloop
  endfacet
  facet normal 0.990021 -0.140922 0
    outer loop
      vertex 9.92115 -1.25333 0
      vertex 9.87688 -1.56434 40
      vertex 9.87688 -1.56434 0
    endloop
  endfacet
  facet normal 0.996917 -0.0784666 0
    outer loop
      vertex 9.95562 -0.941083 40
      vertex 9.98027 -0.627905 0
      vertex 9.98027 -0.627905 40
    endloop
  endfacet
  facet normal 0.996917 -0.0784666 0
    outer loop
      vertex 9.98027 -0.627905 0
      vertex 9.95562 -0.941083 40
      vertex 9.95562 -0.941083 0
    endloop
  endfacet
  facet normal 0.998891 -0.04708 0
    outer loop
      vertex 9.98027 -0.627905 40
      vertex 9.99506 -0.314107 0
      vertex 9.99506 -0.314107 40
    endloop
  endfacet
  facet normal 0.998891 -0.04708 0
    outer loop
      vertex 9.99506 -0.314107 0
      vertex 9.98027 -0.627905 40
      vertex 9.98027 -0.627905 0
    endloop
  endfacet
  facet normal -0.673009 -0.739635 0
    outer loop
      vertex -6.84547 -7.28969 0
      vertex -6.61312 -7.50111 40
      vertex -6.84547 -7.28969 40
    endloop
  endfacet
  facet normal -0.673009 -0.739635 -0
    outer loop
      vertex -6.61312 -7.50111 40
      vertex -6.84547 -7.28969 0
      vertex -6.61312 -7.50111 0
    endloop
  endfacet
  facet normal -0.600418 -0.799687 0
    outer loop
      vertex -6.12907 -7.90155 0
      vertex -5.87785 -8.09017 40
      vertex -6.12907 -7.90155 40
    endloop
  endfacet
  facet normal -0.600418 -0.799687 -0
    outer loop
      vertex -5.87785 -8.09017 40
      vertex -6.12907 -7.90155 0
      vertex -5.87785 -8.09017 0
    endloop
  endfacet
  facet normal -0.439954 -0.89802 0
    outer loop
      vertex -4.5399 -8.91006 0
      vertex -4.25779 -9.04827 40
      vertex -4.5399 -8.91006 40
    endloop
  endfacet
  facet normal -0.439954 -0.89802 -0
    outer loop
      vertex -4.25779 -9.04827 40
      vertex -4.5399 -8.91006 0
      vertex -4.25779 -9.04827 0
    endloop
  endfacet
  facet normal -0.202772 -0.979226 0
    outer loop
      vertex -2.18143 -9.75917 0
      vertex -1.87381 -9.82287 40
      vertex -2.18143 -9.75917 40
    endloop
  endfacet
  facet normal -0.202772 -0.979226 -0
    outer loop
      vertex -1.87381 -9.82287 40
      vertex -2.18143 -9.75917 0
      vertex -1.87381 -9.82287 0
    endloop
  endfacet
  facet normal -0.140922 -0.990021 0
    outer loop
      vertex -1.56434 -9.87688 0
      vertex -1.25333 -9.92115 40
      vertex -1.56434 -9.87688 40
    endloop
  endfacet
  facet normal -0.140922 -0.990021 -0
    outer loop
      vertex -1.25333 -9.92115 40
      vertex -1.56434 -9.87688 0
      vertex -1.25333 -9.92115 0
    endloop
  endfacet
  facet normal -0.0157252 -0.999876 0
    outer loop
      vertex -0.314107 -9.99506 0
      vertex 0 -10 40
      vertex -0.314107 -9.99506 40
    endloop
  endfacet
  facet normal -0.0157252 -0.999876 -0
    outer loop
      vertex 0 -10 40
      vertex -0.314107 -9.99506 0
      vertex 0 -10 0
    endloop
  endfacet
  facet normal -0.883782 -0.467898 0
    outer loop
      vertex -8.76307 -4.81754 0
      vertex -8.91006 -4.5399 40
      vertex -8.91006 -4.5399 0
    endloop
  endfacet
  facet normal -0.883782 -0.467898 0
    outer loop
      vertex -8.91006 -4.5399 40
      vertex -8.76307 -4.81754 0
      vertex -8.76307 -4.81754 40
    endloop
  endfacet
  facet normal -0.911396 -0.41153 0
    outer loop
      vertex -9.04827 -4.25779 0
      vertex -9.17755 -3.97148 40
      vertex -9.17755 -3.97148 0
    endloop
  endfacet
  facet normal -0.911396 -0.41153 0
    outer loop
      vertex -9.17755 -3.97148 40
      vertex -9.04827 -4.25779 0
      vertex -9.04827 -4.25779 40
    endloop
  endfacet
  facet normal -0.835807 -0.549024 0
    outer loop
      vertex -8.27081 -5.62083 0
      vertex -8.44328 -5.35827 40
      vertex -8.44328 -5.35827 0
    endloop
  endfacet
  facet normal -0.835807 -0.549024 0
    outer loop
      vertex -8.44328 -5.35827 40
      vertex -8.27081 -5.62083 0
      vertex -8.27081 -5.62083 40
    endloop
  endfacet
  facet normal -0.718129 -0.69591 0
    outer loop
      vertex -7.07107 -7.07107 0
      vertex -7.28969 -6.84547 40
      vertex -7.28969 -6.84547 0
    endloop
  endfacet
  facet normal -0.718129 -0.69591 0
    outer loop
      vertex -7.28969 -6.84547 40
      vertex -7.07107 -7.07107 0
      vertex -7.07107 -7.07107 40
    endloop
  endfacet
  facet normal -0.780428 -0.625246 0
    outer loop
      vertex -7.70513 -6.37424 0
      vertex -7.90155 -6.12907 40
      vertex -7.90155 -6.12907 0
    endloop
  endfacet
  facet normal -0.780428 -0.625246 0
    outer loop
      vertex -7.90155 -6.12907 40
      vertex -7.70513 -6.37424 0
      vertex -7.70513 -6.37424 40
    endloop
  endfacet
  facet normal -0.972368 -0.233455 0
    outer loop
      vertex -9.68583 -2.4869 0
      vertex -9.75917 -2.18143 40
      vertex -9.75917 -2.18143 0
    endloop
  endfacet
  facet normal -0.972368 -0.233455 0
    outer loop
      vertex -9.75917 -2.18143 40
      vertex -9.68583 -2.4869 0
      vertex -9.68583 -2.4869 40
    endloop
  endfacet
  facet normal -0.98511 -0.171926 0
    outer loop
      vertex -9.82287 -1.87381 0
      vertex -9.87688 -1.56434 40
      vertex -9.87688 -1.56434 0
    endloop
  endfacet
  facet normal -0.98511 -0.171926 0
    outer loop
      vertex -9.87688 -1.56434 40
      vertex -9.82287 -1.87381 0
      vertex -9.82287 -1.87381 40
    endloop
  endfacet
  facet normal -0.998891 -0.04708 0
    outer loop
      vertex -9.98027 -0.627905 0
      vertex -9.99506 -0.314107 40
      vertex -9.99506 -0.314107 0
    endloop
  endfacet
  facet normal -0.998891 -0.04708 0
    outer loop
      vertex -9.99506 -0.314107 40
      vertex -9.98027 -0.627905 0
      vertex -9.98027 -0.627905 40
    endloop
  endfacet
  facet normal 0.999876 -0.0157252 0
    outer loop
      vertex 9.99506 -0.314107 40
      vertex 10 0 0
      vertex 10 0 40
    endloop
  endfacet
  facet normal 0.999876 -0.0157252 0
    outer loop
      vertex 10 0 0
      vertex 9.99506 -0.314107 40
      vertex 9.99506 -0.314107 0
    endloop
  endfacet
  facet normal -0.999876 -0.0157252 0
    outer loop
      vertex 5 0 0
      vertex 4.99753 0.157053 40
      vertex 4.99753 0.157053 0
    endloop
  endfacet
  facet normal -0.999876 -0.0157252 0
    outer loop
      vertex 4.99753 0.157053 40
      vertex 5 0 0
      vertex 5 0 40
    endloop
  endfacet
  facet normal 0.999876 -0.0157252 0
    outer loop
      vertex -5 0 40
      vertex -4.99753 0.157053 0
      vertex -4.99753 0.157053 40
    endloop
  endfacet
  facet normal 0.999876 -0.0157252 0
    outer loop
      vertex -4.99753 0.157053 0
      vertex -5 0 40
      vertex -5 0 0
    endloop
  endfacet
  facet normal -0.0157252 -0.999876 0
    outer loop
      vertex 0 5 0
      vertex 0.157053 4.99753 40
      vertex 0 5 40
    endloop
  endfacet
  facet normal -0.0157252 -0.999876 -0
    outer loop
      vertex 0.157053 4.99753 40
      vertex 0 5 0
      vertex 0.157053 4.99753 0
    endloop
  endfacet
  facet normal -0.718098 -0.695942 0
    outer loop
      vertex 3.64484 3.42274 0
      vertex 3.53553 3.53553 40
      vertex 3.53553 3.53553 0
    endloop
  endfacet
  facet normal -0.718098 -0.695942 0
    outer loop
      vertex 3.53553 3.53553 40
      vertex 3.64484 3.42274 0
      vertex 3.64484 3.42274 40
    endloop
  endfacet
  facet normal 0.695942 -0.718098 0
    outer loop
      vertex -3.53553 3.53553 0
      vertex -3.42274 3.64484 40
      vertex -3.53553 3.53553 40
    endloop
  endfacet
  facet normal 0.695942 -0.718098 0
    outer loop
      vertex -3.42274 3.64484 40
      vertex -3.53553 3.53553 0
      vertex -3.42274 3.64484 0
    endloop
  endfacet
  facet normal 0.38268 -0.923881 0
    outer loop
      vertex -1.98574 4.58877 0
      vertex -1.84062 4.64888 40
      vertex -1.98574 4.58877 40
    endloop
  endfacet
  facet normal 0.38268 -0.923881 0
    outer loop
      vertex -1.84062 4.64888 40
      vertex -1.98574 4.58877 0
      vertex -1.84062 4.64888 0
    endloop
  endfacet
  facet normal -0.923881 -0.38268 0
    outer loop
      vertex 4.64888 1.84062 0
      vertex 4.58877 1.98574 40
      vertex 4.58877 1.98574 0
    endloop
  endfacet
  facet normal -0.923881 -0.38268 0
    outer loop
      vertex 4.58877 1.98574 40
      vertex 4.64888 1.84062 0
      vertex 4.64888 1.84062 40
    endloop
  endfacet
  facet normal -0.575012 -0.818145 0
    outer loop
      vertex 2.81042 4.1354 0
      vertex 2.93893 4.04508 40
      vertex 2.81042 4.1354 40
    endloop
  endfacet
  facet normal -0.575012 -0.818145 -0
    outer loop
      vertex 2.93893 4.04508 40
      vertex 2.81042 4.1354 0
      vertex 2.93893 4.04508 0
    endloop
  endfacet
  facet normal 0.739617 -0.673028 0
    outer loop
      vertex -3.75056 3.30656 40
      vertex -3.64484 3.42274 0
      vertex -3.64484 3.42274 40
    endloop
  endfacet
  facet normal 0.739617 -0.673028 0
    outer loop
      vertex -3.64484 3.42274 0
      vertex -3.75056 3.30656 40
      vertex -3.75056 3.30656 0
    endloop
  endfacet
  facet normal 0.718098 0.695942 0
    outer loop
      vertex -3.53553 -3.53553 40
      vertex -3.64484 -3.42274 0
      vertex -3.64484 -3.42274 40
    endloop
  endfacet
  facet normal 0.718098 0.695942 0
    outer loop
      vertex -3.64484 -3.42274 0
      vertex -3.53553 -3.53553 40
      vertex -3.53553 -3.53553 0
    endloop
  endfacet
  facet normal 0.993958 0.109757 0
    outer loop
      vertex -4.96057 -0.626666 40
      vertex -4.97781 -0.470541 0
      vertex -4.97781 -0.470541 40
    endloop
  endfacet
  facet normal 0.993958 0.109757 0
    outer loop
      vertex -4.97781 -0.470541 0
      vertex -4.96057 -0.626666 40
      vertex -4.96057 -0.626666 0
    endloop
  endfacet
  facet normal -0.353474 -0.935444 0
    outer loop
      vertex 1.69369 4.7044 0
      vertex 1.84062 4.64888 40
      vertex 1.69369 4.7044 40
    endloop
  endfacet
  facet normal -0.353474 -0.935444 -0
    outer loop
      vertex 1.84062 4.64888 40
      vertex 1.69369 4.7044 0
      vertex 1.84062 4.64888 0
    endloop
  endfacet
  facet normal 0.955786 -0.294063 0
    outer loop
      vertex -4.80147 1.39495 40
      vertex -4.75528 1.54508 0
      vertex -4.75528 1.54508 40
    endloop
  endfacet
  facet normal 0.955786 -0.294063 0
    outer loop
      vertex -4.75528 1.54508 0
      vertex -4.80147 1.39495 40
      vertex -4.80147 1.39495 0
    endloop
  endfacet
  facet normal 0.495439 -0.868642 0
    outer loop
      vertex -2.54521 4.30371 0
      vertex -2.40877 4.38153 40
      vertex -2.54521 4.30371 40
    endloop
  endfacet
  facet normal 0.495439 -0.868642 0
    outer loop
      vertex -2.40877 4.38153 40
      vertex -2.54521 4.30371 0
      vertex -2.40877 4.38153 0
    endloop
  endfacet
  facet normal 0.467923 -0.883769 0
    outer loop
      vertex -2.40877 4.38153 0
      vertex -2.26995 4.45503 40
      vertex -2.40877 4.38153 40
    endloop
  endfacet
  facet normal 0.467923 -0.883769 0
    outer loop
      vertex -2.26995 4.45503 40
      vertex -2.40877 4.38153 0
      vertex -2.26995 4.45503 0
    endloop
  endfacet
  facet normal 0.0784349 -0.996919 0
    outer loop
      vertex -0.470541 4.97781 0
      vertex -0.313952 4.99013 40
      vertex -0.470541 4.97781 40
    endloop
  endfacet
  facet normal 0.0784349 -0.996919 0
    outer loop
      vertex -0.313952 4.99013 40
      vertex -0.470541 4.97781 0
      vertex -0.313952 4.99013 0
    endloop
  endfacet
  facet normal -0.96455 0.263898 0
    outer loop
      vertex 4.80147 -1.39495 0
      vertex 4.84292 -1.24345 40
      vertex 4.84292 -1.24345 0
    endloop
  endfacet
  facet normal -0.96455 0.263898 0
    outer loop
      vertex 4.84292 -1.24345 40
      vertex 4.80147 -1.39495 0
      vertex 4.80147 -1.39495 40
    endloop
  endfacet
  facet normal -0.109757 0.993958 0
    outer loop
      vertex 0.626666 -4.96057 0
      vertex 0.470541 -4.97781 40
      vertex 0.626666 -4.96057 40
    endloop
  endfacet
  facet normal -0.109757 0.993958 0
    outer loop
      vertex 0.470541 -4.97781 40
      vertex 0.626666 -4.96057 0
      vertex 0.470541 -4.97781 0
    endloop
  endfacet
  facet normal -0.38268 0.923881 0
    outer loop
      vertex 1.98574 -4.58877 0
      vertex 1.84062 -4.64888 40
      vertex 1.98574 -4.58877 40
    endloop
  endfacet
  facet normal -0.38268 0.923881 0
    outer loop
      vertex 1.84062 -4.64888 40
      vertex 1.98574 -4.58877 0
      vertex 1.84062 -4.64888 0
    endloop
  endfacet
  facet normal -0.695942 0.718098 0
    outer loop
      vertex 3.53553 -3.53553 0
      vertex 3.42274 -3.64484 40
      vertex 3.53553 -3.53553 40
    endloop
  endfacet
  facet normal -0.695942 0.718098 0
    outer loop
      vertex 3.42274 -3.64484 40
      vertex 3.53553 -3.53553 0
      vertex 3.42274 -3.64484 0
    endloop
  endfacet
  facet normal -0.522516 0.85263 0
    outer loop
      vertex 2.67913 -4.22164 0
      vertex 2.54521 -4.30371 40
      vertex 2.67913 -4.22164 40
    endloop
  endfacet
  facet normal -0.522516 0.85263 0
    outer loop
      vertex 2.54521 -4.30371 40
      vertex 2.67913 -4.22164 0
      vertex 2.54521 -4.30371 0
    endloop
  endfacet
  facet normal -0.780446 0.625223 0
    outer loop
      vertex 3.85257 -3.18712 0
      vertex 3.95077 -3.06454 40
      vertex 3.95077 -3.06454 0
    endloop
  endfacet
  facet normal -0.780446 0.625223 0
    outer loop
      vertex 3.95077 -3.06454 40
      vertex 3.85257 -3.18712 0
      vertex 3.85257 -3.18712 40
    endloop
  endfacet
  facet normal -0.923881 0.38268 0
    outer loop
      vertex 4.58877 -1.98574 0
      vertex 4.64888 -1.84062 40
      vertex 4.64888 -1.84062 0
    endloop
  endfacet
  facet normal -0.923881 0.38268 0
    outer loop
      vertex 4.64888 -1.84062 40
      vertex 4.58877 -1.98574 0
      vertex 4.58877 -1.98574 40
    endloop
  endfacet
  facet normal 0.294063 0.955786 -0
    outer loop
      vertex -1.39495 -4.80147 0
      vertex -1.54508 -4.75528 40
      vertex -1.39495 -4.80147 40
    endloop
  endfacet
  facet normal 0.294063 0.955786 0
    outer loop
      vertex -1.54508 -4.75528 40
      vertex -1.39495 -4.80147 0
      vertex -1.54508 -4.75528 0
    endloop
  endfacet
  facet normal 0.625223 0.780446 -0
    outer loop
      vertex -3.06454 -3.95077 0
      vertex -3.18712 -3.85257 40
      vertex -3.06454 -3.95077 40
    endloop
  endfacet
  facet normal 0.625223 0.780446 0
    outer loop
      vertex -3.18712 -3.85257 40
      vertex -3.06454 -3.95077 0
      vertex -3.18712 -3.85257 0
    endloop
  endfacet
  facet normal 0.439941 0.898027 -0
    outer loop
      vertex -2.1289 -4.52413 0
      vertex -2.26995 -4.45503 40
      vertex -2.1289 -4.52413 40
    endloop
  endfacet
  facet normal 0.439941 0.898027 0
    outer loop
      vertex -2.26995 -4.45503 40
      vertex -2.1289 -4.52413 0
      vertex -2.26995 -4.45503 0
    endloop
  endfacet
  facet normal 0.868642 0.495439 0
    outer loop
      vertex -4.30371 -2.54521 40
      vertex -4.38153 -2.40877 0
      vertex -4.38153 -2.40877 40
    endloop
  endfacet
  facet normal 0.868642 0.495439 0
    outer loop
      vertex -4.38153 -2.40877 0
      vertex -4.30371 -2.54521 40
      vertex -4.30371 -2.54521 0
    endloop
  endfacet
  facet normal 0.923881 0.38268 0
    outer loop
      vertex -4.58877 -1.98574 40
      vertex -4.64888 -1.84062 0
      vertex -4.64888 -1.84062 40
    endloop
  endfacet
  facet normal 0.923881 0.38268 0
    outer loop
      vertex -4.64888 -1.84062 0
      vertex -4.58877 -1.98574 40
      vertex -4.58877 -1.98574 0
    endloop
  endfacet
  facet normal -0.996919 -0.0784349 0
    outer loop
      vertex 4.99013 0.313952 0
      vertex 4.97781 0.470541 40
      vertex 4.97781 0.470541 0
    endloop
  endfacet
  facet normal -0.996919 -0.0784349 0
    outer loop
      vertex 4.97781 0.470541 40
      vertex 4.99013 0.313952 0
      vertex 4.99013 0.313952 40
    endloop
  endfacet
  facet normal -0.99889 -0.0471117 0
    outer loop
      vertex 4.99753 0.157053 0
      vertex 4.99013 0.313952 40
      vertex 4.99013 0.313952 0
    endloop
  endfacet
  facet normal -0.99889 -0.0471117 0
    outer loop
      vertex 4.99013 0.313952 40
      vertex 4.99753 0.157053 0
      vertex 4.99753 0.157053 40
    endloop
  endfacet
  facet normal -0.979214 -0.202828 0
    outer loop
      vertex 4.91144 0.936906 0
      vertex 4.87958 1.09072 40
      vertex 4.87958 1.09072 0
    endloop
  endfacet
  facet normal -0.979214 -0.202828 0
    outer loop
      vertex 4.87958 1.09072 40
      vertex 4.91144 0.936906 0
      vertex 4.91144 0.936906 40
    endloop
  endfacet
  facet normal -0.985115 -0.171896 0
    outer loop
      vertex 4.93844 0.782172 0
      vertex 4.91144 0.936906 40
      vertex 4.91144 0.936906 0
    endloop
  endfacet
  facet normal -0.985115 -0.171896 0
    outer loop
      vertex 4.91144 0.936906 40
      vertex 4.93844 0.782172 0
      vertex 4.93844 0.782172 40
    endloop
  endfacet
  facet normal -0.97238 -0.233402 0
    outer loop
      vertex 4.87958 1.09072 0
      vertex 4.84292 1.24345 40
      vertex 4.84292 1.24345 0
    endloop
  endfacet
  facet normal -0.97238 -0.233402 0
    outer loop
      vertex 4.84292 1.24345 40
      vertex 4.87958 1.09072 0
      vertex 4.87958 1.09072 40
    endloop
  endfacet
  facet normal -0.96455 -0.263898 0
    outer loop
      vertex 4.84292 1.24345 0
      vertex 4.80147 1.39495 40
      vertex 4.80147 1.39495 0
    endloop
  endfacet
  facet normal -0.96455 -0.263898 0
    outer loop
      vertex 4.80147 1.39495 40
      vertex 4.84292 1.24345 0
      vertex 4.84292 1.24345 40
    endloop
  endfacet
  facet normal -0.799687 -0.600418 0
    outer loop
      vertex 4.04508 2.93893 0
      vertex 3.95077 3.06454 40
      vertex 3.95077 3.06454 0
    endloop
  endfacet
  facet normal -0.799687 -0.600418 0
    outer loop
      vertex 3.95077 3.06454 40
      vertex 4.04508 2.93893 0
      vertex 4.04508 2.93893 40
    endloop
  endfacet
  facet normal -0.883769 -0.467923 0
    outer loop
      vertex 4.45503 2.26995 0
      vertex 4.38153 2.40877 40
      vertex 4.38153 2.40877 0
    endloop
  endfacet
  facet normal -0.883769 -0.467923 0
    outer loop
      vertex 4.38153 2.40877 40
      vertex 4.45503 2.26995 0
      vertex 4.45503 2.26995 40
    endloop
  endfacet
  facet normal -0.868642 -0.495439 0
    outer loop
      vertex 4.38153 2.40877 0
      vertex 4.30371 2.54521 40
      vertex 4.30371 2.54521 0
    endloop
  endfacet
  facet normal -0.868642 -0.495439 0
    outer loop
      vertex 4.30371 2.54521 40
      vertex 4.38153 2.40877 0
      vertex 4.38153 2.40877 40
    endloop
  endfacet
  facet normal -0.109757 -0.993958 0
    outer loop
      vertex 0.470541 4.97781 0
      vertex 0.626666 4.96057 40
      vertex 0.470541 4.97781 40
    endloop
  endfacet
  facet normal -0.109757 -0.993958 -0
    outer loop
      vertex 0.626666 4.96057 40
      vertex 0.470541 4.97781 0
      vertex 0.626666 4.96057 0
    endloop
  endfacet
  facet normal -0.38268 -0.923881 0
    outer loop
      vertex 1.84062 4.64888 0
      vertex 1.98574 4.58877 40
      vertex 1.84062 4.64888 40
    endloop
  endfacet
  facet normal -0.38268 -0.923881 -0
    outer loop
      vertex 1.98574 4.58877 40
      vertex 1.84062 4.64888 0
      vertex 1.98574 4.58877 0
    endloop
  endfacet
  facet normal -0.263898 -0.96455 0
    outer loop
      vertex 1.24345 4.84292 0
      vertex 1.39495 4.80147 40
      vertex 1.24345 4.84292 40
    endloop
  endfacet
  facet normal -0.263898 -0.96455 -0
    outer loop
      vertex 1.39495 4.80147 40
      vertex 1.24345 4.84292 0
      vertex 1.39495 4.80147 0
    endloop
  endfacet
  facet normal -0.14089 -0.990025 0
    outer loop
      vertex 0.626666 4.96057 0
      vertex 0.782172 4.93844 40
      vertex 0.626666 4.96057 40
    endloop
  endfacet
  facet normal -0.14089 -0.990025 -0
    outer loop
      vertex 0.782172 4.93844 40
      vertex 0.626666 4.96057 0
      vertex 0.782172 4.93844 0
    endloop
  endfacet
  facet normal -0.0784349 -0.996919 0
    outer loop
      vertex 0.313952 4.99013 0
      vertex 0.470541 4.97781 40
      vertex 0.313952 4.99013 40
    endloop
  endfacet
  facet normal -0.0784349 -0.996919 -0
    outer loop
      vertex 0.470541 4.97781 40
      vertex 0.313952 4.99013 0
      vertex 0.470541 4.97781 0
    endloop
  endfacet
  facet normal -0.522516 -0.85263 0
    outer loop
      vertex 2.54521 4.30371 0
      vertex 2.67913 4.22164 40
      vertex 2.54521 4.30371 40
    endloop
  endfacet
  facet normal -0.522516 -0.85263 -0
    outer loop
      vertex 2.67913 4.22164 40
      vertex 2.54521 4.30371 0
      vertex 2.67913 4.22164 0
    endloop
  endfacet
  facet normal -0.495439 -0.868642 0
    outer loop
      vertex 2.40877 4.38153 0
      vertex 2.54521 4.30371 40
      vertex 2.40877 4.38153 40
    endloop
  endfacet
  facet normal -0.495439 -0.868642 -0
    outer loop
      vertex 2.54521 4.30371 40
      vertex 2.40877 4.38153 0
      vertex 2.54521 4.30371 0
    endloop
  endfacet
  facet normal -0.467923 -0.883769 0
    outer loop
      vertex 2.26995 4.45503 0
      vertex 2.40877 4.38153 40
      vertex 2.26995 4.45503 40
    endloop
  endfacet
  facet normal -0.467923 -0.883769 -0
    outer loop
      vertex 2.40877 4.38153 40
      vertex 2.26995 4.45503 0
      vertex 2.40877 4.38153 0
    endloop
  endfacet
  facet normal -0.695942 -0.718098 0
    outer loop
      vertex 3.42274 3.64484 0
      vertex 3.53553 3.53553 40
      vertex 3.42274 3.64484 40
    endloop
  endfacet
  facet normal -0.695942 -0.718098 -0
    outer loop
      vertex 3.53553 3.53553 40
      vertex 3.42274 3.64484 0
      vertex 3.53553 3.53553 0
    endloop
  endfacet
  facet normal 0.993958 -0.109757 0
    outer loop
      vertex -4.97781 0.470541 40
      vertex -4.96057 0.626666 0
      vertex -4.96057 0.626666 40
    endloop
  endfacet
  facet normal 0.993958 -0.109757 0
    outer loop
      vertex -4.96057 0.626666 0
      vertex -4.97781 0.470541 40
      vertex -4.97781 0.470541 0
    endloop
  endfacet
  facet normal 0.718098 -0.695942 0
    outer loop
      vertex -3.64484 3.42274 40
      vertex -3.53553 3.53553 0
      vertex -3.53553 3.53553 40
    endloop
  endfacet
  facet normal 0.718098 -0.695942 0
    outer loop
      vertex -3.53553 3.53553 0
      vertex -3.64484 3.42274 40
      vertex -3.64484 3.42274 0
    endloop
  endfacet
  facet normal 0.818145 -0.575012 0
    outer loop
      vertex -4.1354 2.81042 40
      vertex -4.04508 2.93893 0
      vertex -4.04508 2.93893 40
    endloop
  endfacet
  facet normal 0.818145 -0.575012 0
    outer loop
      vertex -4.04508 2.93893 0
      vertex -4.1354 2.81042 40
      vertex -4.1354 2.81042 0
    endloop
  endfacet
  facet normal 0.799687 -0.600418 0
    outer loop
      vertex -4.04508 2.93893 40
      vertex -3.95077 3.06454 0
      vertex -3.95077 3.06454 40
    endloop
  endfacet
  facet normal 0.799687 -0.600418 0
    outer loop
      vertex -3.95077 3.06454 0
      vertex -4.04508 2.93893 40
      vertex -4.04508 2.93893 0
    endloop
  endfacet
  facet normal 0.85263 -0.522516 0
    outer loop
      vertex -4.30371 2.54521 40
      vertex -4.22164 2.67913 0
      vertex -4.22164 2.67913 40
    endloop
  endfacet
  facet normal 0.85263 -0.522516 0
    outer loop
      vertex -4.22164 2.67913 0
      vertex -4.30371 2.54521 40
      vertex -4.30371 2.54521 0
    endloop
  endfacet
  facet normal 0.883769 -0.467923 0
    outer loop
      vertex -4.45503 2.26995 40
      vertex -4.38153 2.40877 0
      vertex -4.38153 2.40877 40
    endloop
  endfacet
  facet normal 0.883769 -0.467923 0
    outer loop
      vertex -4.38153 2.40877 0
      vertex -4.45503 2.26995 40
      vertex -4.45503 2.26995 0
    endloop
  endfacet
  facet normal 0.868642 -0.495439 0
    outer loop
      vertex -4.38153 2.40877 40
      vertex -4.30371 2.54521 0
      vertex -4.30371 2.54521 40
    endloop
  endfacet
  facet normal 0.868642 -0.495439 0
    outer loop
      vertex -4.30371 2.54521 0
      vertex -4.38153 2.40877 40
      vertex -4.38153 2.40877 0
    endloop
  endfacet
  facet normal 0.923881 -0.38268 0
    outer loop
      vertex -4.64888 1.84062 40
      vertex -4.58877 1.98574 0
      vertex -4.58877 1.98574 40
    endloop
  endfacet
  facet normal 0.923881 -0.38268 0
    outer loop
      vertex -4.58877 1.98574 0
      vertex -4.64888 1.84062 40
      vertex -4.64888 1.84062 0
    endloop
  endfacet
  facet normal 0.996919 -0.0784349 0
    outer loop
      vertex -4.99013 0.313952 40
      vertex -4.97781 0.470541 0
      vertex -4.97781 0.470541 40
    endloop
  endfacet
  facet normal 0.996919 -0.0784349 0
    outer loop
      vertex -4.97781 0.470541 0
      vertex -4.99013 0.313952 40
      vertex -4.99013 0.313952 0
    endloop
  endfacet
  facet normal 0.625223 -0.780446 0
    outer loop
      vertex -3.18712 3.85257 0
      vertex -3.06454 3.95077 40
      vertex -3.18712 3.85257 40
    endloop
  endfacet
  facet normal 0.625223 -0.780446 0
    outer loop
      vertex -3.06454 3.95077 40
      vertex -3.18712 3.85257 0
      vertex -3.06454 3.95077 0
    endloop
  endfacet
  facet normal 0.575012 -0.818145 0
    outer loop
      vertex -2.93893 4.04508 0
      vertex -2.81042 4.1354 40
      vertex -2.93893 4.04508 40
    endloop
  endfacet
  facet normal 0.575012 -0.818145 0
    outer loop
      vertex -2.81042 4.1354 40
      vertex -2.93893 4.04508 0
      vertex -2.81042 4.1354 0
    endloop
  endfacet
  facet normal 0.673028 -0.739617 0
    outer loop
      vertex -3.42274 3.64484 0
      vertex -3.30656 3.75056 40
      vertex -3.42274 3.64484 40
    endloop
  endfacet
  facet normal 0.673028 -0.739617 0
    outer loop
      vertex -3.30656 3.75056 40
      vertex -3.42274 3.64484 0
      vertex -3.30656 3.75056 0
    endloop
  endfacet
  facet normal 0.294063 -0.955786 0
    outer loop
      vertex -1.54508 4.75528 0
      vertex -1.39495 4.80147 40
      vertex -1.54508 4.75528 40
    endloop
  endfacet
  facet normal 0.294063 -0.955786 0
    outer loop
      vertex -1.39495 4.80147 40
      vertex -1.54508 4.75528 0
      vertex -1.39495 4.80147 0
    endloop
  endfacet
  facet normal 0.353474 -0.935444 0
    outer loop
      vertex -1.84062 4.64888 0
      vertex -1.69369 4.7044 40
      vertex -1.84062 4.64888 40
    endloop
  endfacet
  facet normal 0.353474 -0.935444 0
    outer loop
      vertex -1.69369 4.7044 40
      vertex -1.84062 4.64888 0
      vertex -1.69369 4.7044 0
    endloop
  endfacet
  facet normal 0.0471117 -0.99889 0
    outer loop
      vertex -0.313952 4.99013 0
      vertex -0.157053 4.99753 40
      vertex -0.313952 4.99013 40
    endloop
  endfacet
  facet normal 0.0471117 -0.99889 0
    outer loop
      vertex -0.157053 4.99753 40
      vertex -0.313952 4.99013 0
      vertex -0.157053 4.99753 0
    endloop
  endfacet
  facet normal -0.575012 0.818145 0
    outer loop
      vertex 2.93893 -4.04508 0
      vertex 2.81042 -4.1354 40
      vertex 2.93893 -4.04508 40
    endloop
  endfacet
  facet normal -0.575012 0.818145 0
    outer loop
      vertex 2.81042 -4.1354 40
      vertex 2.93893 -4.04508 0
      vertex 2.81042 -4.1354 0
    endloop
  endfacet
  facet normal -0.495439 0.868642 0
    outer loop
      vertex 2.54521 -4.30371 0
      vertex 2.40877 -4.38153 40
      vertex 2.54521 -4.30371 40
    endloop
  endfacet
  facet normal -0.495439 0.868642 0
    outer loop
      vertex 2.40877 -4.38153 40
      vertex 2.54521 -4.30371 0
      vertex 2.40877 -4.38153 0
    endloop
  endfacet
  facet normal -0.718098 0.695942 0
    outer loop
      vertex 3.53553 -3.53553 0
      vertex 3.64484 -3.42274 40
      vertex 3.64484 -3.42274 0
    endloop
  endfacet
  facet normal -0.718098 0.695942 0
    outer loop
      vertex 3.64484 -3.42274 40
      vertex 3.53553 -3.53553 0
      vertex 3.53553 -3.53553 40
    endloop
  endfacet
  facet normal -0.955786 0.294063 0
    outer loop
      vertex 4.75528 -1.54508 0
      vertex 4.80147 -1.39495 40
      vertex 4.80147 -1.39495 0
    endloop
  endfacet
  facet normal -0.955786 0.294063 0
    outer loop
      vertex 4.80147 -1.39495 40
      vertex 4.75528 -1.54508 0
      vertex 4.75528 -1.54508 40
    endloop
  endfacet
  facet normal 0.695942 0.718098 -0
    outer loop
      vertex -3.42274 -3.64484 0
      vertex -3.53553 -3.53553 40
      vertex -3.42274 -3.64484 40
    endloop
  endfacet
  facet normal 0.695942 0.718098 0
    outer loop
      vertex -3.53553 -3.53553 40
      vertex -3.42274 -3.64484 0
      vertex -3.53553 -3.53553 0
    endloop
  endfacet
  facet normal 0.522516 0.85263 -0
    outer loop
      vertex -2.54521 -4.30371 0
      vertex -2.67913 -4.22164 40
      vertex -2.54521 -4.30371 40
    endloop
  endfacet
  facet normal 0.522516 0.85263 0
    outer loop
      vertex -2.67913 -4.22164 40
      vertex -2.54521 -4.30371 0
      vertex -2.67913 -4.22164 0
    endloop
  endfacet
  facet normal 0.467923 0.883769 -0
    outer loop
      vertex -2.26995 -4.45503 0
      vertex -2.40877 -4.38153 40
      vertex -2.26995 -4.45503 40
    endloop
  endfacet
  facet normal 0.467923 0.883769 0
    outer loop
      vertex -2.40877 -4.38153 40
      vertex -2.26995 -4.45503 0
      vertex -2.40877 -4.38153 0
    endloop
  endfacet
  facet normal 0.38268 0.923881 -0
    outer loop
      vertex -1.84062 -4.64888 0
      vertex -1.98574 -4.58877 40
      vertex -1.84062 -4.64888 40
    endloop
  endfacet
  facet normal 0.38268 0.923881 0
    outer loop
      vertex -1.98574 -4.58877 40
      vertex -1.84062 -4.64888 0
      vertex -1.98574 -4.58877 0
    endloop
  endfacet
  facet normal 0.109757 0.993958 -0
    outer loop
      vertex -0.470541 -4.97781 0
      vertex -0.626666 -4.96057 40
      vertex -0.470541 -4.97781 40
    endloop
  endfacet
  facet normal 0.109757 0.993958 0
    outer loop
      vertex -0.626666 -4.96057 40
      vertex -0.470541 -4.97781 0
      vertex -0.626666 -4.96057 0
    endloop
  endfacet
  facet normal 0.0784349 0.996919 -0
    outer loop
      vertex -0.313952 -4.99013 0
      vertex -0.470541 -4.97781 40
      vertex -0.313952 -4.99013 40
    endloop
  endfacet
  facet normal 0.0784349 0.996919 0
    outer loop
      vertex -0.470541 -4.97781 40
      vertex -0.313952 -4.99013 0
      vertex -0.470541 -4.97781 0
    endloop
  endfacet
  facet normal 0.818145 0.575012 0
    outer loop
      vertex -4.04508 -2.93893 40
      vertex -4.1354 -2.81042 0
      vertex -4.1354 -2.81042 40
    endloop
  endfacet
  facet normal 0.818145 0.575012 0
    outer loop
      vertex -4.1354 -2.81042 0
      vertex -4.04508 -2.93893 40
      vertex -4.04508 -2.93893 0
    endloop
  endfacet
  facet normal 0.883769 0.467923 0
    outer loop
      vertex -4.38153 -2.40877 40
      vertex -4.45503 -2.26995 0
      vertex -4.45503 -2.26995 40
    endloop
  endfacet
  facet normal 0.883769 0.467923 0
    outer loop
      vertex -4.45503 -2.26995 0
      vertex -4.38153 -2.40877 40
      vertex -4.38153 -2.40877 0
    endloop
  endfacet
  facet normal 0.990025 0.14089 0
    outer loop
      vertex -4.93844 -0.782172 40
      vertex -4.96057 -0.626666 0
      vertex -4.96057 -0.626666 40
    endloop
  endfacet
  facet normal 0.990025 0.14089 0
    outer loop
      vertex -4.96057 -0.626666 0
      vertex -4.93844 -0.782172 40
      vertex -4.93844 -0.782172 0
    endloop
  endfacet
  facet normal -0.993958 -0.109757 0
    outer loop
      vertex 4.97781 0.470541 0
      vertex 4.96057 0.626666 40
      vertex 4.96057 0.626666 0
    endloop
  endfacet
  facet normal -0.993958 -0.109757 0
    outer loop
      vertex 4.96057 0.626666 40
      vertex 4.97781 0.470541 0
      vertex 4.97781 0.470541 40
    endloop
  endfacet
  facet normal -0.946086 -0.323914 0
    outer loop
      vertex 4.75528 1.54508 0
      vertex 4.7044 1.69369 40
      vertex 4.7044 1.69369 0
    endloop
  endfacet
  facet normal -0.946086 -0.323914 0
    outer loop
      vertex 4.7044 1.69369 40
      vertex 4.75528 1.54508 0
      vertex 4.75528 1.54508 40
    endloop
  endfacet
  facet normal -0.935444 -0.353474 0
    outer loop
      vertex 4.7044 1.69369 0
      vertex 4.64888 1.84062 40
      vertex 4.64888 1.84062 0
    endloop
  endfacet
  facet normal -0.935444 -0.353474 0
    outer loop
      vertex 4.64888 1.84062 40
      vertex 4.7044 1.69369 0
      vertex 4.7044 1.69369 40
    endloop
  endfacet
  facet normal -0.955786 -0.294063 0
    outer loop
      vertex 4.80147 1.39495 0
      vertex 4.75528 1.54508 40
      vertex 4.75528 1.54508 0
    endloop
  endfacet
  facet normal -0.955786 -0.294063 0
    outer loop
      vertex 4.75528 1.54508 40
      vertex 4.80147 1.39495 0
      vertex 4.80147 1.39495 40
    endloop
  endfacet
  facet normal -0.76041 -0.649443 0
    outer loop
      vertex 3.85257 3.18712 0
      vertex 3.75056 3.30656 40
      vertex 3.75056 3.30656 0
    endloop
  endfacet
  facet normal -0.76041 -0.649443 0
    outer loop
      vertex 3.75056 3.30656 40
      vertex 3.85257 3.18712 0
      vertex 3.85257 3.18712 40
    endloop
  endfacet
  facet normal -0.818145 -0.575012 0
    outer loop
      vertex 4.1354 2.81042 0
      vertex 4.04508 2.93893 40
      vertex 4.04508 2.93893 0
    endloop
  endfacet
  facet normal -0.818145 -0.575012 0
    outer loop
      vertex 4.04508 2.93893 40
      vertex 4.1354 2.81042 0
      vertex 4.1354 2.81042 40
    endloop
  endfacet
  facet normal -0.780446 -0.625223 0
    outer loop
      vertex 3.95077 3.06454 0
      vertex 3.85257 3.18712 40
      vertex 3.85257 3.18712 0
    endloop
  endfacet
  facet normal -0.780446 -0.625223 0
    outer loop
      vertex 3.85257 3.18712 40
      vertex 3.95077 3.06454 0
      vertex 3.95077 3.06454 40
    endloop
  endfacet
  facet normal -0.739617 -0.673028 0
    outer loop
      vertex 3.75056 3.30656 0
      vertex 3.64484 3.42274 40
      vertex 3.64484 3.42274 0
    endloop
  endfacet
  facet normal -0.739617 -0.673028 0
    outer loop
      vertex 3.64484 3.42274 40
      vertex 3.75056 3.30656 0
      vertex 3.75056 3.30656 40
    endloop
  endfacet
  facet normal -0.835811 -0.549017 0
    outer loop
      vertex 4.22164 2.67913 0
      vertex 4.1354 2.81042 40
      vertex 4.1354 2.81042 0
    endloop
  endfacet
  facet normal -0.835811 -0.549017 0
    outer loop
      vertex 4.1354 2.81042 40
      vertex 4.22164 2.67913 0
      vertex 4.22164 2.67913 40
    endloop
  endfacet
  facet normal -0.898027 -0.439941 0
    outer loop
      vertex 4.52413 2.1289 0
      vertex 4.45503 2.26995 40
      vertex 4.45503 2.26995 0
    endloop
  endfacet
  facet normal -0.898027 -0.439941 0
    outer loop
      vertex 4.45503 2.26995 40
      vertex 4.52413 2.1289 0
      vertex 4.52413 2.1289 40
    endloop
  endfacet
  facet normal -0.911401 -0.411518 0
    outer loop
      vertex 4.58877 1.98574 0
      vertex 4.52413 2.1289 40
      vertex 4.52413 2.1289 0
    endloop
  endfacet
  facet normal -0.911401 -0.411518 0
    outer loop
      vertex 4.52413 2.1289 40
      vertex 4.58877 1.98574 0
      vertex 4.58877 1.98574 40
    endloop
  endfacet
  facet normal -0.202828 -0.979214 0
    outer loop
      vertex 0.936906 4.91144 0
      vertex 1.09072 4.87958 40
      vertex 0.936906 4.91144 40
    endloop
  endfacet
  facet normal -0.202828 -0.979214 -0
    outer loop
      vertex 1.09072 4.87958 40
      vertex 0.936906 4.91144 0
      vertex 1.09072 4.87958 0
    endloop
  endfacet
  facet normal -0.0471117 -0.99889 0
    outer loop
      vertex 0.157053 4.99753 0
      vertex 0.313952 4.99013 40
      vertex 0.157053 4.99753 40
    endloop
  endfacet
  facet normal -0.0471117 -0.99889 -0
    outer loop
      vertex 0.313952 4.99013 40
      vertex 0.157053 4.99753 0
      vertex 0.313952 4.99013 0
    endloop
  endfacet
  facet normal -0.411518 -0.911401 0
    outer loop
      vertex 1.98574 4.58877 0
      vertex 2.1289 4.52413 40
      vertex 1.98574 4.58877 40
    endloop
  endfacet
  facet normal -0.411518 -0.911401 -0
    outer loop
      vertex 2.1289 4.52413 40
      vertex 1.98574 4.58877 0
      vertex 2.1289 4.52413 0
    endloop
  endfacet
  facet normal -0.625223 -0.780446 0
    outer loop
      vertex 3.06454 3.95077 0
      vertex 3.18712 3.85257 40
      vertex 3.06454 3.95077 40
    endloop
  endfacet
  facet normal -0.625223 -0.780446 -0
    outer loop
      vertex 3.18712 3.85257 40
      vertex 3.06454 3.95077 0
      vertex 3.18712 3.85257 0
    endloop
  endfacet
  facet normal -0.600418 -0.799687 0
    outer loop
      vertex 2.93893 4.04508 0
      vertex 3.06454 3.95077 40
      vertex 2.93893 4.04508 40
    endloop
  endfacet
  facet normal -0.600418 -0.799687 -0
    outer loop
      vertex 3.06454 3.95077 40
      vertex 2.93893 4.04508 0
      vertex 3.06454 3.95077 0
    endloop
  endfacet
  facet normal -0.649443 -0.76041 0
    outer loop
      vertex 3.18712 3.85257 0
      vertex 3.30656 3.75056 40
      vertex 3.18712 3.85257 40
    endloop
  endfacet
  facet normal -0.649443 -0.76041 -0
    outer loop
      vertex 3.30656 3.75056 40
      vertex 3.18712 3.85257 0
      vertex 3.30656 3.75056 0
    endloop
  endfacet
  facet normal 0.911401 -0.411518 0
    outer loop
      vertex -4.58877 1.98574 40
      vertex -4.52413 2.1289 0
      vertex -4.52413 2.1289 40
    endloop
  endfacet
  facet normal 0.911401 -0.411518 0
    outer loop
      vertex -4.52413 2.1289 0
      vertex -4.58877 1.98574 40
      vertex -4.58877 1.98574 0
    endloop
  endfacet
  facet normal 0.835811 -0.549017 0
    outer loop
      vertex -4.22164 2.67913 40
      vertex -4.1354 2.81042 0
      vertex -4.1354 2.81042 40
    endloop
  endfacet
  facet normal 0.835811 -0.549017 0
    outer loop
      vertex -4.1354 2.81042 0
      vertex -4.22164 2.67913 40
      vertex -4.22164 2.67913 0
    endloop
  endfacet
  facet normal 0.96455 -0.263898 0
    outer loop
      vertex -4.84292 1.24345 40
      vertex -4.80147 1.39495 0
      vertex -4.80147 1.39495 40
    endloop
  endfacet
  facet normal 0.96455 -0.263898 0
    outer loop
      vertex -4.80147 1.39495 0
      vertex -4.84292 1.24345 40
      vertex -4.84292 1.24345 0
    endloop
  endfacet
  facet normal 0.979214 -0.202828 0
    outer loop
      vertex -4.91144 0.936906 40
      vertex -4.87958 1.09072 0
      vertex -4.87958 1.09072 40
    endloop
  endfacet
  facet normal 0.979214 -0.202828 0
    outer loop
      vertex -4.87958 1.09072 0
      vertex -4.91144 0.936906 40
      vertex -4.91144 0.936906 0
    endloop
  endfacet
  facet normal 0.990025 -0.14089 0
    outer loop
      vertex -4.96057 0.626666 40
      vertex -4.93844 0.782172 0
      vertex -4.93844 0.782172 40
    endloop
  endfacet
  facet normal 0.990025 -0.14089 0
    outer loop
      vertex -4.93844 0.782172 0
      vertex -4.96057 0.626666 40
      vertex -4.96057 0.626666 0
    endloop
  endfacet
  facet normal 0.99889 -0.0471117 0
    outer loop
      vertex -4.99753 0.157053 40
      vertex -4.99013 0.313952 0
      vertex -4.99013 0.313952 40
    endloop
  endfacet
  facet normal 0.99889 -0.0471117 0
    outer loop
      vertex -4.99013 0.313952 0
      vertex -4.99753 0.157053 40
      vertex -4.99753 0.157053 0
    endloop
  endfacet
  facet normal 0.439941 -0.898027 0
    outer loop
      vertex -2.26995 4.45503 0
      vertex -2.1289 4.52413 40
      vertex -2.26995 4.45503 40
    endloop
  endfacet
  facet normal 0.439941 -0.898027 0
    outer loop
      vertex -2.1289 4.52413 40
      vertex -2.26995 4.45503 0
      vertex -2.1289 4.52413 0
    endloop
  endfacet
  facet normal 0.549017 -0.835811 0
    outer loop
      vertex -2.81042 4.1354 0
      vertex -2.67913 4.22164 40
      vertex -2.81042 4.1354 40
    endloop
  endfacet
  facet normal 0.549017 -0.835811 0
    outer loop
      vertex -2.67913 4.22164 40
      vertex -2.81042 4.1354 0
      vertex -2.67913 4.22164 0
    endloop
  endfacet
  facet normal 0.600418 -0.799687 0
    outer loop
      vertex -3.06454 3.95077 0
      vertex -2.93893 4.04508 40
      vertex -3.06454 3.95077 40
    endloop
  endfacet
  facet normal 0.600418 -0.799687 0
    outer loop
      vertex -2.93893 4.04508 40
      vertex -3.06454 3.95077 0
      vertex -2.93893 4.04508 0
    endloop
  endfacet
  facet normal 0.649443 -0.76041 0
    outer loop
      vertex -3.30656 3.75056 0
      vertex -3.18712 3.85257 40
      vertex -3.30656 3.75056 40
    endloop
  endfacet
  facet normal 0.649443 -0.76041 0
    outer loop
      vertex -3.18712 3.85257 40
      vertex -3.30656 3.75056 0
      vertex -3.18712 3.85257 0
    endloop
  endfacet
  facet normal 0.233402 -0.97238 0
    outer loop
      vertex -1.24345 4.84292 0
      vertex -1.09072 4.87958 40
      vertex -1.24345 4.84292 40
    endloop
  endfacet
  facet normal 0.233402 -0.97238 0
    outer loop
      vertex -1.09072 4.87958 40
      vertex -1.24345 4.84292 0
      vertex -1.09072 4.87958 0
    endloop
  endfacet
  facet normal 0.263898 -0.96455 0
    outer loop
      vertex -1.39495 4.80147 0
      vertex -1.24345 4.84292 40
      vertex -1.39495 4.80147 40
    endloop
  endfacet
  facet normal 0.263898 -0.96455 0
    outer loop
      vertex -1.24345 4.84292 40
      vertex -1.39495 4.80147 0
      vertex -1.24345 4.84292 0
    endloop
  endfacet
  facet normal 0.323914 -0.946086 0
    outer loop
      vertex -1.69369 4.7044 0
      vertex -1.54508 4.75528 40
      vertex -1.69369 4.7044 40
    endloop
  endfacet
  facet normal 0.323914 -0.946086 0
    outer loop
      vertex -1.54508 4.75528 40
      vertex -1.69369 4.7044 0
      vertex -1.54508 4.75528 0
    endloop
  endfacet
  facet normal 0.171896 -0.985115 0
    outer loop
      vertex -0.936906 4.91144 0
      vertex -0.782172 4.93844 40
      vertex -0.936906 4.91144 40
    endloop
  endfacet
  facet normal 0.171896 -0.985115 0
    outer loop
      vertex -0.782172 4.93844 40
      vertex -0.936906 4.91144 0
      vertex -0.782172 4.93844 0
    endloop
  endfacet
  facet normal 0.109757 -0.993958 0
    outer loop
      vertex -0.626666 4.96057 0
      vertex -0.470541 4.97781 40
      vertex -0.626666 4.96057 40
    endloop
  endfacet
  facet normal 0.109757 -0.993958 0
    outer loop
      vertex -0.470541 4.97781 40
      vertex -0.626666 4.96057 0
      vertex -0.470541 4.97781 0
    endloop
  endfacet
  facet normal 0.0157252 -0.999876 0
    outer loop
      vertex -0.157053 4.99753 0
      vertex 0 5 40
      vertex -0.157053 4.99753 40
    endloop
  endfacet
  facet normal 0.0157252 -0.999876 0
    outer loop
      vertex 0 5 40
      vertex -0.157053 4.99753 0
      vertex 0 5 0
    endloop
  endfacet
  facet normal -0.999876 0.0157252 0
    outer loop
      vertex 4.99753 -0.157053 0
      vertex 5 0 40
      vertex 5 0 0
    endloop
  endfacet
  facet normal -0.999876 0.0157252 0
    outer loop
      vertex 5 0 40
      vertex 4.99753 -0.157053 0
      vertex 4.99753 -0.157053 40
    endloop
  endfacet
  facet normal -0.0157252 0.999876 0
    outer loop
      vertex 0.157053 -4.99753 0
      vertex 0 -5 40
      vertex 0.157053 -4.99753 40
    endloop
  endfacet
  facet normal -0.0157252 0.999876 0
    outer loop
      vertex 0 -5 40
      vertex 0.157053 -4.99753 0
      vertex 0 -5 0
    endloop
  endfacet
  facet normal -0.0784349 0.996919 0
    outer loop
      vertex 0.470541 -4.97781 0
      vertex 0.313952 -4.99013 40
      vertex 0.470541 -4.97781 40
    endloop
  endfacet
  facet normal -0.0784349 0.996919 0
    outer loop
      vertex 0.313952 -4.99013 40
      vertex 0.470541 -4.97781 0
      vertex 0.313952 -4.99013 0
    endloop
  endfacet
  facet normal -0.14089 0.990025 0
    outer loop
      vertex 0.782172 -4.93844 0
      vertex 0.626666 -4.96057 40
      vertex 0.782172 -4.93844 40
    endloop
  endfacet
  facet normal -0.14089 0.990025 0
    outer loop
      vertex 0.626666 -4.96057 40
      vertex 0.782172 -4.93844 0
      vertex 0.626666 -4.96057 0
    endloop
  endfacet
  facet normal -0.171896 0.985115 0
    outer loop
      vertex 0.936906 -4.91144 0
      vertex 0.782172 -4.93844 40
      vertex 0.936906 -4.91144 40
    endloop
  endfacet
  facet normal -0.171896 0.985115 0
    outer loop
      vertex 0.782172 -4.93844 40
      vertex 0.936906 -4.91144 0
      vertex 0.782172 -4.93844 0
    endloop
  endfacet
  facet normal -0.323914 0.946086 0
    outer loop
      vertex 1.69369 -4.7044 0
      vertex 1.54508 -4.75528 40
      vertex 1.69369 -4.7044 40
    endloop
  endfacet
  facet normal -0.323914 0.946086 0
    outer loop
      vertex 1.54508 -4.75528 40
      vertex 1.69369 -4.7044 0
      vertex 1.54508 -4.75528 0
    endloop
  endfacet
  facet normal -0.263898 0.96455 0
    outer loop
      vertex 1.39495 -4.80147 0
      vertex 1.24345 -4.84292 40
      vertex 1.39495 -4.80147 40
    endloop
  endfacet
  facet normal -0.263898 0.96455 0
    outer loop
      vertex 1.24345 -4.84292 40
      vertex 1.39495 -4.80147 0
      vertex 1.24345 -4.84292 0
    endloop
  endfacet
  facet normal -0.202828 0.979214 0
    outer loop
      vertex 1.09072 -4.87958 0
      vertex 0.936906 -4.91144 40
      vertex 1.09072 -4.87958 40
    endloop
  endfacet
  facet normal -0.202828 0.979214 0
    outer loop
      vertex 0.936906 -4.91144 40
      vertex 1.09072 -4.87958 0
      vertex 0.936906 -4.91144 0
    endloop
  endfacet
  facet normal -0.294063 0.955786 0
    outer loop
      vertex 1.54508 -4.75528 0
      vertex 1.39495 -4.80147 40
      vertex 1.54508 -4.75528 40
    endloop
  endfacet
  facet normal -0.294063 0.955786 0
    outer loop
      vertex 1.39495 -4.80147 40
      vertex 1.54508 -4.75528 0
      vertex 1.39495 -4.80147 0
    endloop
  endfacet
  facet normal -0.600418 0.799687 0
    outer loop
      vertex 3.06454 -3.95077 0
      vertex 2.93893 -4.04508 40
      vertex 3.06454 -3.95077 40
    endloop
  endfacet
  facet normal -0.600418 0.799687 0
    outer loop
      vertex 2.93893 -4.04508 40
      vertex 3.06454 -3.95077 0
      vertex 2.93893 -4.04508 0
    endloop
  endfacet
  facet normal -0.649443 0.76041 0
    outer loop
      vertex 3.30656 -3.75056 0
      vertex 3.18712 -3.85257 40
      vertex 3.30656 -3.75056 40
    endloop
  endfacet
  facet normal -0.649443 0.76041 0
    outer loop
      vertex 3.18712 -3.85257 40
      vertex 3.30656 -3.75056 0
      vertex 3.18712 -3.85257 0
    endloop
  endfacet
  facet normal -0.549017 0.835811 0
    outer loop
      vertex 2.81042 -4.1354 0
      vertex 2.67913 -4.22164 40
      vertex 2.81042 -4.1354 40
    endloop
  endfacet
  facet normal -0.549017 0.835811 0
    outer loop
      vertex 2.67913 -4.22164 40
      vertex 2.81042 -4.1354 0
      vertex 2.67913 -4.22164 0
    endloop
  endfacet
  facet normal -0.467923 0.883769 0
    outer loop
      vertex 2.40877 -4.38153 0
      vertex 2.26995 -4.45503 40
      vertex 2.40877 -4.38153 40
    endloop
  endfacet
  facet normal -0.467923 0.883769 0
    outer loop
      vertex 2.26995 -4.45503 40
      vertex 2.40877 -4.38153 0
      vertex 2.26995 -4.45503 0
    endloop
  endfacet
  facet normal -0.411518 0.911401 0
    outer loop
      vertex 2.1289 -4.52413 0
      vertex 1.98574 -4.58877 40
      vertex 2.1289 -4.52413 40
    endloop
  endfacet
  facet normal -0.411518 0.911401 0
    outer loop
      vertex 1.98574 -4.58877 40
      vertex 2.1289 -4.52413 0
      vertex 1.98574 -4.58877 0
    endloop
  endfacet
  facet normal -0.739617 0.673028 0
    outer loop
      vertex 3.64484 -3.42274 0
      vertex 3.75056 -3.30656 40
      vertex 3.75056 -3.30656 0
    endloop
  endfacet
  facet normal -0.739617 0.673028 0
    outer loop
      vertex 3.75056 -3.30656 40
      vertex 3.64484 -3.42274 0
      vertex 3.64484 -3.42274 40
    endloop
  endfacet
  facet normal -0.818145 0.575012 0
    outer loop
      vertex 4.04508 -2.93893 0
      vertex 4.1354 -2.81042 40
      vertex 4.1354 -2.81042 0
    endloop
  endfacet
  facet normal -0.818145 0.575012 0
    outer loop
      vertex 4.1354 -2.81042 40
      vertex 4.04508 -2.93893 0
      vertex 4.04508 -2.93893 40
    endloop
  endfacet
  facet normal -0.898027 0.439941 0
    outer loop
      vertex 4.45503 -2.26995 0
      vertex 4.52413 -2.1289 40
      vertex 4.52413 -2.1289 0
    endloop
  endfacet
  facet normal -0.898027 0.439941 0
    outer loop
      vertex 4.52413 -2.1289 40
      vertex 4.45503 -2.26995 0
      vertex 4.45503 -2.26995 40
    endloop
  endfacet
  facet normal -0.868642 0.495439 0
    outer loop
      vertex 4.30371 -2.54521 0
      vertex 4.38153 -2.40877 40
      vertex 4.38153 -2.40877 0
    endloop
  endfacet
  facet normal -0.868642 0.495439 0
    outer loop
      vertex 4.38153 -2.40877 40
      vertex 4.30371 -2.54521 0
      vertex 4.30371 -2.54521 40
    endloop
  endfacet
  facet normal -0.835811 0.549017 0
    outer loop
      vertex 4.1354 -2.81042 0
      vertex 4.22164 -2.67913 40
      vertex 4.22164 -2.67913 0
    endloop
  endfacet
  facet normal -0.835811 0.549017 0
    outer loop
      vertex 4.22164 -2.67913 40
      vertex 4.1354 -2.81042 0
      vertex 4.1354 -2.81042 40
    endloop
  endfacet
  facet normal -0.883769 0.467923 0
    outer loop
      vertex 4.38153 -2.40877 0
      vertex 4.45503 -2.26995 40
      vertex 4.45503 -2.26995 0
    endloop
  endfacet
  facet normal -0.883769 0.467923 0
    outer loop
      vertex 4.45503 -2.26995 40
      vertex 4.38153 -2.40877 0
      vertex 4.38153 -2.40877 40
    endloop
  endfacet
  facet normal -0.935444 0.353474 0
    outer loop
      vertex 4.64888 -1.84062 0
      vertex 4.7044 -1.69369 40
      vertex 4.7044 -1.69369 0
    endloop
  endfacet
  facet normal -0.935444 0.353474 0
    outer loop
      vertex 4.7044 -1.69369 40
      vertex 4.64888 -1.84062 0
      vertex 4.64888 -1.84062 40
    endloop
  endfacet
  facet normal -0.946086 0.323914 0
    outer loop
      vertex 4.7044 -1.69369 0
      vertex 4.75528 -1.54508 40
      vertex 4.75528 -1.54508 0
    endloop
  endfacet
  facet normal -0.946086 0.323914 0
    outer loop
      vertex 4.75528 -1.54508 40
      vertex 4.7044 -1.69369 0
      vertex 4.7044 -1.69369 40
    endloop
  endfacet
  facet normal -0.97238 0.233402 0
    outer loop
      vertex 4.84292 -1.24345 0
      vertex 4.87958 -1.09072 40
      vertex 4.87958 -1.09072 0
    endloop
  endfacet
  facet normal -0.97238 0.233402 0
    outer loop
      vertex 4.87958 -1.09072 40
      vertex 4.84292 -1.24345 0
      vertex 4.84292 -1.24345 40
    endloop
  endfacet
  facet normal -0.979214 0.202828 0
    outer loop
      vertex 4.87958 -1.09072 0
      vertex 4.91144 -0.936906 40
      vertex 4.91144 -0.936906 0
    endloop
  endfacet
  facet normal -0.979214 0.202828 0
    outer loop
      vertex 4.91144 -0.936906 40
      vertex 4.87958 -1.09072 0
      vertex 4.87958 -1.09072 40
    endloop
  endfacet
  facet normal -0.985115 0.171896 0
    outer loop
      vertex 4.91144 -0.936906 0
      vertex 4.93844 -0.782172 40
      vertex 4.93844 -0.782172 0
    endloop
  endfacet
  facet normal -0.985115 0.171896 0
    outer loop
      vertex 4.93844 -0.782172 40
      vertex 4.91144 -0.936906 0
      vertex 4.91144 -0.936906 40
    endloop
  endfacet
  facet normal 0.673028 0.739617 -0
    outer loop
      vertex -3.30656 -3.75056 0
      vertex -3.42274 -3.64484 40
      vertex -3.30656 -3.75056 40
    endloop
  endfacet
  facet normal 0.673028 0.739617 0
    outer loop
      vertex -3.42274 -3.64484 40
      vertex -3.30656 -3.75056 0
      vertex -3.42274 -3.64484 0
    endloop
  endfacet
  facet normal 0.575012 0.818145 -0
    outer loop
      vertex -2.81042 -4.1354 0
      vertex -2.93893 -4.04508 40
      vertex -2.81042 -4.1354 40
    endloop
  endfacet
  facet normal 0.575012 0.818145 0
    outer loop
      vertex -2.93893 -4.04508 40
      vertex -2.81042 -4.1354 0
      vertex -2.93893 -4.04508 0
    endloop
  endfacet
  facet normal 0.411518 0.911401 -0
    outer loop
      vertex -1.98574 -4.58877 0
      vertex -2.1289 -4.52413 40
      vertex -1.98574 -4.58877 40
    endloop
  endfacet
  facet normal 0.411518 0.911401 0
    outer loop
      vertex -2.1289 -4.52413 40
      vertex -1.98574 -4.58877 0
      vertex -2.1289 -4.52413 0
    endloop
  endfacet
  facet normal 0.495439 0.868642 -0
    outer loop
      vertex -2.40877 -4.38153 0
      vertex -2.54521 -4.30371 40
      vertex -2.40877 -4.38153 40
    endloop
  endfacet
  facet normal 0.495439 0.868642 0
    outer loop
      vertex -2.54521 -4.30371 40
      vertex -2.40877 -4.38153 0
      vertex -2.54521 -4.30371 0
    endloop
  endfacet
  facet normal 0.549017 0.835811 -0
    outer loop
      vertex -2.67913 -4.22164 0
      vertex -2.81042 -4.1354 40
      vertex -2.67913 -4.22164 40
    endloop
  endfacet
  facet normal 0.549017 0.835811 0
    outer loop
      vertex -2.81042 -4.1354 40
      vertex -2.67913 -4.22164 0
      vertex -2.81042 -4.1354 0
    endloop
  endfacet
  facet normal 0.353474 0.935444 -0
    outer loop
      vertex -1.69369 -4.7044 0
      vertex -1.84062 -4.64888 40
      vertex -1.69369 -4.7044 40
    endloop
  endfacet
  facet normal 0.353474 0.935444 0
    outer loop
      vertex -1.84062 -4.64888 40
      vertex -1.69369 -4.7044 0
      vertex -1.84062 -4.64888 0
    endloop
  endfacet
  facet normal 0.233402 0.97238 -0
    outer loop
      vertex -1.09072 -4.87958 0
      vertex -1.24345 -4.84292 40
      vertex -1.09072 -4.87958 40
    endloop
  endfacet
  facet normal 0.233402 0.97238 0
    outer loop
      vertex -1.24345 -4.84292 40
      vertex -1.09072 -4.87958 0
      vertex -1.24345 -4.84292 0
    endloop
  endfacet
  facet normal 0.171896 0.985115 -0
    outer loop
      vertex -0.782172 -4.93844 0
      vertex -0.936906 -4.91144 40
      vertex -0.782172 -4.93844 40
    endloop
  endfacet
  facet normal 0.171896 0.985115 0
    outer loop
      vertex -0.936906 -4.91144 40
      vertex -0.782172 -4.93844 0
      vertex -0.936906 -4.91144 0
    endloop
  endfacet
  facet normal 0.0471117 0.99889 -0
    outer loop
      vertex -0.157053 -4.99753 0
      vertex -0.313952 -4.99013 40
      vertex -0.157053 -4.99753 40
    endloop
  endfacet
  facet normal 0.0471117 0.99889 0
    outer loop
      vertex -0.313952 -4.99013 40
      vertex -0.157053 -4.99753 0
      vertex -0.313952 -4.99013 0
    endloop
  endfacet
  facet normal 0.911401 0.411518 0
    outer loop
      vertex -4.52413 -2.1289 40
      vertex -4.58877 -1.98574 0
      vertex -4.58877 -1.98574 40
    endloop
  endfacet
  facet normal 0.911401 0.411518 0
    outer loop
      vertex -4.58877 -1.98574 0
      vertex -4.52413 -2.1289 40
      vertex -4.52413 -2.1289 0
    endloop
  endfacet
  facet normal 0.76041 0.649443 0
    outer loop
      vertex -3.75056 -3.30656 40
      vertex -3.85257 -3.18712 0
      vertex -3.85257 -3.18712 40
    endloop
  endfacet
  facet normal 0.76041 0.649443 0
    outer loop
      vertex -3.85257 -3.18712 0
      vertex -3.75056 -3.30656 40
      vertex -3.75056 -3.30656 0
    endloop
  endfacet
  facet normal 0.898027 0.439941 0
    outer loop
      vertex -4.45503 -2.26995 40
      vertex -4.52413 -2.1289 0
      vertex -4.52413 -2.1289 40
    endloop
  endfacet
  facet normal 0.898027 0.439941 0
    outer loop
      vertex -4.52413 -2.1289 0
      vertex -4.45503 -2.26995 40
      vertex -4.45503 -2.26995 0
    endloop
  endfacet
  facet normal 0.85263 0.522516 0
    outer loop
      vertex -4.22164 -2.67913 40
      vertex -4.30371 -2.54521 0
      vertex -4.30371 -2.54521 40
    endloop
  endfacet
  facet normal 0.85263 0.522516 0
    outer loop
      vertex -4.30371 -2.54521 0
      vertex -4.22164 -2.67913 40
      vertex -4.22164 -2.67913 0
    endloop
  endfacet
  facet normal 0.799687 0.600418 0
    outer loop
      vertex -3.95077 -3.06454 40
      vertex -4.04508 -2.93893 0
      vertex -4.04508 -2.93893 40
    endloop
  endfacet
  facet normal 0.799687 0.600418 0
    outer loop
      vertex -4.04508 -2.93893 0
      vertex -3.95077 -3.06454 40
      vertex -3.95077 -3.06454 0
    endloop
  endfacet
  facet normal 0.780446 0.625223 0
    outer loop
      vertex -3.85257 -3.18712 40
      vertex -3.95077 -3.06454 0
      vertex -3.95077 -3.06454 40
    endloop
  endfacet
  facet normal 0.780446 0.625223 0
    outer loop
      vertex -3.95077 -3.06454 0
      vertex -3.85257 -3.18712 40
      vertex -3.85257 -3.18712 0
    endloop
  endfacet
  facet normal 0.979214 0.202828 0
    outer loop
      vertex -4.87958 -1.09072 40
      vertex -4.91144 -0.936906 0
      vertex -4.91144 -0.936906 40
    endloop
  endfacet
  facet normal 0.979214 0.202828 0
    outer loop
      vertex -4.91144 -0.936906 0
      vertex -4.87958 -1.09072 40
      vertex -4.87958 -1.09072 0
    endloop
  endfacet
  facet normal 0.96455 0.263898 0
    outer loop
      vertex -4.80147 -1.39495 40
      vertex -4.84292 -1.24345 0
      vertex -4.84292 -1.24345 40
    endloop
  endfacet
  facet normal 0.96455 0.263898 0
    outer loop
      vertex -4.84292 -1.24345 0
      vertex -4.80147 -1.39495 40
      vertex -4.80147 -1.39495 0
    endloop
  endfacet
  facet normal 0.946086 0.323914 0
    outer loop
      vertex -4.7044 -1.69369 40
      vertex -4.75528 -1.54508 0
      vertex -4.75528 -1.54508 40
    endloop
  endfacet
  facet normal 0.946086 0.323914 0
    outer loop
      vertex -4.75528 -1.54508 0
      vertex -4.7044 -1.69369 40
      vertex -4.7044 -1.69369 0
    endloop
  endfacet
  facet normal 0.996919 0.0784349 0
    outer loop
      vertex -4.97781 -0.470541 40
      vertex -4.99013 -0.313952 0
      vertex -4.99013 -0.313952 40
    endloop
  endfacet
  facet normal 0.996919 0.0784349 0
    outer loop
      vertex -4.99013 -0.313952 0
      vertex -4.97781 -0.470541 40
      vertex -4.97781 -0.470541 0
    endloop
  endfacet
  facet normal 0.999876 0.0157252 0
    outer loop
      vertex -4.99753 -0.157053 40
      vertex -5 0 0
      vertex -5 0 40
    endloop
  endfacet
  facet normal 0.999876 0.0157252 0
    outer loop
      vertex -5 0 0
      vertex -4.99753 -0.157053 40
      vertex -4.99753 -0.157053 0
    endloop
  endfacet
  facet normal -0.990025 -0.14089 0
    outer loop
      vertex 4.96057 0.626666 0
      vertex 4.93844 0.782172 40
      vertex 4.93844 0.782172 0
    endloop
  endfacet
  facet normal -0.990025 -0.14089 0
    outer loop
      vertex 4.93844 0.782172 40
      vertex 4.96057 0.626666 0
      vertex 4.96057 0.626666 40
    endloop
  endfacet
  facet normal -0.85263 -0.522516 0
    outer loop
      vertex 4.30371 2.54521 0
      vertex 4.22164 2.67913 40
      vertex 4.22164 2.67913 0
    endloop
  endfacet
  facet normal -0.85263 -0.522516 0
    outer loop
      vertex 4.22164 2.67913 40
      vertex 4.30371 2.54521 0
      vertex 4.30371 2.54521 40
    endloop
  endfacet
  facet normal -0.323914 -0.946086 0
    outer loop
      vertex 1.54508 4.75528 0
      vertex 1.69369 4.7044 40
      vertex 1.54508 4.75528 40
    endloop
  endfacet
  facet normal -0.323914 -0.946086 -0
    outer loop
      vertex 1.69369 4.7044 40
      vertex 1.54508 4.75528 0
      vertex 1.69369 4.7044 0
    endloop
  endfacet
  facet normal -0.233402 -0.97238 0
    outer loop
      vertex 1.09072 4.87958 0
      vertex 1.24345 4.84292 40
      vertex 1.09072 4.87958 40
    endloop
  endfacet
  facet normal -0.233402 -0.97238 -0
    outer loop
      vertex 1.24345 4.84292 40
      vertex 1.09072 4.87958 0
      vertex 1.24345 4.84292 0
    endloop
  endfacet
  facet normal -0.294063 -0.955786 0
    outer loop
      vertex 1.39495 4.80147 0
      vertex 1.54508 4.75528 40
      vertex 1.39495 4.80147 40
    endloop
  endfacet
  facet normal -0.294063 -0.955786 -0
    outer loop
      vertex 1.54508 4.75528 40
      vertex 1.39495 4.80147 0
      vertex 1.54508 4.75528 0
    endloop
  endfacet
  facet normal -0.171896 -0.985115 0
    outer loop
      vertex 0.782172 4.93844 0
      vertex 0.936906 4.91144 40
      vertex 0.782172 4.93844 40
    endloop
  endfacet
  facet normal -0.171896 -0.985115 -0
    outer loop
      vertex 0.936906 4.91144 40
      vertex 0.782172 4.93844 0
      vertex 0.936906 4.91144 0
    endloop
  endfacet
  facet normal -0.439941 -0.898027 0
    outer loop
      vertex 2.1289 4.52413 0
      vertex 2.26995 4.45503 40
      vertex 2.1289 4.52413 40
    endloop
  endfacet
  facet normal -0.439941 -0.898027 -0
    outer loop
      vertex 2.26995 4.45503 40
      vertex 2.1289 4.52413 0
      vertex 2.26995 4.45503 0
    endloop
  endfacet
  facet normal -0.549017 -0.835811 0
    outer loop
      vertex 2.67913 4.22164 0
      vertex 2.81042 4.1354 40
      vertex 2.67913 4.22164 40
    endloop
  endfacet
  facet normal -0.549017 -0.835811 -0
    outer loop
      vertex 2.81042 4.1354 40
      vertex 2.67913 4.22164 0
      vertex 2.81042 4.1354 0
    endloop
  endfacet
  facet normal -0.673028 -0.739617 0
    outer loop
      vertex 3.30656 3.75056 0
      vertex 3.42274 3.64484 40
      vertex 3.30656 3.75056 40
    endloop
  endfacet
  facet normal -0.673028 -0.739617 -0
    outer loop
      vertex 3.42274 3.64484 40
      vertex 3.30656 3.75056 0
      vertex 3.42274 3.64484 0
    endloop
  endfacet
  facet normal 0.76041 -0.649443 0
    outer loop
      vertex -3.85257 3.18712 40
      vertex -3.75056 3.30656 0
      vertex -3.75056 3.30656 40
    endloop
  endfacet
  facet normal 0.76041 -0.649443 0
    outer loop
      vertex -3.75056 3.30656 0
      vertex -3.85257 3.18712 40
      vertex -3.85257 3.18712 0
    endloop
  endfacet
  facet normal 0.780446 -0.625223 0
    outer loop
      vertex -3.95077 3.06454 40
      vertex -3.85257 3.18712 0
      vertex -3.85257 3.18712 40
    endloop
  endfacet
  facet normal 0.780446 -0.625223 0
    outer loop
      vertex -3.85257 3.18712 0
      vertex -3.95077 3.06454 40
      vertex -3.95077 3.06454 0
    endloop
  endfacet
  facet normal 0.898027 -0.439941 0
    outer loop
      vertex -4.52413 2.1289 40
      vertex -4.45503 2.26995 0
      vertex -4.45503 2.26995 40
    endloop
  endfacet
  facet normal 0.898027 -0.439941 0
    outer loop
      vertex -4.45503 2.26995 0
      vertex -4.52413 2.1289 40
      vertex -4.52413 2.1289 0
    endloop
  endfacet
  facet normal 0.946086 -0.323914 0
    outer loop
      vertex -4.75528 1.54508 40
      vertex -4.7044 1.69369 0
      vertex -4.7044 1.69369 40
    endloop
  endfacet
  facet normal 0.946086 -0.323914 0
    outer loop
      vertex -4.7044 1.69369 0
      vertex -4.75528 1.54508 40
      vertex -4.75528 1.54508 0
    endloop
  endfacet
  facet normal 0.935444 -0.353474 0
    outer loop
      vertex -4.7044 1.69369 40
      vertex -4.64888 1.84062 0
      vertex -4.64888 1.84062 40
    endloop
  endfacet
  facet normal 0.935444 -0.353474 0
    outer loop
      vertex -4.64888 1.84062 0
      vertex -4.7044 1.69369 40
      vertex -4.7044 1.69369 0
    endloop
  endfacet
  facet normal 0.97238 -0.233402 0
    outer loop
      vertex -4.87958 1.09072 40
      vertex -4.84292 1.24345 0
      vertex -4.84292 1.24345 40
    endloop
  endfacet
  facet normal 0.97238 -0.233402 0
    outer loop
      vertex -4.84292 1.24345 0
      vertex -4.87958 1.09072 40
      vertex -4.87958 1.09072 0
    endloop
  endfacet
  facet normal 0.985115 -0.171896 0
    outer loop
      vertex -4.93844 0.782172 40
      vertex -4.91144 0.936906 0
      vertex -4.91144 0.936906 40
    endloop
  endfacet
  facet normal 0.985115 -0.171896 0
    outer loop
      vertex -4.91144 0.936906 0
      vertex -4.93844 0.782172 40
      vertex -4.93844 0.782172 0
    endloop
  endfacet
  facet normal 0.411518 -0.911401 0
    outer loop
      vertex -2.1289 4.52413 0
      vertex -1.98574 4.58877 40
      vertex -2.1289 4.52413 40
    endloop
  endfacet
  facet normal 0.411518 -0.911401 0
    outer loop
      vertex -1.98574 4.58877 40
      vertex -2.1289 4.52413 0
      vertex -1.98574 4.58877 0
    endloop
  endfacet
  facet normal 0.522516 -0.85263 0
    outer loop
      vertex -2.67913 4.22164 0
      vertex -2.54521 4.30371 40
      vertex -2.67913 4.22164 40
    endloop
  endfacet
  facet normal 0.522516 -0.85263 0
    outer loop
      vertex -2.54521 4.30371 40
      vertex -2.67913 4.22164 0
      vertex -2.54521 4.30371 0
    endloop
  endfacet
  facet normal 0.202828 -0.979214 0
    outer loop
      vertex -1.09072 4.87958 0
      vertex -0.936906 4.91144 40
      vertex -1.09072 4.87958 40
    endloop
  endfacet
  facet normal 0.202828 -0.979214 0
    outer loop
      vertex -0.936906 4.91144 40
      vertex -1.09072 4.87958 0
      vertex -0.936906 4.91144 0
    endloop
  endfacet
  facet normal 0.14089 -0.990025 0
    outer loop
      vertex -0.782172 4.93844 0
      vertex -0.626666 4.96057 40
      vertex -0.782172 4.93844 40
    endloop
  endfacet
  facet normal 0.14089 -0.990025 0
    outer loop
      vertex -0.626666 4.96057 40
      vertex -0.782172 4.93844 0
      vertex -0.626666 4.96057 0
    endloop
  endfacet
  facet normal -0.0471117 0.99889 0
    outer loop
      vertex 0.313952 -4.99013 0
      vertex 0.157053 -4.99753 40
      vertex 0.313952 -4.99013 40
    endloop
  endfacet
  facet normal -0.0471117 0.99889 0
    outer loop
      vertex 0.157053 -4.99753 40
      vertex 0.313952 -4.99013 0
      vertex 0.157053 -4.99753 0
    endloop
  endfacet
  facet normal -0.353474 0.935444 0
    outer loop
      vertex 1.84062 -4.64888 0
      vertex 1.69369 -4.7044 40
      vertex 1.84062 -4.64888 40
    endloop
  endfacet
  facet normal -0.353474 0.935444 0
    outer loop
      vertex 1.69369 -4.7044 40
      vertex 1.84062 -4.64888 0
      vertex 1.69369 -4.7044 0
    endloop
  endfacet
  facet normal -0.233402 0.97238 0
    outer loop
      vertex 1.24345 -4.84292 0
      vertex 1.09072 -4.87958 40
      vertex 1.24345 -4.84292 40
    endloop
  endfacet
  facet normal -0.233402 0.97238 0
    outer loop
      vertex 1.09072 -4.87958 40
      vertex 1.24345 -4.84292 0
      vertex 1.09072 -4.87958 0
    endloop
  endfacet
  facet normal -0.625223 0.780446 0
    outer loop
      vertex 3.18712 -3.85257 0
      vertex 3.06454 -3.95077 40
      vertex 3.18712 -3.85257 40
    endloop
  endfacet
  facet normal -0.625223 0.780446 0
    outer loop
      vertex 3.06454 -3.95077 40
      vertex 3.18712 -3.85257 0
      vertex 3.06454 -3.95077 0
    endloop
  endfacet
  facet normal -0.673028 0.739617 0
    outer loop
      vertex 3.42274 -3.64484 0
      vertex 3.30656 -3.75056 40
      vertex 3.42274 -3.64484 40
    endloop
  endfacet
  facet normal -0.673028 0.739617 0
    outer loop
      vertex 3.30656 -3.75056 40
      vertex 3.42274 -3.64484 0
      vertex 3.30656 -3.75056 0
    endloop
  endfacet
  facet normal -0.439941 0.898027 0
    outer loop
      vertex 2.26995 -4.45503 0
      vertex 2.1289 -4.52413 40
      vertex 2.26995 -4.45503 40
    endloop
  endfacet
  facet normal -0.439941 0.898027 0
    outer loop
      vertex 2.1289 -4.52413 40
      vertex 2.26995 -4.45503 0
      vertex 2.1289 -4.52413 0
    endloop
  endfacet
  facet normal -0.76041 0.649443 0
    outer loop
      vertex 3.75056 -3.30656 0
      vertex 3.85257 -3.18712 40
      vertex 3.85257 -3.18712 0
    endloop
  endfacet
  facet normal -0.76041 0.649443 0
    outer loop
      vertex 3.85257 -3.18712 40
      vertex 3.75056 -3.30656 0
      vertex 3.75056 -3.30656 40
    endloop
  endfacet
  facet normal -0.799687 0.600418 0
    outer loop
      vertex 3.95077 -3.06454 0
      vertex 4.04508 -2.93893 40
      vertex 4.04508 -2.93893 0
    endloop
  endfacet
  facet normal -0.799687 0.600418 0
    outer loop
      vertex 4.04508 -2.93893 40
      vertex 3.95077 -3.06454 0
      vertex 3.95077 -3.06454 40
    endloop
  endfacet
  facet normal -0.911401 0.411518 0
    outer loop
      vertex 4.52413 -2.1289 0
      vertex 4.58877 -1.98574 40
      vertex 4.58877 -1.98574 0
    endloop
  endfacet
  facet normal -0.911401 0.411518 0
    outer loop
      vertex 4.58877 -1.98574 40
      vertex 4.52413 -2.1289 0
      vertex 4.52413 -2.1289 40
    endloop
  endfacet
  facet normal -0.85263 0.522516 0
    outer loop
      vertex 4.22164 -2.67913 0
      vertex 4.30371 -2.54521 40
      vertex 4.30371 -2.54521 0
    endloop
  endfacet
  facet normal -0.85263 0.522516 0
    outer loop
      vertex 4.30371 -2.54521 40
      vertex 4.22164 -2.67913 0
      vertex 4.22164 -2.67913 40
    endloop
  endfacet
  facet normal -0.990025 0.14089 0
    outer loop
      vertex 4.93844 -0.782172 0
      vertex 4.96057 -0.626666 40
      vertex 4.96057 -0.626666 0
    endloop
  endfacet
  facet normal -0.990025 0.14089 0
    outer loop
      vertex 4.96057 -0.626666 40
      vertex 4.93844 -0.782172 0
      vertex 4.93844 -0.782172 40
    endloop
  endfacet
  facet normal -0.996919 0.0784349 0
    outer loop
      vertex 4.97781 -0.470541 0
      vertex 4.99013 -0.313952 40
      vertex 4.99013 -0.313952 0
    endloop
  endfacet
  facet normal -0.996919 0.0784349 0
    outer loop
      vertex 4.99013 -0.313952 40
      vertex 4.97781 -0.470541 0
      vertex 4.97781 -0.470541 40
    endloop
  endfacet
  facet normal -0.993958 0.109757 0
    outer loop
      vertex 4.96057 -0.626666 0
      vertex 4.97781 -0.470541 40
      vertex 4.97781 -0.470541 0
    endloop
  endfacet
  facet normal -0.993958 0.109757 0
    outer loop
      vertex 4.97781 -0.470541 40
      vertex 4.96057 -0.626666 0
      vertex 4.96057 -0.626666 40
    endloop
  endfacet
  facet normal -0.99889 0.0471117 0
    outer loop
      vertex 4.99013 -0.313952 0
      vertex 4.99753 -0.157053 40
      vertex 4.99753 -0.157053 0
    endloop
  endfacet
  facet normal -0.99889 0.0471117 0
    outer loop
      vertex 4.99753 -0.157053 40
      vertex 4.99013 -0.313952 0
      vertex 4.99013 -0.313952 40
    endloop
  endfacet
  facet normal 0.649443 0.76041 -0
    outer loop
      vertex -3.18712 -3.85257 0
      vertex -3.30656 -3.75056 40
      vertex -3.18712 -3.85257 40
    endloop
  endfacet
  facet normal 0.649443 0.76041 0
    outer loop
      vertex -3.30656 -3.75056 40
      vertex -3.18712 -3.85257 0
      vertex -3.30656 -3.75056 0
    endloop
  endfacet
  facet normal 0.600418 0.799687 -0
    outer loop
      vertex -2.93893 -4.04508 0
      vertex -3.06454 -3.95077 40
      vertex -2.93893 -4.04508 40
    endloop
  endfacet
  facet normal 0.600418 0.799687 0
    outer loop
      vertex -3.06454 -3.95077 40
      vertex -2.93893 -4.04508 0
      vertex -3.06454 -3.95077 0
    endloop
  endfacet
  facet normal 0.323914 0.946086 -0
    outer loop
      vertex -1.54508 -4.75528 0
      vertex -1.69369 -4.7044 40
      vertex -1.54508 -4.75528 40
    endloop
  endfacet
  facet normal 0.323914 0.946086 0
    outer loop
      vertex -1.69369 -4.7044 40
      vertex -1.54508 -4.75528 0
      vertex -1.69369 -4.7044 0
    endloop
  endfacet
  facet normal 0.263898 0.96455 -0
    outer loop
      vertex -1.24345 -4.84292 0
      vertex -1.39495 -4.80147 40
      vertex -1.24345 -4.84292 40
    endloop
  endfacet
  facet normal 0.263898 0.96455 0
    outer loop
      vertex -1.39495 -4.80147 40
      vertex -1.24345 -4.84292 0
      vertex -1.39495 -4.80147 0
    endloop
  endfacet
  facet normal 0.202828 0.979214 -0
    outer loop
      vertex -0.936906 -4.91144 0
      vertex -1.09072 -4.87958 40
      vertex -0.936906 -4.91144 40
    endloop
  endfacet
  facet normal 0.202828 0.979214 0
    outer loop
      vertex -1.09072 -4.87958 40
      vertex -0.936906 -4.91144 0
      vertex -1.09072 -4.87958 0
    endloop
  endfacet
  facet normal 0.14089 0.990025 -0
    outer loop
      vertex -0.626666 -4.96057 0
      vertex -0.782172 -4.93844 40
      vertex -0.626666 -4.96057 40
    endloop
  endfacet
  facet normal 0.14089 0.990025 0
    outer loop
      vertex -0.782172 -4.93844 40
      vertex -0.626666 -4.96057 0
      vertex -0.782172 -4.93844 0
    endloop
  endfacet
  facet normal 0.0157252 0.999876 -0
    outer loop
      vertex 0 -5 0
      vertex -0.157053 -4.99753 40
      vertex 0 -5 40
    endloop
  endfacet
  facet normal 0.0157252 0.999876 0
    outer loop
      vertex -0.157053 -4.99753 40
      vertex 0 -5 0
      vertex -0.157053 -4.99753 0
    endloop
  endfacet
  facet normal 0.739617 0.673028 0
    outer loop
      vertex -3.64484 -3.42274 40
      vertex -3.75056 -3.30656 0
      vertex -3.75056 -3.30656 40
    endloop
  endfacet
  facet normal 0.739617 0.673028 0
    outer loop
      vertex -3.75056 -3.30656 0
      vertex -3.64484 -3.42274 40
      vertex -3.64484 -3.42274 0
    endloop
  endfacet
  facet normal 0.835811 0.549017 0
    outer loop
      vertex -4.1354 -2.81042 40
      vertex -4.22164 -2.67913 0
      vertex -4.22164 -2.67913 40
    endloop
  endfacet
  facet normal 0.835811 0.549017 0
    outer loop
      vertex -4.22164 -2.67913 0
      vertex -4.1354 -2.81042 40
      vertex -4.1354 -2.81042 0
    endloop
  endfacet
  facet normal 0.97238 0.233402 0
    outer loop
      vertex -4.84292 -1.24345 40
      vertex -4.87958 -1.09072 0
      vertex -4.87958 -1.09072 40
    endloop
  endfacet
  facet normal 0.97238 0.233402 0
    outer loop
      vertex -4.87958 -1.09072 0
      vertex -4.84292 -1.24345 40
      vertex -4.84292 -1.24345 0
    endloop
  endfacet
  facet normal 0.955786 0.294063 0
    outer loop
      vertex -4.75528 -1.54508 40
      vertex -4.80147 -1.39495 0
      vertex -4.80147 -1.39495 40
    endloop
  endfacet
  facet normal 0.955786 0.294063 0
    outer loop
      vertex -4.80147 -1.39495 0
      vertex -4.75528 -1.54508 40
      vertex -4.75528 -1.54508 0
    endloop
  endfacet
  facet normal 0.935444 0.353474 0
    outer loop
      vertex -4.64888 -1.84062 40
      vertex -4.7044 -1.69369 0
      vertex -4.7044 -1.69369 40
    endloop
  endfacet
  facet normal 0.935444 0.353474 0
    outer loop
      vertex -4.7044 -1.69369 0
      vertex -4.64888 -1.84062 40
      vertex -4.64888 -1.84062 0
    endloop
  endfacet
  facet normal 0.985115 0.171896 0
    outer loop
      vertex -4.91144 -0.936906 40
      vertex -4.93844 -0.782172 0
      vertex -4.93844 -0.782172 40
    endloop
  endfacet
  facet normal 0.985115 0.171896 0
    outer loop
      vertex -4.93844 -0.782172 0
      vertex -4.91144 -0.936906 40
      vertex -4.91144 -0.936906 0
    endloop
  endfacet
  facet normal 0.99889 0.0471117 0
    outer loop
      vertex -4.99013 -0.313952 40
      vertex -4.99753 -0.157053 0
      vertex -4.99753 -0.157053 40
    endloop
  endfacet
  facet normal 0.99889 0.0471117 0
    outer loop
      vertex -4.99753 -0.157053 0
      vertex -4.99013 -0.313952 40
      vertex -4.99013 -0.313952 0
    endloop
  endfacet
endsolid OpenSCAD_Model
