solid OpenSCAD_Model
  facet normal -1 0 0
    outer loop
      vertex -15 -16.5 0
      vertex -15 13.5 5
      vertex -15 13.5 0
    endloop
  endfacet
  facet normal -1 -0 0
    outer loop
      vertex -15 13.5 5
      vertex -15 -16.5 0
      vertex -15 -16.5 5
    endloop
  endfacet
  facet normal -0 0 1
    outer loop
      vertex -11.537 -13.2348 5
      vertex -11.3227 -13.289 5
      vertex -11.4245 -12.9079 5
    endloop
  endfacet
  facet normal 0 0 1
    outer loop
      vertex -11.3166 -12.874 5
      vertex -11.4245 -12.9079 5
      vertex -11.3227 -13.289 5
    endloop
  endfacet
  facet normal 0 0 1
    outer loop
      vertex -11.4245 -12.9079 5
      vertex -11.3166 -12.874 5
      vertex -11.2983 -12.4752 5
    endloop
  endfacet
  facet normal 0 0 1
    outer loop
      vertex -10.5172 -7.64121 5
      vertex -11.5207 -12.0168 5
      vertex -10.8562 -12.0168 5
    endloop
  endfacet
  facet normal 0 0 1
    outer loop
      vertex -13.8915 -12.0168 5
      vertex -10.5172 -7.64121 5
      vertex -11.8761 -5.28758 5
    endloop
  endfacet
  facet normal 0 0 1
    outer loop
      vertex -10.5172 -7.64121 5
      vertex -13.8915 -12.0168 5
      vertex -11.5207 -12.0168 5
    endloop
  endfacet
  facet normal 0 0 1
    outer loop
      vertex -11.5207 -12.0168 5
      vertex -13.8915 -12.0168 5
      vertex -12.5189 -14.6669 5
    endloop
  endfacet
  facet normal 0 -0 1
    outer loop
      vertex -12.8743 -14.6669 5
      vertex -12.5189 -14.6669 5
      vertex -13.8915 -12.0168 5
    endloop
  endfacet
  facet normal 0 0 1
    outer loop
      vertex -12.5189 -14.6669 5
      vertex -12.8743 -14.6669 5
      vertex -12.5546 -14.7649 5
    endloop
  endfacet
  facet normal 0 0 1
    outer loop
      vertex -12.5546 -14.7649 5
      vertex -12.8211 -14.8327 5
      vertex -12.6125 -14.945 5
    endloop
  endfacet
  facet normal 0 0 1
    outer loop
      vertex -14.5723 -12.0168 5
      vertex -11.8761 -5.28758 5
      vertex -12.7159 -2.70285 5
    endloop
  endfacet
  facet normal 0 0 1
    outer loop
      vertex -12.6698 -15.1379 5
      vertex -12.7282 -15.1678 5
      vertex -12.7034 -15.2745 5
    endloop
  endfacet
  facet normal 0 0 1
    outer loop
      vertex -12.6698 -15.1379 5
      vertex -12.7699 -15.0101 5
      vertex -12.7282 -15.1678 5
    endloop
  endfacet
  facet normal 0 0 1
    outer loop
      vertex -12.6125 -14.945 5
      vertex -12.7699 -15.0101 5
      vertex -12.6698 -15.1379 5
    endloop
  endfacet
  facet normal 0 -0 1
    outer loop
      vertex -12.7699 -15.0101 5
      vertex -12.6125 -14.945 5
      vertex -12.8211 -14.8327 5
    endloop
  endfacet
  facet normal 0 0 1
    outer loop
      vertex -14.5723 -12.0168 5
      vertex -12.7159 -2.70285 5
      vertex -13 0 5
    endloop
  endfacet
  facet normal 0 -0 1
    outer loop
      vertex -12.8211 -14.8327 5
      vertex -12.5546 -14.7649 5
      vertex -12.8743 -14.6669 5
    endloop
  endfacet
  facet normal 0 0 1
    outer loop
      vertex -14.0407 -12.7736 5
      vertex -14.1221 -12.7764 5
      vertex -14.1112 -13.289 5
    endloop
  endfacet
  facet normal 0 -0 1
    outer loop
      vertex -14.1221 -12.7764 5
      vertex -14.0407 -12.7736 5
      vertex -14.1302 -12.4752 5
    endloop
  endfacet
  facet normal 0 0 1
    outer loop
      vertex -7.41914 -15.5187 5
      vertex -7.8389 -15.2912 5
      vertex -7.50388 -15.5329 5
    endloop
  endfacet
  facet normal 0 0 1
    outer loop
      vertex -9.00592 -14.0593 5
      vertex -8.34679 -13.8885 5
      vertex -8.38477 -13.5813 5
    endloop
  endfacet
  facet normal 0 0 1
    outer loop
      vertex -9.00592 -14.0593 5
      vertex -8.38477 -13.5813 5
      vertex -8.4987 -13.3758 5
    endloop
  endfacet
  facet normal 0 0 1
    outer loop
      vertex -9.00592 -14.0593 5
      vertex -8.4987 -13.3758 5
      vertex -8.69398 -13.2599 5
    endloop
  endfacet
  facet normal 0 0 1
    outer loop
      vertex -9.00592 -14.0593 5
      vertex -8.69398 -13.2599 5
      vertex -8.9761 -13.2212 5
    endloop
  endfacet
  facet normal 0 0 1
    outer loop
      vertex -8.34679 -13.8885 5
      vertex -9.00592 -14.0593 5
      vertex -8.34679 -14.0485 5
    endloop
  endfacet
  facet normal -0 0 1
    outer loop
      vertex -9.25954 -13.249 5
      vertex -9.00592 -14.0593 5
      vertex -8.9761 -13.2212 5
    endloop
  endfacet
  facet normal -0 0 1
    outer loop
      vertex -9.45349 -13.3324 5
      vertex -9.00592 -14.0593 5
      vertex -9.25954 -13.249 5
    endloop
  endfacet
  facet normal -0 0 1
    outer loop
      vertex -9.57285 -13.4769 5
      vertex -9.00592 -14.0593 5
      vertex -9.45349 -13.3324 5
    endloop
  endfacet
  facet normal -0 0 1
    outer loop
      vertex -9.63252 -13.6878 5
      vertex -9.00592 -14.0593 5
      vertex -9.57285 -13.4769 5
    endloop
  endfacet
  facet normal 0 0 1
    outer loop
      vertex -9.00592 -14.0593 5
      vertex -9.63252 -13.6878 5
      vertex -9.58131 -14.1326 5
    endloop
  endfacet
  facet normal 0 0 1
    outer loop
      vertex -9.63252 -13.6878 5
      vertex -9.97293 -14.3197 5
      vertex -9.58131 -14.1326 5
    endloop
  endfacet
  facet normal 0 0 1
    outer loop
      vertex -10.1424 -13.6416 5
      vertex -9.97293 -14.3197 5
      vertex -9.63252 -13.6878 5
    endloop
  endfacet
  facet normal 0 0 1
    outer loop
      vertex -9.97293 -14.3197 5
      vertex -10.1424 -13.6416 5
      vertex -10.1977 -14.6168 5
    endloop
  endfacet
  facet normal -0 0 1
    outer loop
      vertex -7.92299 -13.4135 5
      vertex -7.1062 -13.5874 5
      vertex -7.11026 -13.2619 5
    endloop
  endfacet
  facet normal 0 0 1
    outer loop
      vertex -1.35887 -12.9288 5
      vertex -3.06984 -13.7257 5
      vertex -3.05356 -14.9653 5
    endloop
  endfacet
  facet normal 0 0 1
    outer loop
      vertex -1.35887 -12.9288 5
      vertex -3.20103 -13.3602 5
      vertex -3.06984 -13.7257 5
    endloop
  endfacet
  facet normal 0 0 1
    outer loop
      vertex -1.35887 -12.9288 5
      vertex -3.44279 -13.0829 5
      vertex -3.20103 -13.3602 5
    endloop
  endfacet
  facet normal 0 0 1
    outer loop
      vertex -4.01722 -12.3637 5
      vertex -3.44279 -13.0829 5
      vertex -1.35887 -12.9288 5
    endloop
  endfacet
  facet normal 0 0 1
    outer loop
      vertex -3.44279 -13.0829 5
      vertex -4.01722 -12.3637 5
      vertex -3.77812 -12.9079 5
    endloop
  endfacet
  facet normal 0 0 1
    outer loop
      vertex -4.01722 -12.3637 5
      vertex -4.19008 -12.8496 5
      vertex -3.77812 -12.9079 5
    endloop
  endfacet
  facet normal 0 0 1
    outer loop
      vertex -4.01722 -12.3637 5
      vertex -4.72716 -12.9469 5
      vertex -4.19008 -12.8496 5
    endloop
  endfacet
  facet normal -0 0 1
    outer loop
      vertex -5.73364 -12.8767 5
      vertex -4.72716 -12.9469 5
      vertex -4.01722 -12.3637 5
    endloop
  endfacet
  facet normal 0 0 1
    outer loop
      vertex -5.1232 -13.2388 5
      vertex -5.73364 -13.3243 5
      vertex -5.36731 -13.7159 5
    endloop
  endfacet
  facet normal 0 0 1
    outer loop
      vertex -5.73364 -13.3243 5
      vertex -5.1232 -13.2388 5
      vertex -5.73364 -12.8767 5
    endloop
  endfacet
  facet normal 0 0 1
    outer loop
      vertex -4.72716 -12.9469 5
      vertex -5.73364 -12.8767 5
      vertex -5.1232 -13.2388 5
    endloop
  endfacet
  facet normal 0 0 1
    outer loop
      vertex -6.5 -11.2583 5
      vertex -5.73364 -12.8767 5
      vertex -4.01722 -12.3637 5
    endloop
  endfacet
  facet normal 0 0 1
    outer loop
      vertex -5.73364 -12.8767 5
      vertex -6.5 -11.2583 5
      vertex -5.83334 -12.8564 5
    endloop
  endfacet
  facet normal 0 0 1
    outer loop
      vertex -5.83334 -12.8564 5
      vertex -6.5 -11.2583 5
      vertex -5.93167 -12.8496 5
    endloop
  endfacet
  facet normal 0 0 1
    outer loop
      vertex -5.93167 -12.8496 5
      vertex -6.5 -11.2583 5
      vertex -6.17717 -12.8842 5
    endloop
  endfacet
  facet normal 0 0 1
    outer loop
      vertex -6.66132 -12.9038 5
      vertex -6.17717 -12.8842 5
      vertex -6.5 -11.2583 5
    endloop
  endfacet
  facet normal 0 0 1
    outer loop
      vertex -6.17717 -12.8842 5
      vertex -6.66132 -12.9038 5
      vertex -6.36028 -12.9879 5
    endloop
  endfacet
  facet normal 0 0 1
    outer loop
      vertex -6.36028 -12.9879 5
      vertex -6.66132 -12.9038 5
      vertex -6.50334 -13.1859 5
    endloop
  endfacet
  facet normal 0 0 1
    outer loop
      vertex -6.50334 -13.1859 5
      vertex -6.64505 -13.3032 5
      vertex -6.6288 -13.5033 5
    endloop
  endfacet
  facet normal 0 0 1
    outer loop
      vertex -6.6288 -13.5033 5
      vertex -6.64505 -13.3032 5
      vertex -6.63963 -13.5033 5
    endloop
  endfacet
  facet normal 0 0 1
    outer loop
      vertex -6.50334 -13.1859 5
      vertex -6.66132 -12.9038 5
      vertex -6.64505 -13.3032 5
    endloop
  endfacet
  facet normal 0 0 1
    outer loop
      vertex -6.5 -11.2583 5
      vertex -7.12244 -12.9038 5
      vertex -6.66132 -12.9038 5
    endloop
  endfacet
  facet normal -0 0 1
    outer loop
      vertex -7.85313 -15.1009 5
      vertex -7.41914 -15.5187 5
      vertex -7.1062 -13.5874 5
    endloop
  endfacet
  facet normal 0 0 1
    outer loop
      vertex -7.85313 -15.1009 5
      vertex -7.1062 -13.5874 5
      vertex -7.85313 -13.8369 5
    endloop
  endfacet
  facet normal -0 -0 1
    outer loop
      vertex -7.8389 -15.2912 5
      vertex -7.41914 -15.5187 5
      vertex -7.85313 -15.1009 5
    endloop
  endfacet
  facet normal 0 0 1
    outer loop
      vertex -7.50388 -15.5329 5
      vertex -7.8389 -15.2912 5
      vertex -7.57915 -15.5377 5
    endloop
  endfacet
  facet normal 0 0 1
    outer loop
      vertex -7.57915 -15.5377 5
      vertex -7.79617 -15.4278 5
      vertex -7.71342 -15.5102 5
    endloop
  endfacet
  facet normal -0 -0 1
    outer loop
      vertex -7.79617 -15.4278 5
      vertex -7.57915 -15.5377 5
      vertex -7.8389 -15.2912 5
    endloop
  endfacet
  facet normal 0 0 1
    outer loop
      vertex -8.48039 -12.913 5
      vertex -7.12244 -12.9038 5
      vertex -6.5 -11.2583 5
    endloop
  endfacet
  facet normal 0 0 1
    outer loop
      vertex -7.1062 -13.5874 5
      vertex -7.92299 -13.4135 5
      vertex -7.85313 -13.8369 5
    endloop
  endfacet
  facet normal 0 0 1
    outer loop
      vertex -7.12244 -12.9038 5
      vertex -8.13254 -13.1032 5
      vertex -7.92299 -13.4135 5
    endloop
  endfacet
  facet normal 0 0 1
    outer loop
      vertex -7.12244 -12.9038 5
      vertex -8.48039 -12.913 5
      vertex -8.13254 -13.1032 5
    endloop
  endfacet
  facet normal 0 0 1
    outer loop
      vertex -8.6987 -9.66088 5
      vertex -8.48039 -12.913 5
      vertex -6.5 -11.2583 5
    endloop
  endfacet
  facet normal 0 0 1
    outer loop
      vertex -8.6987 -9.66088 5
      vertex -8.96526 -12.8496 5
      vertex -8.48039 -12.913 5
    endloop
  endfacet
  facet normal -0 0 1
    outer loop
      vertex -10.8562 -12.0168 5
      vertex -8.96526 -12.8496 5
      vertex -8.6987 -9.66088 5
    endloop
  endfacet
  facet normal 0 0 1
    outer loop
      vertex -8.96526 -12.8496 5
      vertex -10.8562 -12.0168 5
      vertex -9.78577 -13.0476 5
    endloop
  endfacet
  facet normal 0 0 1
    outer loop
      vertex -10.8562 -15.8387 5
      vertex -10.1977 -14.6168 5
      vertex -10.1424 -13.6416 5
    endloop
  endfacet
  facet normal 0 0 1
    outer loop
      vertex -9.78577 -13.0476 5
      vertex -10.8562 -12.0168 5
      vertex -10.1424 -13.6416 5
    endloop
  endfacet
  facet normal 0 0 1
    outer loop
      vertex -10.8562 -12.0168 5
      vertex -8.6987 -9.66088 5
      vertex -10.5172 -7.64121 5
    endloop
  endfacet
  facet normal 0 0 1
    outer loop
      vertex 15 13.5 5
      vertex 13 0 5
      vertex 15 -16.5 5
    endloop
  endfacet
  facet normal 0 0 1
    outer loop
      vertex 15 13.5 5
      vertex 12.7159 2.70285 5
      vertex 13 0 5
    endloop
  endfacet
  facet normal 0 0 1
    outer loop
      vertex 15 13.5 5
      vertex 11.8761 5.28758 5
      vertex 12.7159 2.70285 5
    endloop
  endfacet
  facet normal 0 0 1
    outer loop
      vertex 15 13.5 5
      vertex 10.5172 7.64121 5
      vertex 11.8761 5.28758 5
    endloop
  endfacet
  facet normal 0 0 1
    outer loop
      vertex 15 13.5 5
      vertex 8.6987 9.66088 5
      vertex 10.5172 7.64121 5
    endloop
  endfacet
  facet normal 0 0 1
    outer loop
      vertex 15 13.5 5
      vertex 6.5 11.2583 5
      vertex 8.6987 9.66088 5
    endloop
  endfacet
  facet normal 0 0 1
    outer loop
      vertex 15 13.5 5
      vertex 4.01722 12.3637 5
      vertex 6.5 11.2583 5
    endloop
  endfacet
  facet normal 0 0 1
    outer loop
      vertex 15 13.5 5
      vertex 1.35887 12.9288 5
      vertex 4.01722 12.3637 5
    endloop
  endfacet
  facet normal 0 0 1
    outer loop
      vertex 15 13.5 5
      vertex -1.35887 12.9288 5
      vertex 1.35887 12.9288 5
    endloop
  endfacet
  facet normal 0 0 1
    outer loop
      vertex -11.8761 -5.28758 5
      vertex -14.5723 -12.0168 5
      vertex -13.8915 -12.0168 5
    endloop
  endfacet
  facet normal 0 0 1
    outer loop
      vertex -15 13.5 5
      vertex -13 0 5
      vertex -12.7159 2.70285 5
    endloop
  endfacet
  facet normal 0 0 1
    outer loop
      vertex -15 -16.5 5
      vertex -14.5723 -12.0168 5
      vertex -15 13.5 5
    endloop
  endfacet
  facet normal 0 0 1
    outer loop
      vertex -13 0 5
      vertex -15 13.5 5
      vertex -14.5723 -12.0168 5
    endloop
  endfacet
  facet normal 0 0 1
    outer loop
      vertex -11.8761 5.28758 5
      vertex -15 13.5 5
      vertex -12.7159 2.70285 5
    endloop
  endfacet
  facet normal 0 0 1
    outer loop
      vertex -10.5172 7.64121 5
      vertex -15 13.5 5
      vertex -11.8761 5.28758 5
    endloop
  endfacet
  facet normal 0 0 1
    outer loop
      vertex -8.6987 9.66088 5
      vertex -15 13.5 5
      vertex -10.5172 7.64121 5
    endloop
  endfacet
  facet normal 0 0 1
    outer loop
      vertex -6.5 11.2583 5
      vertex -15 13.5 5
      vertex -8.6987 9.66088 5
    endloop
  endfacet
  facet normal 0 0 1
    outer loop
      vertex -4.01722 12.3637 5
      vertex -15 13.5 5
      vertex -6.5 11.2583 5
    endloop
  endfacet
  facet normal 0 0 1
    outer loop
      vertex -1.35887 12.9288 5
      vertex -15 13.5 5
      vertex -4.01722 12.3637 5
    endloop
  endfacet
  facet normal -0 0 1
    outer loop
      vertex -15 13.5 5
      vertex -1.35887 12.9288 5
      vertex 15 13.5 5
    endloop
  endfacet
  facet normal -0 0 1
    outer loop
      vertex 12.7159 -2.70285 5
      vertex 15 -16.5 5
      vertex 13 0 5
    endloop
  endfacet
  facet normal -0 0 1
    outer loop
      vertex 11.8761 -5.28758 5
      vertex 15 -16.5 5
      vertex 12.7159 -2.70285 5
    endloop
  endfacet
  facet normal -0 0 1
    outer loop
      vertex 10.5172 -7.64121 5
      vertex 15 -16.5 5
      vertex 11.8761 -5.28758 5
    endloop
  endfacet
  facet normal -0 0 1
    outer loop
      vertex 8.6987 -9.66088 5
      vertex 15 -16.5 5
      vertex 10.5172 -7.64121 5
    endloop
  endfacet
  facet normal -0 0 1
    outer loop
      vertex 6.5 -11.2583 5
      vertex 15 -16.5 5
      vertex 8.6987 -9.66088 5
    endloop
  endfacet
  facet normal -0 0 1
    outer loop
      vertex 4.01722 -12.3637 5
      vertex 15 -16.5 5
      vertex 6.5 -11.2583 5
    endloop
  endfacet
  facet normal -0 0 1
    outer loop
      vertex 1.35887 -12.9288 5
      vertex 15 -16.5 5
      vertex 4.01722 -12.3637 5
    endloop
  endfacet
  facet normal 0 0 1
    outer loop
      vertex -3.05356 -14.9653 5
      vertex 1.35887 -12.9288 5
      vertex -1.35887 -12.9288 5
    endloop
  endfacet
  facet normal 0 0 1
    outer loop
      vertex 1.35887 -12.9288 5
      vertex -3.05356 -14.9653 5
      vertex -3.17223 -15.3457 5
    endloop
  endfacet
  facet normal 0 0 1
    outer loop
      vertex -3.41432 -15.6407 5
      vertex 1.35887 -12.9288 5
      vertex -3.17223 -15.3457 5
    endloop
  endfacet
  facet normal 0 0 1
    outer loop
      vertex 1.35887 -12.9288 5
      vertex -3.41432 -15.6407 5
      vertex 15 -16.5 5
    endloop
  endfacet
  facet normal -0 0 1
    outer loop
      vertex -3.7588 -15.8299 5
      vertex 15 -16.5 5
      vertex -3.41432 -15.6407 5
    endloop
  endfacet
  facet normal -0 0 1
    outer loop
      vertex -4.18468 -15.893 5
      vertex 15 -16.5 5
      vertex -3.7588 -15.8299 5
    endloop
  endfacet
  facet normal 0 0 1
    outer loop
      vertex -5.84758 -13.3039 5
      vertex -5.36731 -13.7159 5
      vertex -5.73364 -13.3243 5
    endloop
  endfacet
  facet normal -0 0 1
    outer loop
      vertex -6.45787 -13.5589 5
      vertex -5.36731 -13.7159 5
      vertex -5.84758 -13.3039 5
    endloop
  endfacet
  facet normal 0 0 1
    outer loop
      vertex -5.36731 -13.7159 5
      vertex -6.57791 -13.8773 5
      vertex -5.44867 -14.3686 5
    endloop
  endfacet
  facet normal 0 0 1
    outer loop
      vertex -6.45787 -13.5589 5
      vertex -5.84758 -13.3039 5
      vertex -5.99403 -13.2972 5
    endloop
  endfacet
  facet normal 0 0 1
    outer loop
      vertex -6.45787 -13.5589 5
      vertex -5.99403 -13.2972 5
      vertex -6.2619 -13.3626 5
    endloop
  endfacet
  facet normal 0 0 1
    outer loop
      vertex -5.44867 -14.3686 5
      vertex -6.57791 -13.8773 5
      vertex -6.61792 -14.3089 5
    endloop
  endfacet
  facet normal 0 0 1
    outer loop
      vertex -5.36731 -13.7159 5
      vertex -6.45787 -13.5589 5
      vertex -6.57791 -13.8773 5
    endloop
  endfacet
  facet normal 0 0 1
    outer loop
      vertex -5.44867 -14.3686 5
      vertex -6.61792 -14.3089 5
      vertex -5.36765 -15.0253 5
    endloop
  endfacet
  facet normal 0 0 1
    outer loop
      vertex -6.61792 -15.8387 5
      vertex -5.36765 -15.0253 5
      vertex -6.61792 -14.3089 5
    endloop
  endfacet
  facet normal 0 0 1
    outer loop
      vertex -5.36765 -15.0253 5
      vertex -6.61792 -15.8387 5
      vertex -5.12456 -15.5037 5
    endloop
  endfacet
  facet normal 0 0 1
    outer loop
      vertex -6.61792 -15.8387 5
      vertex -4.72751 -15.7957 5
      vertex -5.12456 -15.5037 5
    endloop
  endfacet
  facet normal -0 0 1
    outer loop
      vertex -6.61792 -15.8387 5
      vertex -4.18468 -15.893 5
      vertex -4.72751 -15.7957 5
    endloop
  endfacet
  facet normal -0 0 1
    outer loop
      vertex -7.79614 -15.8659 5
      vertex -4.18468 -15.893 5
      vertex -6.61792 -15.8387 5
    endloop
  endfacet
  facet normal 0 0 1
    outer loop
      vertex -7.79614 -15.8659 5
      vertex -6.61792 -15.8387 5
      vertex -7.1062 -15.8387 5
    endloop
  endfacet
  facet normal 0 0 1
    outer loop
      vertex -7.92299 -13.4135 5
      vertex -7.11026 -13.2619 5
      vertex -7.12244 -12.9038 5
    endloop
  endfacet
  facet normal 0 0 1
    outer loop
      vertex -7.1062 -13.5874 5
      vertex -7.41914 -15.5187 5
      vertex -7.1062 -15.8387 5
    endloop
  endfacet
  facet normal -0 0 1
    outer loop
      vertex -7.41914 -15.8225 5
      vertex -7.1062 -15.8387 5
      vertex -7.41914 -15.5187 5
    endloop
  endfacet
  facet normal 0 0 1
    outer loop
      vertex -7.60561 -15.855 5
      vertex -7.1062 -15.8387 5
      vertex -7.41914 -15.8225 5
    endloop
  endfacet
  facet normal 0 0 1
    outer loop
      vertex -7.79614 -15.8659 5
      vertex -7.1062 -15.8387 5
      vertex -7.60561 -15.855 5
    endloop
  endfacet
  facet normal 0 0 1
    outer loop
      vertex -4.18468 -15.893 5
      vertex -7.79614 -15.8659 5
      vertex -15 -16.5 5
    endloop
  endfacet
  facet normal -0 0 1
    outer loop
      vertex -8.34679 -15.2773 5
      vertex -8.28748 -15.5407 5
      vertex -8.33054 -15.2773 5
    endloop
  endfacet
  facet normal 0 0 1
    outer loop
      vertex -8.54919 -15.5645 5
      vertex -8.28748 -15.5407 5
      vertex -8.34679 -15.2773 5
    endloop
  endfacet
  facet normal -0 0 1
    outer loop
      vertex -8.54919 -15.5645 5
      vertex -8.19086 -15.7235 5
      vertex -8.28748 -15.5407 5
    endloop
  endfacet
  facet normal 0 0 1
    outer loop
      vertex -8.78214 -15.7533 5
      vertex -8.19086 -15.7235 5
      vertex -8.54919 -15.5645 5
    endloop
  endfacet
  facet normal 0 0 1
    outer loop
      vertex -8.19086 -15.7235 5
      vertex -8.78214 -15.7533 5
      vertex -8.03046 -15.8303 5
    endloop
  endfacet
  facet normal 0 0 1
    outer loop
      vertex -9.05711 -15.8581 5
      vertex -8.03046 -15.8303 5
      vertex -8.78214 -15.7533 5
    endloop
  endfacet
  facet normal 0 0 1
    outer loop
      vertex -8.03046 -15.8303 5
      vertex -9.05711 -15.8581 5
      vertex -7.79614 -15.8659 5
    endloop
  endfacet
  facet normal 0 0 1
    outer loop
      vertex -9.38568 -15.893 5
      vertex -7.79614 -15.8659 5
      vertex -9.05711 -15.8581 5
    endloop
  endfacet
  facet normal 0 0 1
    outer loop
      vertex -15 -16.5 5
      vertex -7.79614 -15.8659 5
      vertex -9.38568 -15.893 5
    endloop
  endfacet
  facet normal 0 0 1
    outer loop
      vertex -10.8562 -15.8387 5
      vertex -10.1424 -13.6416 5
      vertex -10.8562 -12.0168 5
    endloop
  endfacet
  facet normal 0 0 1
    outer loop
      vertex -10.1977 -14.6168 5
      vertex -10.8562 -15.8387 5
      vertex -10.2726 -15.0196 5
    endloop
  endfacet
  facet normal 0 0 1
    outer loop
      vertex -10.2726 -15.0196 5
      vertex -10.8562 -15.8387 5
      vertex -10.217 -15.383 5
    endloop
  endfacet
  facet normal 0 0 1
    outer loop
      vertex -10.8562 -15.8387 5
      vertex -10.0502 -15.6597 5
      vertex -10.217 -15.383 5
    endloop
  endfacet
  facet normal 0 0 1
    outer loop
      vertex -10.8562 -15.8387 5
      vertex -9.77289 -15.8347 5
      vertex -10.0502 -15.6597 5
    endloop
  endfacet
  facet normal -0 0 1
    outer loop
      vertex -10.8562 -15.8387 5
      vertex -9.38568 -15.893 5
      vertex -9.77289 -15.8347 5
    endloop
  endfacet
  facet normal 0 0 1
    outer loop
      vertex -15 -16.5 5
      vertex -10.8562 -15.8387 5
      vertex -11.3227 -15.8387 5
    endloop
  endfacet
  facet normal 0 0 1
    outer loop
      vertex -11.3227 -13.289 5
      vertex -11.537 -13.2348 5
      vertex -11.3227 -15.8387 5
    endloop
  endfacet
  facet normal 0 0 1
    outer loop
      vertex -12.5244 -15.8387 5
      vertex -11.3227 -15.8387 5
      vertex -11.537 -13.2348 5
    endloop
  endfacet
  facet normal 0 0 1
    outer loop
      vertex -15 -16.5 5
      vertex -11.3227 -15.8387 5
      vertex -12.5244 -15.8387 5
    endloop
  endfacet
  facet normal 0 0 1
    outer loop
      vertex -10.8562 -15.8387 5
      vertex -15 -16.5 5
      vertex -9.38568 -15.893 5
    endloop
  endfacet
  facet normal 0 0 1
    outer loop
      vertex -15 -16.5 5
      vertex -12.5244 -15.8387 5
      vertex -12.8879 -15.8387 5
    endloop
  endfacet
  facet normal 0 0 1
    outer loop
      vertex -14.1112 -13.289 5
      vertex -13.8888 -13.2348 5
      vertex -14.0407 -12.7736 5
    endloop
  endfacet
  facet normal 0 0 1
    outer loop
      vertex -14.1112 -15.8387 5
      vertex -13.8888 -13.2348 5
      vertex -14.1112 -13.289 5
    endloop
  endfacet
  facet normal 0 0 1
    outer loop
      vertex -13.8888 -13.2348 5
      vertex -14.1112 -15.8387 5
      vertex -12.8879 -15.8387 5
    endloop
  endfacet
  facet normal 0 0 1
    outer loop
      vertex -15 -16.5 5
      vertex -12.8879 -15.8387 5
      vertex -14.1112 -15.8387 5
    endloop
  endfacet
  facet normal 0 0 1
    outer loop
      vertex -15 -16.5 5
      vertex -14.1112 -15.8387 5
      vertex -14.5723 -15.8387 5
    endloop
  endfacet
  facet normal 0 0 1
    outer loop
      vertex -4.18468 -15.893 5
      vertex -15 -16.5 5
      vertex 15 -16.5 5
    endloop
  endfacet
  facet normal 0 0 1
    outer loop
      vertex -14.5723 -12.0168 5
      vertex -15 -16.5 5
      vertex -14.5723 -15.8387 5
    endloop
  endfacet
  facet normal 0 0 1
    outer loop
      vertex -3.06984 -13.7257 5
      vertex -3.54724 -14.9328 5
      vertex -3.05356 -14.9653 5
    endloop
  endfacet
  facet normal -0 0 1
    outer loop
      vertex -3.57164 -13.7637 5
      vertex -3.54724 -14.9328 5
      vertex -3.06984 -13.7257 5
    endloop
  endfacet
  facet normal -0 0 1
    outer loop
      vertex -4.93875 -14.3577 5
      vertex -3.54724 -14.9328 5
      vertex -3.57164 -13.7637 5
    endloop
  endfacet
  facet normal 0 0 1
    outer loop
      vertex -4.20363 -13.232 5
      vertex -3.57164 -13.7637 5
      vertex -3.63876 -13.5446 5
    endloop
  endfacet
  facet normal -0 -0 1
    outer loop
      vertex -4.89264 -14.8677 5
      vertex -3.54724 -14.9328 5
      vertex -4.93875 -14.3577 5
    endloop
  endfacet
  facet normal 0 0 1
    outer loop
      vertex -3.95139 -13.268 5
      vertex -3.63876 -13.5446 5
      vertex -3.76424 -13.3758 5
    endloop
  endfacet
  facet normal 0 0 1
    outer loop
      vertex -3.63876 -13.5446 5
      vertex -3.95139 -13.268 5
      vertex -4.20363 -13.232 5
    endloop
  endfacet
  facet normal 0 -0 1
    outer loop
      vertex -4.75432 -15.2257 5
      vertex -3.54724 -14.9328 5
      vertex -4.89264 -14.8677 5
    endloop
  endfacet
  facet normal 0 -0 1
    outer loop
      vertex -4.19824 -15.5078 5
      vertex -3.54724 -14.9328 5
      vertex -4.75432 -15.2257 5
    endloop
  endfacet
  facet normal 0 0 1
    outer loop
      vertex -3.57164 -13.7637 5
      vertex -4.20363 -13.232 5
      vertex -4.89536 -13.8356 5
    endloop
  endfacet
  facet normal 0 -0 1
    outer loop
      vertex -3.9592 -15.4726 5
      vertex -3.62149 -15.1877 5
      vertex -4.19824 -15.5078 5
    endloop
  endfacet
  facet normal 0 0 1
    outer loop
      vertex -4.76515 -13.4898 5
      vertex -4.20363 -13.232 5
      vertex -4.53798 -13.2965 5
    endloop
  endfacet
  facet normal 0 0 1
    outer loop
      vertex -3.62149 -15.1877 5
      vertex -3.9592 -15.4726 5
      vertex -3.76288 -15.3668 5
    endloop
  endfacet
  facet normal 0 0 1
    outer loop
      vertex -4.20363 -13.232 5
      vertex -4.76515 -13.4898 5
      vertex -4.89536 -13.8356 5
    endloop
  endfacet
  facet normal 0 0 1
    outer loop
      vertex -3.54724 -14.9328 5
      vertex -4.19824 -15.5078 5
      vertex -3.62149 -15.1877 5
    endloop
  endfacet
  facet normal 0 0 1
    outer loop
      vertex -3.57164 -13.7637 5
      vertex -4.89536 -13.8356 5
      vertex -4.93875 -14.3577 5
    endloop
  endfacet
  facet normal 0 0 1
    outer loop
      vertex -4.19824 -15.5078 5
      vertex -4.75432 -15.2257 5
      vertex -4.52306 -15.4373 5
    endloop
  endfacet
  facet normal -0 0 1
    outer loop
      vertex -8.88113 -14.4011 5
      vertex -8.34679 -14.6317 5
      vertex -8.34679 -14.3903 5
    endloop
  endfacet
  facet normal 0 0 1
    outer loop
      vertex -8.34679 -14.6317 5
      vertex -8.88113 -14.4011 5
      vertex -8.37695 -14.8538 5
    endloop
  endfacet
  facet normal 0 0 1
    outer loop
      vertex -8.37695 -14.8538 5
      vertex -8.88113 -14.4011 5
      vertex -8.4675 -15.0697 5
    endloop
  endfacet
  facet normal 0 0 1
    outer loop
      vertex -8.4675 -15.0697 5
      vertex -8.88113 -14.4011 5
      vertex -8.61026 -15.2599 5
    endloop
  endfacet
  facet normal -0 0 1
    outer loop
      vertex -9.18393 -14.4215 5
      vertex -8.61026 -15.2599 5
      vertex -8.88113 -14.4011 5
    endloop
  endfacet
  facet normal 0 0 1
    outer loop
      vertex -8.61026 -15.2599 5
      vertex -9.18393 -14.4215 5
      vertex -8.7971 -15.4047 5
    endloop
  endfacet
  facet normal 0 0 1
    outer loop
      vertex -8.7971 -15.4047 5
      vertex -9.18393 -14.4215 5
      vertex -9.02084 -15.4963 5
    endloop
  endfacet
  facet normal -0 0 1
    outer loop
      vertex -9.40332 -14.4717 5
      vertex -9.02084 -15.4963 5
      vertex -9.18393 -14.4215 5
    endloop
  endfacet
  facet normal 0 0 1
    outer loop
      vertex -9.02084 -15.4963 5
      vertex -9.40332 -14.4717 5
      vertex -9.27444 -15.5268 5
    endloop
  endfacet
  facet normal -0 0 1
    outer loop
      vertex -9.74712 -14.829 5
      vertex -9.27444 -15.5268 5
      vertex -9.40332 -14.4717 5
    endloop
  endfacet
  facet normal 0 0 1
    outer loop
      vertex -9.74712 -14.829 5
      vertex -9.40332 -14.4717 5
      vertex -9.56029 -14.5544 5
    endloop
  endfacet
  facet normal 0 0 1
    outer loop
      vertex -9.27444 -15.5268 5
      vertex -9.77084 -15.0277 5
      vertex -9.48569 -15.4943 5
    endloop
  endfacet
  facet normal 0 0 1
    outer loop
      vertex -9.74712 -14.829 5
      vertex -9.56029 -14.5544 5
      vertex -9.67592 -14.6724 5
    endloop
  endfacet
  facet normal -0 -0 1
    outer loop
      vertex -9.73863 -15.2393 5
      vertex -9.48569 -15.4943 5
      vertex -9.77084 -15.0277 5
    endloop
  endfacet
  facet normal 0 0 1
    outer loop
      vertex -9.27444 -15.5268 5
      vertex -9.74712 -14.829 5
      vertex -9.77084 -15.0277 5
    endloop
  endfacet
  facet normal 0 0 1
    outer loop
      vertex -9.48569 -15.4943 5
      vertex -9.73863 -15.2393 5
      vertex -9.642 -15.3966 5
    endloop
  endfacet
  facet normal 1 -0 0
    outer loop
      vertex 15 -16.5 5
      vertex 15 13.5 0
      vertex 15 13.5 5
    endloop
  endfacet
  facet normal 1 0 0
    outer loop
      vertex 15 13.5 0
      vertex 15 -16.5 5
      vertex 15 -16.5 0
    endloop
  endfacet
  facet normal 0 1 -0
    outer loop
      vertex 15 13.5 0
      vertex -15 13.5 5
      vertex 15 13.5 5
    endloop
  endfacet
  facet normal 0 1 0
    outer loop
      vertex -15 13.5 5
      vertex 15 13.5 0
      vertex -15 13.5 0
    endloop
  endfacet
  facet normal 0 0 -1
    outer loop
      vertex -15 -16.5 0
      vertex 15 13.5 0
      vertex 15 -16.5 0
    endloop
  endfacet
  facet normal -0 0 -1
    outer loop
      vertex 15 13.5 0
      vertex -15 -16.5 0
      vertex -15 13.5 0
    endloop
  endfacet
  facet normal 0 -1 0
    outer loop
      vertex -15 -16.5 0
      vertex 15 -16.5 5
      vertex -15 -16.5 5
    endloop
  endfacet
  facet normal 0 -1 -0
    outer loop
      vertex 15 -16.5 5
      vertex -15 -16.5 0
      vertex 15 -16.5 0
    endloop
  endfacet
  facet normal 0.897503 0.0943376 0.430801
    outer loop
      vertex 12.7159 2.70285 5
      vertex 1 0 30
      vertex 13 0 5
    endloop
  endfacet
  facet normal -0.781541 -0.451224 0.430801
    outer loop
      vertex -0.913545 -0.406736 30
      vertex -10.5172 -7.64121 5
      vertex -0.809016 -0.587785 30
    endloop
  endfacet
  facet normal 0.781541 0.451224 0.430801
    outer loop
      vertex 10.5172 7.64121 5
      vertex 0.809016 0.587785 30
      vertex 0.913545 0.406736 30
    endloop
  endfacet
  facet normal -0.897503 0.0943376 0.430801
    outer loop
      vertex -12.7159 2.70285 5
      vertex -13 0 5
      vertex -1 0 30
    endloop
  endfacet
  facet normal 0.187628 -0.882726 0.430802
    outer loop
      vertex 0.309016 -0.951056 30
      vertex 0.104528 -0.994521 30
      vertex 1.35887 -12.9288 5
    endloop
  endfacet
  facet normal -0.367057 -0.824427 0.430801
    outer loop
      vertex -0.309016 -0.951056 30
      vertex -6.5 -11.2583 5
      vertex -4.01722 -12.3637 5
    endloop
  endfacet
  facet normal 0.367056 0.824427 0.430801
    outer loop
      vertex 6.5 11.2583 5
      vertex 0.309016 0.951056 30
      vertex 0.5 0.866025 30
    endloop
  endfacet
  facet normal 0.530439 -0.730099 0.430801
    outer loop
      vertex 8.6987 -9.66088 5
      vertex 0.5 -0.866025 30
      vertex 6.5 -11.2583 5
    endloop
  endfacet
  facet normal 0.367057 0.824427 0.430801
    outer loop
      vertex 4.01722 12.3637 5
      vertex 0.309016 0.951056 30
      vertex 6.5 11.2583 5
    endloop
  endfacet
  facet normal -0.367056 0.824427 0.430801
    outer loop
      vertex -0.309016 0.951056 30
      vertex -6.5 11.2583 5
      vertex -0.5 0.866025 30
    endloop
  endfacet
  facet normal -0.897503 -0.0943376 0.430801
    outer loop
      vertex -1 0 30
      vertex -13 0 5
      vertex -12.7159 -2.70285 5
    endloop
  endfacet
  facet normal 0.858277 0.278875 0.430802
    outer loop
      vertex 11.8761 5.28758 5
      vertex 0.913545 0.406736 30
      vertex 0.978148 0.207911 30
    endloop
  endfacet
  facet normal 0.781537 -0.451231 0.430801
    outer loop
      vertex 11.8761 -5.28758 5
      vertex 0.913545 -0.406736 30
      vertex 10.5172 -7.64121 5
    endloop
  endfacet
  facet normal 0.897503 -0.0943376 0.430801
    outer loop
      vertex 13 0 5
      vertex 1 0 30
      vertex 12.7159 -2.70285 5
    endloop
  endfacet
  facet normal 0.781537 0.451231 0.430801
    outer loop
      vertex 10.5172 7.64121 5
      vertex 0.913545 0.406736 30
      vertex 11.8761 5.28758 5
    endloop
  endfacet
  facet normal 0.530439 0.730099 0.430801
    outer loop
      vertex 6.5 11.2583 5
      vertex 0.5 0.866025 30
      vertex 8.6987 9.66088 5
    endloop
  endfacet
  facet normal -0.781541 0.451224 0.430801
    outer loop
      vertex -0.809016 0.587785 30
      vertex -10.5172 7.64121 5
      vertex -0.913545 0.406736 30
    endloop
  endfacet
  facet normal -0.530439 0.730099 0.430801
    outer loop
      vertex -6.5 11.2583 5
      vertex -8.6987 9.66088 5
      vertex -0.5 0.866025 30
    endloop
  endfacet
  facet normal -0.187628 0.882726 0.430802
    outer loop
      vertex -0.104528 0.994521 30
      vertex -1.35887 12.9288 5
      vertex -0.309016 0.951056 30
    endloop
  endfacet
  facet normal -0.897503 0.09433 0.430801
    outer loop
      vertex -0.978148 0.207911 30
      vertex -12.7159 2.70285 5
      vertex -1 0 30
    endloop
  endfacet
  facet normal -0.670652 0.603851 0.430801
    outer loop
      vertex -8.6987 9.66088 5
      vertex -10.5172 7.64121 5
      vertex -0.66913 0.743144 30
    endloop
  endfacet
  facet normal -0.858277 -0.278875 0.430802
    outer loop
      vertex -0.978148 -0.207911 30
      vertex -11.8761 -5.28758 5
      vertex -0.913545 -0.406736 30
    endloop
  endfacet
  facet normal 0.897503 0.09433 0.430801
    outer loop
      vertex 12.7159 2.70285 5
      vertex 0.978148 0.207911 30
      vertex 1 0 30
    endloop
  endfacet
  facet normal 0.858281 0.278862 0.430801
    outer loop
      vertex 11.8761 5.28758 5
      vertex 0.978148 0.207911 30
      vertex 12.7159 2.70285 5
    endloop
  endfacet
  facet normal 0.670648 0.603855 0.430801
    outer loop
      vertex 10.5172 7.64121 5
      vertex 0.66913 0.743144 30
      vertex 0.809016 0.587785 30
    endloop
  endfacet
  facet normal 0 0.902447 0.430802
    outer loop
      vertex 1.35887 12.9288 5
      vertex -0.104528 0.994521 30
      vertex 0.104528 0.994521 30
    endloop
  endfacet
  facet normal 0 0.902447 0.430802
    outer loop
      vertex -0.104528 0.994521 30
      vertex 1.35887 12.9288 5
      vertex -1.35887 12.9288 5
    endloop
  endfacet
  facet normal -0.187645 0.882723 0.430801
    outer loop
      vertex -1.35887 12.9288 5
      vertex -4.01722 12.3637 5
      vertex -0.309016 0.951056 30
    endloop
  endfacet
  facet normal -0.367057 0.824427 0.430801
    outer loop
      vertex -4.01722 12.3637 5
      vertex -6.5 11.2583 5
      vertex -0.309016 0.951056 30
    endloop
  endfacet
  facet normal -0.781537 0.451231 0.430801
    outer loop
      vertex -10.5172 7.64121 5
      vertex -11.8761 5.28758 5
      vertex -0.913545 0.406736 30
    endloop
  endfacet
  facet normal 0 0 -1
    outer loop
      vertex 0.978148 -0.207911 30
      vertex 8 0 30
      vertex 7.76753 -1.91453 30
    endloop
  endfacet
  facet normal 0 0 -1
    outer loop
      vertex 0.913545 -0.406736 30
      vertex 7.76753 -1.91453 30
      vertex 7.08365 -3.71778 30
    endloop
  endfacet
  facet normal -0 0 -1
    outer loop
      vertex 8 0 30
      vertex 0.978148 -0.207911 30
      vertex 1 0 30
    endloop
  endfacet
  facet normal 0 0 -1
    outer loop
      vertex 0.809016 -0.587785 30
      vertex 7.08365 -3.71778 30
      vertex 5.98809 -5.30498 30
    endloop
  endfacet
  facet normal 0 0 -1
    outer loop
      vertex 0.978148 0.207911 30
      vertex 8 0 30
      vertex 1 0 30
    endloop
  endfacet
  facet normal 0 0 -1
    outer loop
      vertex 0.66913 -0.743144 30
      vertex 5.98809 -5.30498 30
      vertex 4.54452 -6.58387 30
    endloop
  endfacet
  facet normal 0 0 -1
    outer loop
      vertex 8 0 30
      vertex 0.978148 0.207911 30
      vertex 7.76753 1.91453 30
    endloop
  endfacet
  facet normal 0 0 -1
    outer loop
      vertex 0.5 -0.866025 30
      vertex 4.54452 -6.58387 30
      vertex 2.83684 -7.48013 30
    endloop
  endfacet
  facet normal 0 0 -1
    outer loop
      vertex 0.913545 0.406736 30
      vertex 7.76753 1.91453 30
      vertex 0.978148 0.207911 30
    endloop
  endfacet
  facet normal 0 0 -1
    outer loop
      vertex 0.809016 0.587785 30
      vertex 7.08365 3.71778 30
      vertex 0.913545 0.406736 30
    endloop
  endfacet
  facet normal -0 0 -1
    outer loop
      vertex 7.76753 1.91453 30
      vertex 0.913545 0.406736 30
      vertex 7.08365 3.71778 30
    endloop
  endfacet
  facet normal 0 0 -1
    outer loop
      vertex 0.309016 -0.951056 30
      vertex 2.83684 -7.48013 30
      vertex 0.964293 -7.94167 30
    endloop
  endfacet
  facet normal 0 0 -1
    outer loop
      vertex 7.76753 -1.91453 30
      vertex 0.913545 -0.406736 30
      vertex 0.978148 -0.207911 30
    endloop
  endfacet
  facet normal 0 0 -1
    outer loop
      vertex 7.08365 -3.71778 30
      vertex 0.809016 -0.587785 30
      vertex 0.913545 -0.406736 30
    endloop
  endfacet
  facet normal 0 0 -1
    outer loop
      vertex 5.98809 -5.30498 30
      vertex 0.66913 -0.743144 30
      vertex 0.809016 -0.587785 30
    endloop
  endfacet
  facet normal 0 0 -1
    outer loop
      vertex 4.54452 -6.58387 30
      vertex 0.5 -0.866025 30
      vertex 0.66913 -0.743144 30
    endloop
  endfacet
  facet normal 0 0 -1
    outer loop
      vertex 2.83684 -7.48013 30
      vertex 0.309016 -0.951056 30
      vertex 0.5 -0.866025 30
    endloop
  endfacet
  facet normal 0 0 -1
    outer loop
      vertex 0.964293 -7.94167 30
      vertex 0.104528 -0.994521 30
      vertex 0.309016 -0.951056 30
    endloop
  endfacet
  facet normal 0 0 -1
    outer loop
      vertex 0.964293 -7.94167 30
      vertex -0.104528 -0.994521 30
      vertex 0.104528 -0.994521 30
    endloop
  endfacet
  facet normal 0 0 -1
    outer loop
      vertex -0.964293 -7.94167 30
      vertex -0.104528 -0.994521 30
      vertex 0.964293 -7.94167 30
    endloop
  endfacet
  facet normal -0 0 -1
    outer loop
      vertex -0.104528 -0.994521 30
      vertex -0.964293 -7.94167 30
      vertex -0.309016 -0.951056 30
    endloop
  endfacet
  facet normal 0 0 -1
    outer loop
      vertex -2.83684 -7.48013 30
      vertex -0.309016 -0.951056 30
      vertex -0.964293 -7.94167 30
    endloop
  endfacet
  facet normal -0 0 -1
    outer loop
      vertex -0.309016 -0.951056 30
      vertex -2.83684 -7.48013 30
      vertex -0.5 -0.866025 30
    endloop
  endfacet
  facet normal 0 0 -1
    outer loop
      vertex -4.54452 -6.58387 30
      vertex -0.5 -0.866025 30
      vertex -2.83684 -7.48013 30
    endloop
  endfacet
  facet normal -0 0 -1
    outer loop
      vertex -0.5 -0.866025 30
      vertex -4.54452 -6.58387 30
      vertex -0.66913 -0.743144 30
    endloop
  endfacet
  facet normal 0 0 -1
    outer loop
      vertex -5.98809 -5.30498 30
      vertex -0.66913 -0.743144 30
      vertex -4.54452 -6.58387 30
    endloop
  endfacet
  facet normal -0 0 -1
    outer loop
      vertex -0.66913 -0.743144 30
      vertex -5.98809 -5.30498 30
      vertex -0.809016 -0.587785 30
    endloop
  endfacet
  facet normal 0 0 -1
    outer loop
      vertex -7.08365 -3.71778 30
      vertex -0.809016 -0.587785 30
      vertex -5.98809 -5.30498 30
    endloop
  endfacet
  facet normal -0 0 -1
    outer loop
      vertex 7.08365 3.71778 30
      vertex 0.809016 0.587785 30
      vertex 5.98809 5.30498 30
    endloop
  endfacet
  facet normal 0 0 -1
    outer loop
      vertex 0.66913 0.743144 30
      vertex 5.98809 5.30498 30
      vertex 0.809016 0.587785 30
    endloop
  endfacet
  facet normal -0 0 -1
    outer loop
      vertex 5.98809 5.30498 30
      vertex 0.66913 0.743144 30
      vertex 4.54452 6.58387 30
    endloop
  endfacet
  facet normal 0 0 -1
    outer loop
      vertex 0.5 0.866025 30
      vertex 4.54452 6.58387 30
      vertex 0.66913 0.743144 30
    endloop
  endfacet
  facet normal -0 0 -1
    outer loop
      vertex 4.54452 6.58387 30
      vertex 0.5 0.866025 30
      vertex 2.83684 7.48013 30
    endloop
  endfacet
  facet normal 0 0 -1
    outer loop
      vertex 0.309016 0.951056 30
      vertex 2.83684 7.48013 30
      vertex 0.5 0.866025 30
    endloop
  endfacet
  facet normal -0 0 -1
    outer loop
      vertex 2.83684 7.48013 30
      vertex 0.309016 0.951056 30
      vertex 0.964293 7.94167 30
    endloop
  endfacet
  facet normal 0 0 -1
    outer loop
      vertex 0.104528 0.994521 30
      vertex 0.964293 7.94167 30
      vertex 0.309016 0.951056 30
    endloop
  endfacet
  facet normal 0 0 -1
    outer loop
      vertex -0.104528 0.994521 30
      vertex 0.964293 7.94167 30
      vertex 0.104528 0.994521 30
    endloop
  endfacet
  facet normal 0 0 -1
    outer loop
      vertex -0.964293 7.94167 30
      vertex -0.104528 0.994521 30
      vertex -0.309016 0.951056 30
    endloop
  endfacet
  facet normal 0 0 -1
    outer loop
      vertex -2.83684 7.48013 30
      vertex -0.309016 0.951056 30
      vertex -0.5 0.866025 30
    endloop
  endfacet
  facet normal 0 0 -1
    outer loop
      vertex -4.54452 6.58387 30
      vertex -0.5 0.866025 30
      vertex -0.66913 0.743144 30
    endloop
  endfacet
  facet normal 0 0 -1
    outer loop
      vertex -5.98809 5.30498 30
      vertex -0.66913 0.743144 30
      vertex -0.809016 0.587785 30
    endloop
  endfacet
  facet normal 0 0 -1
    outer loop
      vertex -7.08365 3.71778 30
      vertex -0.809016 0.587785 30
      vertex -0.913545 0.406736 30
    endloop
  endfacet
  facet normal 0 0 -1
    outer loop
      vertex -0.104528 0.994521 30
      vertex -0.964293 7.94167 30
      vertex 0.964293 7.94167 30
    endloop
  endfacet
  facet normal 0 0 -1
    outer loop
      vertex -7.76753 1.91453 30
      vertex -0.913545 0.406736 30
      vertex -0.978148 0.207911 30
    endloop
  endfacet
  facet normal 0 0 -1
    outer loop
      vertex -8 0 30
      vertex -0.978148 0.207911 30
      vertex -1 0 30
    endloop
  endfacet
  facet normal -0 0 -1
    outer loop
      vertex -0.809016 -0.587785 30
      vertex -7.08365 -3.71778 30
      vertex -0.913545 -0.406736 30
    endloop
  endfacet
  facet normal 0 0 -1
    outer loop
      vertex -0.309016 0.951056 30
      vertex -2.83684 7.48013 30
      vertex -0.964293 7.94167 30
    endloop
  endfacet
  facet normal 0 0 -1
    outer loop
      vertex -7.76753 -1.91453 30
      vertex -0.913545 -0.406736 30
      vertex -7.08365 -3.71778 30
    endloop
  endfacet
  facet normal 0 0 -1
    outer loop
      vertex -0.5 0.866025 30
      vertex -4.54452 6.58387 30
      vertex -2.83684 7.48013 30
    endloop
  endfacet
  facet normal -0 0 -1
    outer loop
      vertex -0.913545 -0.406736 30
      vertex -7.76753 -1.91453 30
      vertex -0.978148 -0.207911 30
    endloop
  endfacet
  facet normal 0 0 -1
    outer loop
      vertex -0.66913 0.743144 30
      vertex -5.98809 5.30498 30
      vertex -4.54452 6.58387 30
    endloop
  endfacet
  facet normal 0 0 -1
    outer loop
      vertex -8 0 30
      vertex -0.978148 -0.207911 30
      vertex -7.76753 -1.91453 30
    endloop
  endfacet
  facet normal 0 0 -1
    outer loop
      vertex -0.809016 0.587785 30
      vertex -7.08365 3.71778 30
      vertex -5.98809 5.30498 30
    endloop
  endfacet
  facet normal 0 0 -1
    outer loop
      vertex -0.978148 -0.207911 30
      vertex -8 0 30
      vertex -1 0 30
    endloop
  endfacet
  facet normal 0 0 -1
    outer loop
      vertex -0.913545 0.406736 30
      vertex -7.76753 1.91453 30
      vertex -7.08365 3.71778 30
    endloop
  endfacet
  facet normal -0 0 -1
    outer loop
      vertex -0.978148 0.207911 30
      vertex -8 0 30
      vertex -7.76753 1.91453 30
    endloop
  endfacet
  facet normal -0.897503 -0.09433 0.430801
    outer loop
      vertex -1 0 30
      vertex -12.7159 -2.70285 5
      vertex -0.978148 -0.207911 30
    endloop
  endfacet
  facet normal -0.858281 -0.278862 0.430801
    outer loop
      vertex -0.978148 -0.207911 30
      vertex -12.7159 -2.70285 5
      vertex -11.8761 -5.28758 5
    endloop
  endfacet
  facet normal -0.781537 -0.451231 0.430801
    outer loop
      vertex -0.913545 -0.406736 30
      vertex -11.8761 -5.28758 5
      vertex -10.5172 -7.64121 5
    endloop
  endfacet
  facet normal -0.670652 -0.603851 0.430801
    outer loop
      vertex -0.66913 -0.743144 30
      vertex -10.5172 -7.64121 5
      vertex -8.6987 -9.66088 5
    endloop
  endfacet
  facet normal 0 -0.902447 0.430802
    outer loop
      vertex -1.35887 -12.9288 5
      vertex 0.104528 -0.994521 30
      vertex -0.104528 -0.994521 30
    endloop
  endfacet
  facet normal 0 -0.902447 0.430802
    outer loop
      vertex 0.104528 -0.994521 30
      vertex -1.35887 -12.9288 5
      vertex 1.35887 -12.9288 5
    endloop
  endfacet
  facet normal 0.897503 -0.09433 0.430801
    outer loop
      vertex 1 0 30
      vertex 0.978148 -0.207911 30
      vertex 12.7159 -2.70285 5
    endloop
  endfacet
  facet normal 0.187645 -0.882723 0.430801
    outer loop
      vertex 4.01722 -12.3637 5
      vertex 0.309016 -0.951056 30
      vertex 1.35887 -12.9288 5
    endloop
  endfacet
  facet normal 0.367057 -0.824427 0.430801
    outer loop
      vertex 6.5 -11.2583 5
      vertex 0.309016 -0.951056 30
      vertex 4.01722 -12.3637 5
    endloop
  endfacet
  facet normal 0.670652 0.603851 0.430801
    outer loop
      vertex 8.6987 9.66088 5
      vertex 0.66913 0.743144 30
      vertex 10.5172 7.64121 5
    endloop
  endfacet
  facet normal 0.530447 0.730093 0.430802
    outer loop
      vertex 8.6987 9.66088 5
      vertex 0.5 0.866025 30
      vertex 0.66913 0.743144 30
    endloop
  endfacet
  facet normal 0.187645 0.882723 0.430801
    outer loop
      vertex 1.35887 12.9288 5
      vertex 0.309016 0.951056 30
      vertex 4.01722 12.3637 5
    endloop
  endfacet
  facet normal -0.858277 0.278875 0.430802
    outer loop
      vertex -0.913545 0.406736 30
      vertex -11.8761 5.28758 5
      vertex -0.978148 0.207911 30
    endloop
  endfacet
  facet normal -0.858281 0.278862 0.430801
    outer loop
      vertex -11.8761 5.28758 5
      vertex -12.7159 2.70285 5
      vertex -0.978148 0.207911 30
    endloop
  endfacet
  facet normal -0.670648 0.603855 0.430801
    outer loop
      vertex -0.66913 0.743144 30
      vertex -10.5172 7.64121 5
      vertex -0.809016 0.587785 30
    endloop
  endfacet
  facet normal -0.187645 -0.882723 0.430801
    outer loop
      vertex -0.309016 -0.951056 30
      vertex -4.01722 -12.3637 5
      vertex -1.35887 -12.9288 5
    endloop
  endfacet
  facet normal -0.187628 -0.882726 0.430802
    outer loop
      vertex -0.309016 -0.951056 30
      vertex -1.35887 -12.9288 5
      vertex -0.104528 -0.994521 30
    endloop
  endfacet
  facet normal 0.367056 -0.824427 0.430801
    outer loop
      vertex 0.5 -0.866025 30
      vertex 0.309016 -0.951056 30
      vertex 6.5 -11.2583 5
    endloop
  endfacet
  facet normal 0.187628 0.882726 0.430802
    outer loop
      vertex 1.35887 12.9288 5
      vertex 0.104528 0.994521 30
      vertex 0.309016 0.951056 30
    endloop
  endfacet
  facet normal -0.530447 0.730093 0.430802
    outer loop
      vertex -0.5 0.866025 30
      vertex -8.6987 9.66088 5
      vertex -0.66913 0.743144 30
    endloop
  endfacet
  facet normal -0.670648 -0.603855 0.430801
    outer loop
      vertex -0.809016 -0.587785 30
      vertex -10.5172 -7.64121 5
      vertex -0.66913 -0.743144 30
    endloop
  endfacet
  facet normal -0.530447 -0.730093 0.430802
    outer loop
      vertex -0.66913 -0.743144 30
      vertex -8.6987 -9.66088 5
      vertex -0.5 -0.866025 30
    endloop
  endfacet
  facet normal -0.530439 -0.730099 0.430801
    outer loop
      vertex -0.5 -0.866025 30
      vertex -8.6987 -9.66088 5
      vertex -6.5 -11.2583 5
    endloop
  endfacet
  facet normal 0.530447 -0.730093 0.430802
    outer loop
      vertex 0.66913 -0.743144 30
      vertex 0.5 -0.866025 30
      vertex 8.6987 -9.66088 5
    endloop
  endfacet
  facet normal 0.670652 -0.603851 0.430801
    outer loop
      vertex 10.5172 -7.64121 5
      vertex 0.66913 -0.743144 30
      vertex 8.6987 -9.66088 5
    endloop
  endfacet
  facet normal -0.367056 -0.824427 0.430801
    outer loop
      vertex -0.5 -0.866025 30
      vertex -6.5 -11.2583 5
      vertex -0.309016 -0.951056 30
    endloop
  endfacet
  facet normal 0.781541 -0.451224 0.430801
    outer loop
      vertex 0.913545 -0.406736 30
      vertex 0.809016 -0.587785 30
      vertex 10.5172 -7.64121 5
    endloop
  endfacet
  facet normal 0.858277 -0.278875 0.430802
    outer loop
      vertex 0.978148 -0.207911 30
      vertex 0.913545 -0.406736 30
      vertex 11.8761 -5.28758 5
    endloop
  endfacet
  facet normal 0.858281 -0.278862 0.430801
    outer loop
      vertex 12.7159 -2.70285 5
      vertex 0.978148 -0.207911 30
      vertex 11.8761 -5.28758 5
    endloop
  endfacet
  facet normal 0.670648 -0.603855 0.430801
    outer loop
      vertex 0.809016 -0.587785 30
      vertex 0.66913 -0.743144 30
      vertex 10.5172 -7.64121 5
    endloop
  endfacet
  facet normal 0.815209 0.0989688 0.570648
    outer loop
      vertex 8 0 30
      vertex 1.49848 0.141018 39.2634
      vertex 1.51679 0 39.2617
    endloop
  endfacet
  facet normal 0.815208 0.0989858 0.570647
    outer loop
      vertex 1.49848 0.141018 39.2634
      vertex 8 0 30
      vertex 7.76753 1.91453 30
    endloop
  endfacet
  facet normal 0.767833 0.291199 0.570645
    outer loop
      vertex 1.42372 0.496972 39.2593
      vertex 7.76753 1.91453 30
      vertex 7.08365 3.71778 30
    endloop
  endfacet
  facet normal 0.768249 0.289921 0.570735
    outer loop
      vertex 1.42666 0.489772 39.259
      vertex 7.76753 1.91453 30
      vertex 1.42372 0.496972 39.2593
    endloop
  endfacet
  facet normal 0.767818 0.291242 0.570643
    outer loop
      vertex 7.76753 1.91453 30
      vertex 1.42666 0.489772 39.259
      vertex 1.46975 0.36226 39.2661
    endloop
  endfacet
  facet normal -0.544726 -0.614507 0.570662
    outer loop
      vertex -1.13286 -1.00363 39.2664
      vertex -5.98809 -5.30498 30
      vertex -1.02133 -1.10946 39.2589
    endloop
  endfacet
  facet normal -0.544531 -0.614697 0.570643
    outer loop
      vertex -0.968289 -1.15394 39.2616
      vertex -1.02133 -1.10946 39.2589
      vertex -5.98809 -5.30498 30
    endloop
  endfacet
  facet normal 0.544553 0.614674 0.570648
    outer loop
      vertex 4.54452 6.58387 30
      vertex 0.966961 1.15284 39.264
      vertex 5.98809 5.30498 30
    endloop
  endfacet
  facet normal 0.544668 0.614581 0.570638
    outer loop
      vertex 0.966961 1.15284 39.264
      vertex 4.54452 6.58387 30
      vertex 0.861008 1.24739 39.2633
    endloop
  endfacet
  facet normal 0.544668 -0.614581 0.570638
    outer loop
      vertex 4.54452 -6.58387 30
      vertex 0.966961 -1.15284 39.264
      vertex 0.861008 -1.24739 39.2633
    endloop
  endfacet
  facet normal 0.544553 -0.614674 0.570648
    outer loop
      vertex 0.966961 -1.15284 39.264
      vertex 4.54452 -6.58387 30
      vertex 5.98809 -5.30498 30
    endloop
  endfacet
  facet normal 0.815209 -0.0989688 0.570648
    outer loop
      vertex 1.49848 -0.141018 39.2634
      vertex 8 0 30
      vertex 1.51679 0 39.2617
    endloop
  endfacet
  facet normal 0.815208 -0.0989858 0.570647
    outer loop
      vertex 8 0 30
      vertex 1.49848 -0.141018 39.2634
      vertex 7.76753 -1.91453 30
    endloop
  endfacet
  facet normal -0.381687 0.727106 0.570642
    outer loop
      vertex -2.83684 7.48013 30
      vertex -0.859484 1.24518 39.2671
      vertex -0.735156 1.31327 39.2635
    endloop
  endfacet
  facet normal -0.381629 0.727132 0.570648
    outer loop
      vertex -0.859484 1.24518 39.2671
      vertex -2.83684 7.48013 30
      vertex -4.54452 6.58387 30
    endloop
  endfacet
  facet normal 0.471805 -0.601495 0.644673
    outer loop
      vertex -0.859484 1.24518 39.2671
      vertex -0.968289 1.15394 39.2616
      vertex -0.865321 1.24028 39.2668
    endloop
  endfacet
  facet normal -0.544397 0.614801 0.570659
    outer loop
      vertex -4.54452 6.58387 30
      vertex -0.968289 1.15394 39.2616
      vertex -0.859484 1.24518 39.2671
    endloop
  endfacet
  facet normal -0.544554 0.614675 0.570646
    outer loop
      vertex -0.968289 1.15394 39.2616
      vertex -4.54452 6.58387 30
      vertex -5.98809 5.30498 30
    endloop
  endfacet
  facet normal 0.471805 0.601495 0.644673
    outer loop
      vertex -0.968289 -1.15394 39.2616
      vertex -0.859484 -1.24518 39.2671
      vertex -0.865321 -1.24028 39.2668
    endloop
  endfacet
  facet normal -0.544554 -0.614675 0.570646
    outer loop
      vertex -4.54452 -6.58387 30
      vertex -0.968289 -1.15394 39.2616
      vertex -5.98809 -5.30498 30
    endloop
  endfacet
  facet normal -0.544397 -0.614801 0.570659
    outer loop
      vertex -0.968289 -1.15394 39.2616
      vertex -4.54452 -6.58387 30
      vertex -0.859484 -1.24518 39.2671
    endloop
  endfacet
  facet normal -0.000132831 -0.821191 0.570653
    outer loop
      vertex -0.182637 -1.50416 39.264
      vertex -0.964293 -7.94167 30
      vertex -0.124858 -1.50681 39.2602
    endloop
  endfacet
  facet normal 0 -0.821197 0.570645
    outer loop
      vertex 0.964293 -7.94167 30
      vertex -0.124858 -1.50681 39.2602
      vertex -0.964293 -7.94167 30
    endloop
  endfacet
  facet normal 6.42899e-05 -0.821193 0.57065
    outer loop
      vertex -0.124858 -1.50681 39.2602
      vertex 0.964293 -7.94167 30
      vertex 0.170554 -1.50227 39.2667
    endloop
  endfacet
  facet normal -0.00127925 -0.821247 0.570572
    outer loop
      vertex 0.170554 -1.50227 39.2667
      vertex 0.964293 -7.94167 30
      vertex 0.182385 -1.50208 39.267
    endloop
  endfacet
  facet normal 0.675833 0.466492 0.570645
    outer loop
      vertex 1.13353 1.00422 39.2652
      vertex 7.08365 3.71778 30
      vertex 5.98809 5.30498 30
    endloop
  endfacet
  facet normal 0.675789 0.466564 0.570638
    outer loop
      vertex 1.19143 0.927327 39.2595
      vertex 7.08365 3.71778 30
      vertex 1.13353 1.00422 39.2652
    endloop
  endfacet
  facet normal 0.676052 0.466136 0.570676
    outer loop
      vertex 7.08365 3.71778 30
      vertex 1.19143 0.927327 39.2595
      vertex 1.21681 0.888926 39.2608
    endloop
  endfacet
  facet normal 0.675889 0.4664 0.570654
    outer loop
      vertex 7.08365 3.71778 30
      vertex 1.21681 0.888926 39.2608
      vertex 1.33964 0.703095 39.2672
    endloop
  endfacet
  facet normal 0.767818 -0.291242 0.570643
    outer loop
      vertex 1.42666 -0.489772 39.259
      vertex 7.76753 -1.91453 30
      vertex 1.46975 -0.36226 39.2661
    endloop
  endfacet
  facet normal 0.768249 -0.289921 0.570735
    outer loop
      vertex 1.42372 -0.496972 39.2593
      vertex 7.76753 -1.91453 30
      vertex 1.42666 -0.489772 39.259
    endloop
  endfacet
  facet normal 0.767833 -0.291199 0.570645
    outer loop
      vertex 7.76753 -1.91453 30
      vertex 1.42372 -0.496972 39.2593
      vertex 7.08365 -3.71778 30
    endloop
  endfacet
  facet normal 0.381374 0.727253 0.570664
    outer loop
      vertex 0.644255 1.36022 39.2645
      vertex 2.83684 7.48013 30
      vertex 0.536616 1.41494 39.2667
    endloop
  endfacet
  facet normal 0.38156 0.727166 0.570651
    outer loop
      vertex 2.83684 7.48013 30
      vertex 0.644255 1.36022 39.2645
      vertex 0.735372 1.3139 39.2626
    endloop
  endfacet
  facet normal 6.42899e-05 0.821193 0.57065
    outer loop
      vertex 0.170554 1.50227 39.2667
      vertex 0.964293 7.94167 30
      vertex -0.124858 1.50681 39.2602
    endloop
  endfacet
  facet normal -0.00127925 0.821247 0.570572
    outer loop
      vertex 0.964293 7.94167 30
      vertex 0.170554 1.50227 39.2667
      vertex 0.182385 1.50208 39.267
    endloop
  endfacet
  facet normal -0 0.821197 0.570645
    outer loop
      vertex -0.964293 7.94167 30
      vertex -0.124858 1.50681 39.2602
      vertex 0.964293 7.94167 30
    endloop
  endfacet
  facet normal -0.000132831 0.821191 0.570653
    outer loop
      vertex -0.124858 1.50681 39.2602
      vertex -0.964293 7.94167 30
      vertex -0.182637 1.50416 39.264
    endloop
  endfacet
  facet normal -0.197061 0.797231 0.570605
    outer loop
      vertex -0.964293 7.94167 30
      vertex -0.41143 1.44748 39.2644
      vertex -0.399455 1.45044 39.2644
    endloop
  endfacet
  facet normal -0.196653 0.797309 0.570636
    outer loop
      vertex -0.41143 1.44748 39.2644
      vertex -0.964293 7.94167 30
      vertex -0.537144 1.41633 39.2646
    endloop
  endfacet
  facet normal -0.196524 0.797333 0.570647
    outer loop
      vertex -0.537144 1.41633 39.2646
      vertex -0.964293 7.94167 30
      vertex -2.83684 7.48013 30
    endloop
  endfacet
  facet normal -0.381377 0.727252 0.570663
    outer loop
      vertex -0.537144 1.41633 39.2646
      vertex -2.83684 7.48013 30
      vertex -0.606873 1.38353 39.2598
    endloop
  endfacet
  facet normal -0.381756 0.727074 0.570637
    outer loop
      vertex -0.735156 1.31327 39.2635
      vertex -0.606873 1.38353 39.2598
      vertex -2.83684 7.48013 30
    endloop
  endfacet
  facet normal -0.675831 0.46649 0.570648
    outer loop
      vertex -7.08365 3.71778 30
      vertex -1.13286 1.00363 39.2664
      vertex -5.98809 5.30498 30
    endloop
  endfacet
  facet normal -0.675326 0.467321 0.570567
    outer loop
      vertex -7.08365 3.71778 30
      vertex -1.16252 0.961623 39.2657
      vertex -1.13286 1.00363 39.2664
    endloop
  endfacet
  facet normal -0.675896 0.466389 0.570654
    outer loop
      vertex -1.16252 0.961623 39.2657
      vertex -7.08365 3.71778 30
      vertex -1.2146 0.887861 39.2643
    endloop
  endfacet
  facet normal -0.767949 0.290928 0.570627
    outer loop
      vertex -7.08365 3.71778 30
      vertex -1.40793 0.52907 39.2641
      vertex -1.34254 0.704619 39.2626
    endloop
  endfacet
  facet normal -0.767221 0.292593 0.570755
    outer loop
      vertex -1.40793 0.52907 39.2641
      vertex -7.08365 3.71778 30
      vertex -1.42056 0.495172 39.2645
    endloop
  endfacet
  facet normal -0.767833 0.2912 0.570644
    outer loop
      vertex -7.76753 1.91453 30
      vertex -1.42056 0.495172 39.2645
      vertex -7.08365 3.71778 30
    endloop
  endfacet
  facet normal -0.767846 0.291161 0.570647
    outer loop
      vertex -1.42056 0.495172 39.2645
      vertex -7.76753 1.91453 30
      vertex -1.47004 0.362332 39.2657
    endloop
  endfacet
  facet normal -0.815205 -0.0990412 0.570642
    outer loop
      vertex -8 0 30
      vertex -1.49898 -0.141161 39.2627
      vertex -1.51291 0 39.2673
    endloop
  endfacet
  facet normal -0.815209 -0.098986 0.570645
    outer loop
      vertex -1.49898 -0.141161 39.2627
      vertex -8 0 30
      vertex -7.76753 -1.91453 30
    endloop
  endfacet
  facet normal 0.544555 0.614674 0.570645
    outer loop
      vertex 5.98809 5.30498 30
      vertex 0.98645 1.13545 39.2642
      vertex 1.13353 1.00422 39.2652
    endloop
  endfacet
  facet normal 0.54352 0.615685 0.570541
    outer loop
      vertex 0.98645 1.13545 39.2642
      vertex 5.98809 5.30498 30
      vertex 0.966961 1.15284 39.264
    endloop
  endfacet
  facet normal 0.196524 0.797333 0.570648
    outer loop
      vertex 0.964293 7.94167 30
      vertex 0.536616 1.41494 39.2667
      vertex 2.83684 7.48013 30
    endloop
  endfacet
  facet normal 0.196654 0.797308 0.570637
    outer loop
      vertex 0.536616 1.41494 39.2667
      vertex 0.964293 7.94167 30
      vertex 0.399708 1.45336 39.2602
    endloop
  endfacet
  facet normal 0.381629 0.727133 0.570646
    outer loop
      vertex 2.83684 7.48013 30
      vertex 0.861008 1.24739 39.2633
      vertex 4.54452 6.58387 30
    endloop
  endfacet
  facet normal 0.381284 0.727289 0.570678
    outer loop
      vertex 0.861008 1.24739 39.2633
      vertex 2.83684 7.48013 30
      vertex 0.827739 1.26695 39.2606
    endloop
  endfacet
  facet normal 0.381894 0.727011 0.570624
    outer loop
      vertex 0.827739 1.26695 39.2606
      vertex 2.83684 7.48013 30
      vertex 0.735372 1.3139 39.2626
    endloop
  endfacet
  facet normal -0.1965 0.797339 0.570647
    outer loop
      vertex -0.182637 1.50416 39.264
      vertex -0.964293 7.94167 30
      vertex -0.399455 1.45044 39.2644
    endloop
  endfacet
  facet normal -0.544531 0.614697 0.570643
    outer loop
      vertex -0.968289 1.15394 39.2616
      vertex -5.98809 5.30498 30
      vertex -1.02133 1.10946 39.2589
    endloop
  endfacet
  facet normal -0.544726 0.614507 0.570662
    outer loop
      vertex -1.13286 1.00363 39.2664
      vertex -1.02133 1.10946 39.2589
      vertex -5.98809 5.30498 30
    endloop
  endfacet
  facet normal -0.815241 -0.0987943 0.570633
    outer loop
      vertex -1.4884 -0.248371 39.2592
      vertex -7.76753 -1.91453 30
      vertex -1.47004 -0.362332 39.2657
    endloop
  endfacet
  facet normal -0.815193 -0.0990768 0.570652
    outer loop
      vertex -7.76753 -1.91453 30
      vertex -1.4884 -0.248371 39.2592
      vertex -1.49898 -0.141161 39.2627
    endloop
  endfacet
  facet normal -0.815241 0.0987943 0.570633
    outer loop
      vertex -7.76753 1.91453 30
      vertex -1.4884 0.248371 39.2592
      vertex -1.47004 0.362332 39.2657
    endloop
  endfacet
  facet normal -0.815193 0.0990768 0.570652
    outer loop
      vertex -1.4884 0.248371 39.2592
      vertex -7.76753 1.91453 30
      vertex -1.49898 0.141161 39.2627
    endloop
  endfacet
  facet normal -0.815209 0.098986 0.570645
    outer loop
      vertex -8 0 30
      vertex -1.49898 0.141161 39.2627
      vertex -7.76753 1.91453 30
    endloop
  endfacet
  facet normal -0.815205 0.0990412 0.570642
    outer loop
      vertex -1.49898 0.141161 39.2627
      vertex -8 0 30
      vertex -1.51291 0 39.2673
    endloop
  endfacet
  facet normal -0.675923 -0.466344 0.570658
    outer loop
      vertex -1.33239 -0.721051 39.2611
      vertex -7.08365 -3.71778 30
      vertex -1.2146 -0.887861 39.2643
    endloop
  endfacet
  facet normal -0.674444 -0.46868 0.570495
    outer loop
      vertex -7.08365 -3.71778 30
      vertex -1.33239 -0.721051 39.2611
      vertex -1.34254 -0.704619 39.2626
    endloop
  endfacet
  facet normal -0.675896 -0.466389 0.570654
    outer loop
      vertex -7.08365 -3.71778 30
      vertex -1.16252 -0.961623 39.2657
      vertex -1.2146 -0.887861 39.2643
    endloop
  endfacet
  facet normal -0.675326 -0.467321 0.570567
    outer loop
      vertex -1.16252 -0.961623 39.2657
      vertex -7.08365 -3.71778 30
      vertex -1.13286 -1.00363 39.2664
    endloop
  endfacet
  facet normal -0.675831 -0.46649 0.570648
    outer loop
      vertex -1.13286 -1.00363 39.2664
      vertex -7.08365 -3.71778 30
      vertex -5.98809 -5.30498 30
    endloop
  endfacet
  facet normal -0.381629 -0.727132 0.570648
    outer loop
      vertex -2.83684 -7.48013 30
      vertex -0.859484 -1.24518 39.2671
      vertex -4.54452 -6.58387 30
    endloop
  endfacet
  facet normal -0.381687 -0.727106 0.570642
    outer loop
      vertex -0.859484 -1.24518 39.2671
      vertex -2.83684 -7.48013 30
      vertex -0.735156 -1.31327 39.2635
    endloop
  endfacet
  facet normal 0.196654 -0.797308 0.570637
    outer loop
      vertex 0.964293 -7.94167 30
      vertex 0.536616 -1.41494 39.2667
      vertex 0.399708 -1.45336 39.2602
    endloop
  endfacet
  facet normal 0.196524 -0.797333 0.570648
    outer loop
      vertex 0.536616 -1.41494 39.2667
      vertex 0.964293 -7.94167 30
      vertex 2.83684 -7.48013 30
    endloop
  endfacet
  facet normal 0.381284 -0.727289 0.570678
    outer loop
      vertex 2.83684 -7.48013 30
      vertex 0.861008 -1.24739 39.2633
      vertex 0.827739 -1.26695 39.2606
    endloop
  endfacet
  facet normal 0.381629 -0.727133 0.570646
    outer loop
      vertex 0.861008 -1.24739 39.2633
      vertex 2.83684 -7.48013 30
      vertex 4.54452 -6.58387 30
    endloop
  endfacet
  facet normal 0.381894 -0.727011 0.570624
    outer loop
      vertex 0.735372 -1.3139 39.2626
      vertex 2.83684 -7.48013 30
      vertex 0.827739 -1.26695 39.2606
    endloop
  endfacet
  facet normal 0.815277 0.098563 0.570621
    outer loop
      vertex 1.4789 0.291785 39.2652
      vertex 7.76753 1.91453 30
      vertex 1.46975 0.36226 39.2661
    endloop
  endfacet
  facet normal 0.815196 0.0990559 0.570652
    outer loop
      vertex 7.76753 1.91453 30
      vertex 1.4789 0.291785 39.2652
      vertex 1.49848 0.141018 39.2634
    endloop
  endfacet
  facet normal 0.196529 0.797332 0.570646
    outer loop
      vertex 0.399708 1.45336 39.2602
      vertex 0.964293 7.94167 30
      vertex 0.37014 1.46165 39.2588
    endloop
  endfacet
  facet normal 0.196611 0.797317 0.57064
    outer loop
      vertex 0.182385 1.50208 39.267
      vertex 0.37014 1.46165 39.2588
      vertex 0.964293 7.94167 30
    endloop
  endfacet
  facet normal -0.675923 0.466344 0.570658
    outer loop
      vertex -7.08365 3.71778 30
      vertex -1.33239 0.721051 39.2611
      vertex -1.2146 0.887861 39.2643
    endloop
  endfacet
  facet normal -0.674444 0.46868 0.570495
    outer loop
      vertex -1.33239 0.721051 39.2611
      vertex -7.08365 3.71778 30
      vertex -1.34254 0.704619 39.2626
    endloop
  endfacet
  facet normal -0.767846 -0.291161 0.570647
    outer loop
      vertex -7.76753 -1.91453 30
      vertex -1.42056 -0.495172 39.2645
      vertex -1.47004 -0.362332 39.2657
    endloop
  endfacet
  facet normal -0.767833 -0.2912 0.570644
    outer loop
      vertex -1.42056 -0.495172 39.2645
      vertex -7.76753 -1.91453 30
      vertex -7.08365 -3.71778 30
    endloop
  endfacet
  facet normal -0.767949 -0.290928 0.570627
    outer loop
      vertex -1.40793 -0.52907 39.2641
      vertex -7.08365 -3.71778 30
      vertex -1.34254 -0.704619 39.2626
    endloop
  endfacet
  facet normal -0.767221 -0.292593 0.570755
    outer loop
      vertex -7.08365 -3.71778 30
      vertex -1.40793 -0.52907 39.2641
      vertex -1.42056 -0.495172 39.2645
    endloop
  endfacet
  facet normal -0.381756 -0.727074 0.570637
    outer loop
      vertex -0.735156 -1.31327 39.2635
      vertex -2.83684 -7.48013 30
      vertex -0.606873 -1.38353 39.2598
    endloop
  endfacet
  facet normal -0.381377 -0.727252 0.570663
    outer loop
      vertex -0.537144 -1.41633 39.2646
      vertex -0.606873 -1.38353 39.2598
      vertex -2.83684 -7.48013 30
    endloop
  endfacet
  facet normal -0.196653 -0.797309 0.570636
    outer loop
      vertex -0.964293 -7.94167 30
      vertex -0.41143 -1.44748 39.2644
      vertex -0.537144 -1.41633 39.2646
    endloop
  endfacet
  facet normal -0.196524 -0.797333 0.570647
    outer loop
      vertex -0.964293 -7.94167 30
      vertex -0.537144 -1.41633 39.2646
      vertex -2.83684 -7.48013 30
    endloop
  endfacet
  facet normal -0.197061 -0.797231 0.570605
    outer loop
      vertex -0.41143 -1.44748 39.2644
      vertex -0.964293 -7.94167 30
      vertex -0.399455 -1.45044 39.2644
    endloop
  endfacet
  facet normal 0.38156 -0.727166 0.570651
    outer loop
      vertex 0.644255 -1.36022 39.2645
      vertex 2.83684 -7.48013 30
      vertex 0.735372 -1.3139 39.2626
    endloop
  endfacet
  facet normal 0.381374 -0.727253 0.570664
    outer loop
      vertex 2.83684 -7.48013 30
      vertex 0.644255 -1.36022 39.2645
      vertex 0.536616 -1.41494 39.2667
    endloop
  endfacet
  facet normal 0.54352 -0.615685 0.570541
    outer loop
      vertex 5.98809 -5.30498 30
      vertex 0.98645 -1.13545 39.2642
      vertex 0.966961 -1.15284 39.264
    endloop
  endfacet
  facet normal 0.544555 -0.614674 0.570645
    outer loop
      vertex 0.98645 -1.13545 39.2642
      vertex 5.98809 -5.30498 30
      vertex 1.13353 -1.00422 39.2652
    endloop
  endfacet
  facet normal 0.676052 -0.466136 0.570676
    outer loop
      vertex 1.19143 -0.927327 39.2595
      vertex 7.08365 -3.71778 30
      vertex 1.21681 -0.888926 39.2608
    endloop
  endfacet
  facet normal 0.675789 -0.466564 0.570638
    outer loop
      vertex 1.13353 -1.00422 39.2652
      vertex 7.08365 -3.71778 30
      vertex 1.19143 -0.927327 39.2595
    endloop
  endfacet
  facet normal 0.675833 -0.466492 0.570645
    outer loop
      vertex 7.08365 -3.71778 30
      vertex 1.13353 -1.00422 39.2652
      vertex 5.98809 -5.30498 30
    endloop
  endfacet
  facet normal 0.767565 0.291825 0.570686
    outer loop
      vertex 1.3496 0.678658 39.2663
      vertex 7.08365 3.71778 30
      vertex 1.33964 0.703095 39.2672
    endloop
  endfacet
  facet normal 0.767811 0.291248 0.570649
    outer loop
      vertex 7.08365 3.71778 30
      vertex 1.3496 0.678658 39.2663
      vertex 1.42372 0.496972 39.2593
    endloop
  endfacet
  facet normal -0.1965 -0.797339 0.570647
    outer loop
      vertex -0.399455 -1.45044 39.2644
      vertex -0.964293 -7.94167 30
      vertex -0.182637 -1.50416 39.264
    endloop
  endfacet
  facet normal 0.196529 -0.797332 0.570646
    outer loop
      vertex 0.399708 -1.45336 39.2602
      vertex 0.37014 -1.46165 39.2588
      vertex 0.964293 -7.94167 30
    endloop
  endfacet
  facet normal 0.196611 -0.797317 0.57064
    outer loop
      vertex 0.182385 -1.50208 39.267
      vertex 0.964293 -7.94167 30
      vertex 0.37014 -1.46165 39.2588
    endloop
  endfacet
  facet normal 0.675889 -0.4664 0.570654
    outer loop
      vertex 1.33964 -0.703095 39.2672
      vertex 1.21681 -0.888926 39.2608
      vertex 7.08365 -3.71778 30
    endloop
  endfacet
  facet normal 0.815277 -0.098563 0.570621
    outer loop
      vertex 7.76753 -1.91453 30
      vertex 1.4789 -0.291785 39.2652
      vertex 1.46975 -0.36226 39.2661
    endloop
  endfacet
  facet normal 0.815196 -0.0990559 0.570652
    outer loop
      vertex 1.4789 -0.291785 39.2652
      vertex 7.76753 -1.91453 30
      vertex 1.49848 -0.141018 39.2634
    endloop
  endfacet
  facet normal 0.767565 -0.291825 0.570686
    outer loop
      vertex 7.08365 -3.71778 30
      vertex 1.3496 -0.678658 39.2663
      vertex 1.33964 -0.703095 39.2672
    endloop
  endfacet
  facet normal 0.767811 -0.291248 0.570649
    outer loop
      vertex 1.3496 -0.678658 39.2663
      vertex 7.08365 -3.71778 30
      vertex 1.42372 -0.496972 39.2593
    endloop
  endfacet
  facet normal 0.401673 -0.436332 -0.805154
    outer loop
      vertex 2.3205 -3.5518 40.7574
      vertex 1.48985 -2.28039 39.654
      vertex 3.34804 -2.60588 40.7574
    endloop
  endfacet
  facet normal 0.837511 0.453241 -0.305202
    outer loop
      vertex 5.05638 1.73586 42.2761
      vertex 4.21878 3.2836 42.2761
      vertex 4.67655 3.6399 44.0614
    endloop
  endfacet
  facet normal 0.550515 0.598018 -0.582501
    outer loop
      vertex 3.34804 2.60588 40.7574
      vertex 2.92401 4.47552 42.2761
      vertex 4.21878 3.2836 42.2761
    endloop
  endfacet
  facet normal 0.32651 0.744369 0.582499
    outer loop
      vertex 2.92401 4.47552 47.7239
      vertex 1.31237 5.18245 47.7239
      vertex 2.3205 3.5518 49.2426
    endloop
  endfacet
  facet normal 0.0786406 0.949035 -0.305203
    outer loop
      vertex -0.441472 5.32778 42.2761
      vertex -0.489375 5.90589 44.0614
      vertex 1.45478 5.74479 44.0614
    endloop
  endfacet
  facet normal -0.560931 0.192571 0.805154
    outer loop
      vertex -3.73129 2.01927 49.2426
      vertex -4.18478 0.698316 49.2426
      vertex -2.68679 0.448346 50.346
    endloop
  endfacet
  facet normal 0.0258408 -0.311844 -0.949782
    outer loop
      vertex -0.224941 -2.71464 39.654
      vertex 0.170554 -1.50227 39.2667
      vertex 0.668688 -2.64059 39.654
    endloop
  endfacet
  facet normal 0.0256905 -0.311801 -0.9498
    outer loop
      vertex 0.170554 -1.50227 39.2667
      vertex -0.224941 -2.71464 39.654
      vertex -0.124858 -1.50681 39.2602
    endloop
  endfacet
  facet normal -0.233774 0.923147 -0.305203
    outer loop
      vertex -0.441472 5.32778 42.2761
      vertex -2.3805 5.42699 44.0614
      vertex -0.489375 5.90589 44.0614
    endloop
  endfacet
  facet normal 0.521588 -0.282268 0.805153
    outer loop
      vertex 4.01276 -1.37758 49.2426
      vertex 2.57635 -0.884462 50.346
      vertex 3.34804 -2.60588 49.2426
    endloop
  endfacet
  facet normal 0.714861 0.386862 0.582504
    outer loop
      vertex 5.05638 1.73586 47.7239
      vertex 3.34804 2.60588 49.2426
      vertex 4.01276 1.37758 49.2426
    endloop
  endfacet
  facet normal -0.520853 -0.797223 0.305202
    outer loop
      vertex -2.14748 -4.89576 47.7239
      vertex -3.62077 -3.93321 47.7239
      vertex -2.3805 -5.42699 45.9386
    endloop
  endfacet
  facet normal 0.0825807 -0.996584 0
    outer loop
      vertex -0.489375 -5.90589 44.0614
      vertex 1.45478 -5.74479 45.9386
      vertex -0.489375 -5.90589 45.9386
    endloop
  endfacet
  facet normal 0.0825807 -0.996584 0
    outer loop
      vertex 1.45478 -5.74479 45.9386
      vertex -0.489375 -5.90589 44.0614
      vertex 1.45478 -5.74479 44.0614
    endloop
  endfacet
  facet normal 0.9393 -0.15674 -0.305203
    outer loop
      vertex 5.60504 -1.92421 44.0614
      vertex 5.34604 0 42.2761
      vertex 5.92613 0 44.0614
    endloop
  endfacet
  facet normal 0.879473 -0.475949 0
    outer loop
      vertex 4.67655 -3.6399 45.9386
      vertex 5.60504 -1.92421 44.0614
      vertex 5.60504 -1.92421 45.9386
    endloop
  endfacet
  facet normal 0.879473 -0.475949 0
    outer loop
      vertex 5.60504 -1.92421 44.0614
      vertex 4.67655 -3.6399 45.9386
      vertex 4.67655 -3.6399 44.0614
    endloop
  endfacet
  facet normal 0.714861 0.386862 -0.582504
    outer loop
      vertex 4.01276 1.37758 40.7574
      vertex 3.34804 2.60588 40.7574
      vertex 5.05638 1.73586 42.2761
    endloop
  endfacet
  facet normal -0.233773 0.923148 -0.305202
    outer loop
      vertex -2.14748 4.89576 42.2761
      vertex -2.3805 5.42699 44.0614
      vertex -0.441472 5.32778 42.2761
    endloop
  endfacet
  facet normal -0.751488 0.584907 0.305203
    outer loop
      vertex -4.01366 4.35999 45.9386
      vertex -5.21187 2.82053 45.9386
      vertex -3.62077 3.93321 47.7239
    endloop
  endfacet
  facet normal -0.751488 -0.584907 0.305203
    outer loop
      vertex -3.62077 -3.93321 47.7239
      vertex -5.21187 -2.82053 45.9386
      vertex -4.01366 -4.35999 45.9386
    endloop
  endfacet
  facet normal 0.837511 -0.453241 0.305202
    outer loop
      vertex 5.05638 -1.73586 47.7239
      vertex 4.21878 -3.2836 47.7239
      vertex 4.67655 -3.6399 45.9386
    endloop
  endfacet
  facet normal -0.444577 -0.680475 0.5825
    outer loop
      vertex -1.70425 -3.8853 49.2426
      vertex -3.62077 -3.93321 47.7239
      vertex -2.14748 -4.89576 47.7239
    endloop
  endfacet
  facet normal -0.520853 -0.797223 0.305202
    outer loop
      vertex -3.62077 -3.93321 47.7239
      vertex -4.01366 -4.35999 45.9386
      vertex -2.3805 -5.42699 45.9386
    endloop
  endfacet
  facet normal 0.714861 -0.386866 -0.582502
    outer loop
      vertex 4.21878 -3.2836 42.2761
      vertex 3.34804 -2.60588 40.7574
      vertex 5.05638 -1.73586 42.2761
    endloop
  endfacet
  facet normal 0.837511 0.453241 0.305202
    outer loop
      vertex 5.60504 1.92421 45.9386
      vertex 4.67655 3.6399 45.9386
      vertex 5.05638 1.73586 47.7239
    endloop
  endfacet
  facet normal -0.641437 -0.499251 0.582501
    outer loop
      vertex -2.87346 -3.12141 49.2426
      vertex -3.73129 -2.01927 49.2426
      vertex -3.62077 -3.93321 47.7239
    endloop
  endfacet
  facet normal 0.550516 0.598018 -0.5825
    outer loop
      vertex 3.34804 2.60588 40.7574
      vertex 2.3205 3.5518 40.7574
      vertex 2.92401 4.47552 42.2761
    endloop
  endfacet
  facet normal -0.170913 0.26204 -0.949802
    outer loop
      vertex -0.735156 1.31327 39.2635
      vertex -1.0942 2.49451 39.654
      vertex -0.606873 1.38353 39.2598
    endloop
  endfacet
  facet normal -0.170997 0.262012 -0.949795
    outer loop
      vertex -0.859484 1.24518 39.2671
      vertex -1.0942 2.49451 39.654
      vertex -0.735156 1.31327 39.2635
    endloop
  endfacet
  facet normal -0.171132 0.262006 -0.949772
    outer loop
      vertex -1.84488 2.00407 39.654
      vertex -0.859484 1.24518 39.2671
      vertex -0.865321 1.24028 39.2668
    endloop
  endfacet
  facet normal -0.171156 0.261976 -0.949776
    outer loop
      vertex -0.859484 1.24518 39.2671
      vertex -1.84488 2.00407 39.654
      vertex -1.0942 2.49451 39.654
    endloop
  endfacet
  facet normal 0.0786406 0.949035 -0.305203
    outer loop
      vertex 1.31237 5.18245 42.2761
      vertex -0.441472 5.32778 42.2761
      vertex 1.45478 5.74479 44.0614
    endloop
  endfacet
  facet normal -0.560936 -0.192566 0.805152
    outer loop
      vertex -2.68679 -0.448346 50.346
      vertex -3.73129 -2.01927 49.2426
      vertex -2.39564 -1.29645 50.346
    endloop
  endfacet
  facet normal -0.32438 0.496496 0.805152
    outer loop
      vertex -1.70425 3.8853 49.2426
      vertex -2.87346 3.12141 49.2426
      vertex -1.84488 2.00407 50.346
    endloop
  endfacet
  facet normal 0.211907 0.230193 0.949793
    outer loop
      vertex 1.48985 2.28039 50.346
      vertex 0.513369 0.785769 50.9261
      vertex 0.740692 0.576504 50.9261
    endloop
  endfacet
  facet normal 0.584979 0.0976167 0.805153
    outer loop
      vertex 4.01276 1.37758 49.2426
      vertex 2.57635 0.884462 50.346
      vertex 4.24264 0 49.2426
    endloop
  endfacet
  facet normal 0.550515 0.598018 0.582501
    outer loop
      vertex 4.21878 3.2836 47.7239
      vertex 2.92401 4.47552 47.7239
      vertex 3.34804 2.60588 49.2426
    endloop
  endfacet
  facet normal 0.584979 -0.0976167 0.805153
    outer loop
      vertex 4.24264 0 49.2426
      vertex 2.57635 -0.884462 50.346
      vertex 4.01276 -1.37758 49.2426
    endloop
  endfacet
  facet normal -0.199537 0.787959 -0.582499
    outer loop
      vertex -1.70425 3.8853 40.7574
      vertex -2.14748 4.89576 42.2761
      vertex -0.350354 4.22815 40.7574
    endloop
  endfacet
  facet normal 0.644966 0.70062 0.305206
    outer loop
      vertex 3.24129 4.96116 45.9386
      vertex 2.92401 4.47552 47.7239
      vertex 4.21878 3.2836 47.7239
    endloop
  endfacet
  facet normal 0.837511 0.453241 0.305202
    outer loop
      vertex 4.67655 3.6399 45.9386
      vertex 4.21878 3.2836 47.7239
      vertex 5.05638 1.73586 47.7239
    endloop
  endfacet
  facet normal 0.521588 0.282268 0.805153
    outer loop
      vertex 3.34804 2.60588 49.2426
      vertex 2.57635 0.884462 50.346
      vertex 4.01276 1.37758 49.2426
    endloop
  endfacet
  facet normal 0.308666 -0.051507 -0.949775
    outer loop
      vertex 1.4789 -0.291785 39.2652
      vertex 2.72394 0 39.654
      vertex 2.57635 -0.884462 39.654
    endloop
  endfacet
  facet normal 0.308659 -0.0515265 -0.949776
    outer loop
      vertex 2.72394 0 39.654
      vertex 1.49848 -0.141018 39.2634
      vertex 1.51679 0 39.2617
    endloop
  endfacet
  facet normal 0.308649 -0.0514235 -0.949785
    outer loop
      vertex 2.72394 0 39.654
      vertex 1.4789 -0.291785 39.2652
      vertex 1.49848 -0.141018 39.2634
    endloop
  endfacet
  facet normal -0.0768083 -0.303304 0.949793
    outer loop
      vertex -0.377033 -0.85955 50.9261
      vertex -1.0942 -2.49451 50.346
      vertex -0.0775089 -0.935401 50.9261
    endloop
  endfacet
  facet normal 0.9393 0.15674 0.305203
    outer loop
      vertex 5.60504 1.92421 45.9386
      vertex 5.34604 0 47.7239
      vertex 5.92613 0 45.9386
    endloop
  endfacet
  facet normal 0.9393 -0.156739 0.305203
    outer loop
      vertex 5.34604 0 47.7239
      vertex 5.05638 -1.73586 47.7239
      vertex 5.60504 -1.92421 45.9386
    endloop
  endfacet
  facet normal 0.275169 0.148914 0.949793
    outer loop
      vertex 2.14957 1.67308 50.346
      vertex 0.740692 0.576504 50.9261
      vertex 2.57635 0.884462 50.346
    endloop
  endfacet
  facet normal 0.521586 0.282269 0.805153
    outer loop
      vertex 3.34804 2.60588 49.2426
      vertex 2.14957 1.67308 50.346
      vertex 2.57635 0.884462 50.346
    endloop
  endfacet
  facet normal 0.0671241 0.810054 -0.5825
    outer loop
      vertex -0.350354 4.22815 40.7574
      vertex -0.441472 5.32778 42.2761
      vertex 1.31237 5.18245 42.2761
    endloop
  endfacet
  facet normal -0.751488 0.584907 -0.305203
    outer loop
      vertex -3.62077 3.93321 42.2761
      vertex -5.21187 2.82053 44.0614
      vertex -4.01366 4.35999 44.0614
    endloop
  endfacet
  facet normal 0.212011 0.230051 -0.949804
    outer loop
      vertex 1.13353 1.00422 39.2652
      vertex 2.14957 1.67308 39.654
      vertex 1.19143 0.927327 39.2595
    endloop
  endfacet
  facet normal 0.211883 0.230237 -0.949788
    outer loop
      vertex 0.98645 1.13545 39.2642
      vertex 2.14957 1.67308 39.654
      vertex 1.13353 1.00422 39.2652
    endloop
  endfacet
  facet normal 0.211905 0.230192 -0.949793
    outer loop
      vertex 2.14957 1.67308 39.654
      vertex 0.98645 1.13545 39.2642
      vertex 1.48985 2.28039 39.654
    endloop
  endfacet
  facet normal 0.521586 0.282269 -0.805153
    outer loop
      vertex 2.57635 0.884462 39.654
      vertex 2.14957 1.67308 39.654
      vertex 3.34804 2.60588 40.7574
    endloop
  endfacet
  facet normal -0.560936 0.192566 -0.805152
    outer loop
      vertex -2.68679 0.448346 39.654
      vertex -3.73129 2.01927 40.7574
      vertex -2.39564 1.29645 39.654
    endloop
  endfacet
  facet normal -0.560931 -0.192571 -0.805154
    outer loop
      vertex -3.73129 -2.01927 40.7574
      vertex -4.18478 -0.698316 40.7574
      vertex -2.68679 -0.448346 39.654
    endloop
  endfacet
  facet normal -0.0772138 -0.303144 -0.949811
    outer loop
      vertex -0.537144 -1.41633 39.2646
      vertex -1.0942 -2.49451 39.654
      vertex -0.606873 -1.38353 39.2598
    endloop
  endfacet
  facet normal -0.0766891 -0.303401 -0.949772
    outer loop
      vertex -1.0942 -2.49451 39.654
      vertex -0.537144 -1.41633 39.2646
      vertex -0.41143 -1.44748 39.2644
    endloop
  endfacet
  facet normal -0.78914 -0.614213 0
    outer loop
      vertex -4.01366 -4.35999 44.0614
      vertex -5.21187 -2.82053 45.9386
      vertex -5.21187 -2.82053 44.0614
    endloop
  endfacet
  facet normal -0.78914 -0.614213 0
    outer loop
      vertex -5.21187 -2.82053 45.9386
      vertex -4.01366 -4.35999 44.0614
      vertex -4.01366 -4.35999 45.9386
    endloop
  endfacet
  facet normal -0.900691 -0.309207 0.305199
    outer loop
      vertex -5.27313 -0.879929 47.7239
      vertex -5.8453 -0.975409 45.9386
      vertex -5.21187 -2.82053 45.9386
    endloop
  endfacet
  facet normal 0 0 1
    outer loop
      vertex 0.88775 0.304765 50.9261
      vertex 0.88775 -0.304765 50.9261
      vertex 0.938606 0 50.9261
    endloop
  endfacet
  facet normal 0 0 1
    outer loop
      vertex 0.740692 0.576504 50.9261
      vertex 0.88775 -0.304765 50.9261
      vertex 0.88775 0.304765 50.9261
    endloop
  endfacet
  facet normal 0 0 1
    outer loop
      vertex 0.740692 0.576504 50.9261
      vertex 0.740692 -0.576504 50.9261
      vertex 0.88775 -0.304765 50.9261
    endloop
  endfacet
  facet normal 0 0 1
    outer loop
      vertex 0.513369 0.785769 50.9261
      vertex 0.740692 -0.576504 50.9261
      vertex 0.740692 0.576504 50.9261
    endloop
  endfacet
  facet normal 0 0 1
    outer loop
      vertex 0.513369 0.785769 50.9261
      vertex 0.513369 -0.785769 50.9261
      vertex 0.740692 -0.576504 50.9261
    endloop
  endfacet
  facet normal 0 0 1
    outer loop
      vertex 0.230413 0.909885 50.9261
      vertex 0.513369 -0.785769 50.9261
      vertex 0.513369 0.785769 50.9261
    endloop
  endfacet
  facet normal 0 0 1
    outer loop
      vertex 0.230413 0.909885 50.9261
      vertex 0.230413 -0.909885 50.9261
      vertex 0.513369 -0.785769 50.9261
    endloop
  endfacet
  facet normal 0 0 1
    outer loop
      vertex -0.0775089 0.935401 50.9261
      vertex 0.230413 -0.909885 50.9261
      vertex 0.230413 0.909885 50.9261
    endloop
  endfacet
  facet normal 0 0 1
    outer loop
      vertex -0.0775089 0.935401 50.9261
      vertex -0.0775089 -0.935401 50.9261
      vertex 0.230413 -0.909885 50.9261
    endloop
  endfacet
  facet normal -0 0 1
    outer loop
      vertex -0.377033 0.85955 50.9261
      vertex -0.0775089 -0.935401 50.9261
      vertex -0.0775089 0.935401 50.9261
    endloop
  endfacet
  facet normal 0 0 1
    outer loop
      vertex -0.377033 0.85955 50.9261
      vertex -0.377033 -0.85955 50.9261
      vertex -0.0775089 -0.935401 50.9261
    endloop
  endfacet
  facet normal -0 0 1
    outer loop
      vertex -0.6357 0.690555 50.9261
      vertex -0.377033 -0.85955 50.9261
      vertex -0.377033 0.85955 50.9261
    endloop
  endfacet
  facet normal 0 0 1
    outer loop
      vertex -0.6357 0.690555 50.9261
      vertex -0.6357 -0.690555 50.9261
      vertex -0.377033 -0.85955 50.9261
    endloop
  endfacet
  facet normal -0 0 1
    outer loop
      vertex -0.82548 0.446727 50.9261
      vertex -0.6357 -0.690555 50.9261
      vertex -0.6357 0.690555 50.9261
    endloop
  endfacet
  facet normal 0 0 1
    outer loop
      vertex -0.82548 0.446727 50.9261
      vertex -0.82548 -0.446727 50.9261
      vertex -0.6357 -0.690555 50.9261
    endloop
  endfacet
  facet normal -0 0 1
    outer loop
      vertex -0.925805 0.15449 50.9261
      vertex -0.82548 -0.446727 50.9261
      vertex -0.82548 0.446727 50.9261
    endloop
  endfacet
  facet normal 0 0 1
    outer loop
      vertex -0.82548 -0.446727 50.9261
      vertex -0.925805 0.15449 50.9261
      vertex -0.925805 -0.15449 50.9261
    endloop
  endfacet
  facet normal -0.945817 0.324699 0
    outer loop
      vertex -5.8453 0.975409 44.0614
      vertex -5.21187 2.82053 45.9386
      vertex -5.21187 2.82053 44.0614
    endloop
  endfacet
  facet normal -0.945817 0.324699 0
    outer loop
      vertex -5.21187 2.82053 45.9386
      vertex -5.8453 0.975409 44.0614
      vertex -5.8453 0.975409 45.9386
    endloop
  endfacet
  facet normal -0.0768084 0.303304 0.949793
    outer loop
      vertex -0.224941 2.71464 50.346
      vertex -1.0942 2.49451 50.346
      vertex -0.0775089 0.935401 50.9261
    endloop
  endfacet
  facet normal 0.238235 0.543113 0.805154
    outer loop
      vertex 1.04151 4.11282 49.2426
      vertex 0.668688 2.64059 50.346
      vertex 1.48985 2.28039 50.346
    endloop
  endfacet
  facet normal -0.199538 0.787958 0.582501
    outer loop
      vertex -0.441472 5.32778 47.7239
      vertex -2.14748 4.89576 47.7239
      vertex -0.350354 4.22815 49.2426
    endloop
  endfacet
  facet normal 0.401693 0.915774 -0
    outer loop
      vertex 3.24129 4.96116 44.0614
      vertex 1.45478 5.74479 45.9386
      vertex 3.24129 4.96116 45.9386
    endloop
  endfacet
  facet normal 0.401693 0.915774 0
    outer loop
      vertex 1.45478 5.74479 45.9386
      vertex 3.24129 4.96116 44.0614
      vertex 1.45478 5.74479 44.0614
    endloop
  endfacet
  facet normal 0.714861 0.386866 0.582502
    outer loop
      vertex 4.21878 3.2836 47.7239
      vertex 3.34804 2.60588 49.2426
      vertex 5.05638 1.73586 47.7239
    endloop
  endfacet
  facet normal 0.308612 0.051498 0.949793
    outer loop
      vertex 2.57635 0.884462 50.346
      vertex 0.938606 0 50.9261
      vertex 2.72394 0 50.346
    endloop
  endfacet
  facet normal 0.584978 0.0976152 0.805153
    outer loop
      vertex 4.24264 0 49.2426
      vertex 2.57635 0.884462 50.346
      vertex 2.72394 0 50.346
    endloop
  endfacet
  facet normal 0.238235 0.543113 -0.805154
    outer loop
      vertex 1.48985 2.28039 39.654
      vertex 0.668688 2.64059 39.654
      vertex 1.04151 4.11282 40.7574
    endloop
  endfacet
  facet normal -0.751489 0.584907 -0.305203
    outer loop
      vertex -4.7017 2.54443 42.2761
      vertex -5.21187 2.82053 44.0614
      vertex -3.62077 3.93321 42.2761
    endloop
  endfacet
  facet normal -0.312879 0 0.949793
    outer loop
      vertex -2.68679 0.448346 50.346
      vertex -0.925805 -0.15449 50.9261
      vertex -0.925805 0.15449 50.9261
    endloop
  endfacet
  facet normal -0.312879 0 0.949793
    outer loop
      vertex -0.925805 -0.15449 50.9261
      vertex -2.68679 0.448346 50.346
      vertex -2.68679 -0.448346 50.346
    endloop
  endfacet
  facet normal 0.401673 -0.436332 0.805154
    outer loop
      vertex 3.34804 -2.60588 49.2426
      vertex 1.48985 -2.28039 50.346
      vertex 2.3205 -3.5518 49.2426
    endloop
  endfacet
  facet normal -0.233774 -0.923147 0.305203
    outer loop
      vertex -0.441472 -5.32778 47.7239
      vertex -2.3805 -5.42699 45.9386
      vertex -0.489375 -5.90589 45.9386
    endloop
  endfacet
  facet normal 0.644969 0.700618 -0.305202
    outer loop
      vertex 4.21878 3.2836 42.2761
      vertex 3.24129 4.96116 44.0614
      vertex 4.67655 3.6399 44.0614
    endloop
  endfacet
  facet normal 0.986362 -0.164593 0
    outer loop
      vertex 5.60504 -1.92421 45.9386
      vertex 5.92613 0 44.0614
      vertex 5.92613 0 45.9386
    endloop
  endfacet
  facet normal 0.986362 -0.164593 0
    outer loop
      vertex 5.92613 0 44.0614
      vertex 5.60504 -1.92421 45.9386
      vertex 5.60504 -1.92421 44.0614
    endloop
  endfacet
  facet normal 0.837511 -0.453241 0.305202
    outer loop
      vertex 5.05638 -1.73586 47.7239
      vertex 4.67655 -3.6399 45.9386
      vertex 5.60504 -1.92421 45.9386
    endloop
  endfacet
  facet normal 0.801744 -0.133786 0.582501
    outer loop
      vertex 5.34604 0 47.7239
      vertex 4.24264 0 49.2426
      vertex 5.05638 -1.73586 47.7239
    endloop
  endfacet
  facet normal 0.9393 0.156739 0.305203
    outer loop
      vertex 5.60504 1.92421 45.9386
      vertex 5.05638 1.73586 47.7239
      vertex 5.34604 0 47.7239
    endloop
  endfacet
  facet normal 0.9393 -0.15674 0.305203
    outer loop
      vertex 5.92613 0 45.9386
      vertex 5.34604 0 47.7239
      vertex 5.60504 -1.92421 45.9386
    endloop
  endfacet
  facet normal 0.801744 0.133786 0.582501
    outer loop
      vertex 5.05638 1.73586 47.7239
      vertex 4.24264 0 49.2426
      vertex 5.34604 0 47.7239
    endloop
  endfacet
  facet normal 0.801742 0.133789 0.582503
    outer loop
      vertex 5.05638 1.73586 47.7239
      vertex 4.01276 1.37758 49.2426
      vertex 4.24264 0 49.2426
    endloop
  endfacet
  facet normal -0.468015 -0.364269 -0.805152
    outer loop
      vertex -1.84488 -2.00407 39.654
      vertex -3.73129 -2.01927 40.7574
      vertex -2.39564 -1.29645 39.654
    endloop
  endfacet
  facet normal -0.32438 0.496496 -0.805152
    outer loop
      vertex -1.84488 2.00407 39.654
      vertex -2.87346 3.12141 40.7574
      vertex -1.70425 3.8853 40.7574
    endloop
  endfacet
  facet normal 0.0256905 0.311801 -0.9498
    outer loop
      vertex -0.224941 2.71464 39.654
      vertex 0.170554 1.50227 39.2667
      vertex -0.124858 1.50681 39.2602
    endloop
  endfacet
  facet normal 0.0258408 0.311844 -0.949782
    outer loop
      vertex 0.170554 1.50227 39.2667
      vertex -0.224941 2.71464 39.654
      vertex 0.668688 2.64059 39.654
    endloop
  endfacet
  facet normal 0.401673 0.436332 -0.805154
    outer loop
      vertex 3.34804 2.60588 40.7574
      vertex 1.48985 2.28039 39.654
      vertex 2.3205 3.5518 40.7574
    endloop
  endfacet
  facet normal 0.326512 0.74437 -0.582498
    outer loop
      vertex 2.3205 3.5518 40.7574
      vertex 1.04151 4.11282 40.7574
      vertex 1.31237 5.18245 42.2761
    endloop
  endfacet
  facet normal 0.32651 0.744369 -0.582499
    outer loop
      vertex 2.3205 3.5518 40.7574
      vertex 1.31237 5.18245 42.2761
      vertex 2.92401 4.47552 42.2761
    endloop
  endfacet
  facet normal 0.550515 -0.598018 -0.582501
    outer loop
      vertex 4.21878 -3.2836 42.2761
      vertex 2.92401 -4.47552 42.2761
      vertex 3.34804 -2.60588 40.7574
    endloop
  endfacet
  facet normal 0.382527 -0.872079 -0.305206
    outer loop
      vertex 3.24129 -4.96116 44.0614
      vertex 1.45478 -5.74479 44.0614
      vertex 2.92401 -4.47552 42.2761
    endloop
  endfacet
  facet normal -0.593066 0 -0.805154
    outer loop
      vertex -4.18478 -0.698316 40.7574
      vertex -2.68679 0.448346 39.654
      vertex -2.68679 -0.448346 39.654
    endloop
  endfacet
  facet normal -0.593066 0 -0.805154
    outer loop
      vertex -2.68679 0.448346 39.654
      vertex -4.18478 -0.698316 40.7574
      vertex -4.18478 0.698316 40.7574
    endloop
  endfacet
  facet normal -0.768788 -0.263928 -0.582501
    outer loop
      vertex -4.7017 -2.54443 42.2761
      vertex -5.27313 -0.879929 42.2761
      vertex -3.73129 -2.01927 40.7574
    endloop
  endfacet
  facet normal -0.199537 -0.787959 -0.582499
    outer loop
      vertex -0.350354 -4.22815 40.7574
      vertex -2.14748 -4.89576 42.2761
      vertex -1.70425 -3.8853 40.7574
    endloop
  endfacet
  facet normal -0.32438 -0.496496 -0.805152
    outer loop
      vertex -1.70425 -3.8853 40.7574
      vertex -2.87346 -3.12141 40.7574
      vertex -1.84488 -2.00407 39.654
    endloop
  endfacet
  facet normal -0.520853 0.797223 -0.305202
    outer loop
      vertex -3.62077 3.93321 42.2761
      vertex -4.01366 4.35999 44.0614
      vertex -2.3805 5.42699 44.0614
    endloop
  endfacet
  facet normal -0.78914 0.614213 0
    outer loop
      vertex -5.21187 2.82053 44.0614
      vertex -4.01366 4.35999 45.9386
      vertex -4.01366 4.35999 44.0614
    endloop
  endfacet
  facet normal -0.78914 0.614213 0
    outer loop
      vertex -4.01366 4.35999 45.9386
      vertex -5.21187 2.82053 44.0614
      vertex -5.21187 2.82053 45.9386
    endloop
  endfacet
  facet normal -0.444577 0.680475 -0.5825
    outer loop
      vertex -1.70425 3.8853 40.7574
      vertex -3.62077 3.93321 42.2761
      vertex -2.14748 4.89576 42.2761
    endloop
  endfacet
  facet normal -0.768788 -0.263929 -0.5825
    outer loop
      vertex -3.73129 -2.01927 40.7574
      vertex -5.27313 -0.879929 42.2761
      vertex -4.18478 -0.698316 40.7574
    endloop
  endfacet
  facet normal -0.81283 0 0.582501
    outer loop
      vertex -5.27313 0.879929 47.7239
      vertex -4.18478 -0.698316 49.2426
      vertex -4.18478 0.698316 49.2426
    endloop
  endfacet
  facet normal -0.81283 0 0.582501
    outer loop
      vertex -4.18478 -0.698316 49.2426
      vertex -5.27313 0.879929 47.7239
      vertex -5.27313 -0.879929 47.7239
    endloop
  endfacet
  facet normal -0.295926 -0.10159 0.949793
    outer loop
      vertex -0.925805 -0.15449 50.9261
      vertex -2.68679 -0.448346 50.346
      vertex -2.39564 -1.29645 50.346
    endloop
  endfacet
  facet normal -0.0768083 0.303304 0.949793
    outer loop
      vertex -0.0775089 0.935401 50.9261
      vertex -1.0942 2.49451 50.346
      vertex -0.377033 0.85955 50.9261
    endloop
  endfacet
  facet normal 0.644969 0.700618 0.305202
    outer loop
      vertex 4.67655 3.6399 45.9386
      vertex 3.24129 4.96116 45.9386
      vertex 4.21878 3.2836 47.7239
    endloop
  endfacet
  facet normal 0.677284 0.735721 -0
    outer loop
      vertex 4.67655 3.6399 44.0614
      vertex 3.24129 4.96116 45.9386
      vertex 4.67655 3.6399 45.9386
    endloop
  endfacet
  facet normal 0.677284 0.735721 0
    outer loop
      vertex 3.24129 4.96116 45.9386
      vertex 4.67655 3.6399 44.0614
      vertex 3.24129 4.96116 44.0614
    endloop
  endfacet
  facet normal 0.401673 0.436332 0.805154
    outer loop
      vertex 2.3205 3.5518 49.2426
      vertex 1.48985 2.28039 50.346
      vertex 3.34804 2.60588 49.2426
    endloop
  endfacet
  facet normal 0.550516 0.598018 0.5825
    outer loop
      vertex 2.92401 4.47552 47.7239
      vertex 2.3205 3.5518 49.2426
      vertex 3.34804 2.60588 49.2426
    endloop
  endfacet
  facet normal 0.275169 0.148914 0.949793
    outer loop
      vertex 2.57635 0.884462 50.346
      vertex 0.740692 0.576504 50.9261
      vertex 0.88775 0.304765 50.9261
    endloop
  endfacet
  facet normal 0.308612 0.0514979 0.949793
    outer loop
      vertex 2.57635 0.884462 50.346
      vertex 0.88775 0.304765 50.9261
      vertex 0.938606 0 50.9261
    endloop
  endfacet
  facet normal -0.233774 0.923147 0.305203
    outer loop
      vertex -0.489375 5.90589 45.9386
      vertex -2.3805 5.42699 45.9386
      vertex -0.441472 5.32778 47.7239
    endloop
  endfacet
  facet normal 0.0258379 0.31181 0.949793
    outer loop
      vertex 0.668688 2.64059 50.346
      vertex -0.224941 2.71464 50.346
      vertex -0.0775089 0.935401 50.9261
    endloop
  endfacet
  facet normal -0.444577 0.680475 0.5825
    outer loop
      vertex -2.14748 4.89576 47.7239
      vertex -3.62077 3.93321 47.7239
      vertex -1.70425 3.8853 49.2426
    endloop
  endfacet
  facet normal -0.246904 -0.192174 0.949793
    outer loop
      vertex -0.82548 -0.446727 50.9261
      vertex -1.84488 -2.00407 50.346
      vertex -0.6357 -0.690555 50.9261
    endloop
  endfacet
  facet normal 0.584978 -0.0976152 0.805153
    outer loop
      vertex 2.72394 0 50.346
      vertex 2.57635 -0.884462 50.346
      vertex 4.24264 0 49.2426
    endloop
  endfacet
  facet normal 0.308612 -0.051498 0.949793
    outer loop
      vertex 2.72394 0 50.346
      vertex 0.938606 0 50.9261
      vertex 2.57635 -0.884462 50.346
    endloop
  endfacet
  facet normal -0.199537 -0.787959 0.582499
    outer loop
      vertex -1.70425 -3.8853 49.2426
      vertex -2.14748 -4.89576 47.7239
      vertex -0.350354 -4.22815 49.2426
    endloop
  endfacet
  facet normal 0.644966 -0.70062 0.305206
    outer loop
      vertex 4.21878 -3.2836 47.7239
      vertex 2.92401 -4.47552 47.7239
      vertex 3.24129 -4.96116 45.9386
    endloop
  endfacet
  facet normal -0.751488 -0.584907 -0.305203
    outer loop
      vertex -4.01366 -4.35999 44.0614
      vertex -5.21187 -2.82053 44.0614
      vertex -3.62077 -3.93321 42.2761
    endloop
  endfacet
  facet normal 0.0786406 -0.949035 0.305203
    outer loop
      vertex -0.441472 -5.32778 47.7239
      vertex -0.489375 -5.90589 45.9386
      vertex 1.45478 -5.74479 45.9386
    endloop
  endfacet
  facet normal 0.382529 -0.872079 0.305204
    outer loop
      vertex 2.92401 -4.47552 47.7239
      vertex 1.31237 -5.18245 47.7239
      vertex 1.45478 -5.74479 45.9386
    endloop
  endfacet
  facet normal 0.879473 0.475949 0
    outer loop
      vertex 5.60504 1.92421 45.9386
      vertex 4.67655 3.6399 44.0614
      vertex 4.67655 3.6399 45.9386
    endloop
  endfacet
  facet normal 0.879473 0.475949 0
    outer loop
      vertex 4.67655 3.6399 44.0614
      vertex 5.60504 1.92421 45.9386
      vertex 5.60504 1.92421 44.0614
    endloop
  endfacet
  facet normal 0.9393 0.156739 -0.305203
    outer loop
      vertex 5.34604 0 42.2761
      vertex 5.05638 1.73586 42.2761
      vertex 5.60504 1.92421 44.0614
    endloop
  endfacet
  facet normal -0.233773 -0.923148 -0.305202
    outer loop
      vertex -0.441472 -5.32778 42.2761
      vertex -2.3805 -5.42699 44.0614
      vertex -2.14748 -4.89576 42.2761
    endloop
  endfacet
  facet normal 0.521588 -0.282268 -0.805153
    outer loop
      vertex 3.34804 -2.60588 40.7574
      vertex 2.57635 -0.884462 39.654
      vertex 4.01276 -1.37758 40.7574
    endloop
  endfacet
  facet normal 0.837511 -0.453241 -0.305202
    outer loop
      vertex 5.60504 -1.92421 44.0614
      vertex 4.67655 -3.6399 44.0614
      vertex 5.05638 -1.73586 42.2761
    endloop
  endfacet
  facet normal 0.986362 0.164593 0
    outer loop
      vertex 5.92613 0 45.9386
      vertex 5.60504 1.92421 44.0614
      vertex 5.60504 1.92421 45.9386
    endloop
  endfacet
  facet normal 0.986362 0.164593 0
    outer loop
      vertex 5.60504 1.92421 44.0614
      vertex 5.92613 0 45.9386
      vertex 5.92613 0 44.0614
    endloop
  endfacet
  facet normal 0.401693 -0.915774 0
    outer loop
      vertex 1.45478 -5.74479 44.0614
      vertex 3.24129 -4.96116 45.9386
      vertex 1.45478 -5.74479 45.9386
    endloop
  endfacet
  facet normal 0.401693 -0.915774 0
    outer loop
      vertex 3.24129 -4.96116 45.9386
      vertex 1.45478 -5.74479 44.0614
      vertex 3.24129 -4.96116 44.0614
    endloop
  endfacet
  facet normal 0.677284 -0.735721 0
    outer loop
      vertex 3.24129 -4.96116 44.0614
      vertex 4.67655 -3.6399 45.9386
      vertex 3.24129 -4.96116 45.9386
    endloop
  endfacet
  facet normal 0.677284 -0.735721 0
    outer loop
      vertex 4.67655 -3.6399 45.9386
      vertex 3.24129 -4.96116 44.0614
      vertex 4.67655 -3.6399 44.0614
    endloop
  endfacet
  facet normal 0.9393 -0.156739 -0.305203
    outer loop
      vertex 5.60504 -1.92421 44.0614
      vertex 5.05638 -1.73586 42.2761
      vertex 5.34604 0 42.2761
    endloop
  endfacet
  facet normal 0.801744 -0.133786 -0.582501
    outer loop
      vertex 5.05638 -1.73586 42.2761
      vertex 4.24264 0 40.7574
      vertex 5.34604 0 42.2761
    endloop
  endfacet
  facet normal -0.468015 -0.36427 -0.805152
    outer loop
      vertex -2.87346 -3.12141 40.7574
      vertex -3.73129 -2.01927 40.7574
      vertex -1.84488 -2.00407 39.654
    endloop
  endfacet
  facet normal 0.644966 -0.70062 -0.305206
    outer loop
      vertex 3.24129 -4.96116 44.0614
      vertex 2.92401 -4.47552 42.2761
      vertex 4.21878 -3.2836 42.2761
    endloop
  endfacet
  facet normal -0.199538 0.787958 -0.582501
    outer loop
      vertex -0.350354 4.22815 40.7574
      vertex -2.14748 4.89576 42.2761
      vertex -0.441472 5.32778 42.2761
    endloop
  endfacet
  facet normal -0.560931 0.192571 -0.805154
    outer loop
      vertex -2.68679 0.448346 39.654
      vertex -4.18478 0.698316 40.7574
      vertex -3.73129 2.01927 40.7574
    endloop
  endfacet
  facet normal 0.0489737 0.591041 -0.805154
    outer loop
      vertex 0.668688 2.64059 39.654
      vertex -0.350354 4.22815 40.7574
      vertex 1.04151 4.11282 40.7574
    endloop
  endfacet
  facet normal 0.238233 0.543113 -0.805154
    outer loop
      vertex 1.48985 2.28039 39.654
      vertex 1.04151 4.11282 40.7574
      vertex 2.3205 3.5518 40.7574
    endloop
  endfacet
  facet normal 0.382529 0.872079 -0.305204
    outer loop
      vertex 2.92401 4.47552 42.2761
      vertex 1.31237 5.18245 42.2761
      vertex 1.45478 5.74479 44.0614
    endloop
  endfacet
  facet normal 0.401672 0.436336 -0.805153
    outer loop
      vertex 2.14957 1.67308 39.654
      vertex 1.48985 2.28039 39.654
      vertex 3.34804 2.60588 40.7574
    endloop
  endfacet
  facet normal 0.584978 -0.0976152 -0.805153
    outer loop
      vertex 4.24264 0 40.7574
      vertex 2.57635 -0.884462 39.654
      vertex 2.72394 0 39.654
    endloop
  endfacet
  facet normal 0.0256774 -0.311878 -0.949775
    outer loop
      vertex 0.668688 -2.64059 39.654
      vertex 0.182385 -1.50208 39.267
      vertex 0.37014 -1.46165 39.2588
    endloop
  endfacet
  facet normal 0.0290793 -0.31054 -0.950115
    outer loop
      vertex 0.182385 -1.50208 39.267
      vertex 0.668688 -2.64059 39.654
      vertex 0.170554 -1.50227 39.2667
    endloop
  endfacet
  facet normal 0.801744 0.133786 -0.582501
    outer loop
      vertex 5.34604 0 42.2761
      vertex 4.24264 0 40.7574
      vertex 5.05638 1.73586 42.2761
    endloop
  endfacet
  facet normal 0.837511 0.453241 -0.305202
    outer loop
      vertex 5.05638 1.73586 42.2761
      vertex 4.67655 3.6399 44.0614
      vertex 5.60504 1.92421 44.0614
    endloop
  endfacet
  facet normal -0.546949 -0.837166 0
    outer loop
      vertex -4.01366 -4.35999 44.0614
      vertex -2.3805 -5.42699 45.9386
      vertex -4.01366 -4.35999 45.9386
    endloop
  endfacet
  facet normal -0.546949 -0.837166 -0
    outer loop
      vertex -2.3805 -5.42699 45.9386
      vertex -4.01366 -4.35999 44.0614
      vertex -2.3805 -5.42699 44.0614
    endloop
  endfacet
  facet normal -0.900691 0.309207 0.305199
    outer loop
      vertex -5.21187 2.82053 45.9386
      vertex -5.8453 0.975409 45.9386
      vertex -5.27313 0.879929 47.7239
    endloop
  endfacet
  facet normal 0.0671213 0.810056 -0.582498
    outer loop
      vertex 1.04151 4.11282 40.7574
      vertex -0.350354 4.22815 40.7574
      vertex 1.31237 5.18245 42.2761
    endloop
  endfacet
  facet normal -0.520853 0.797223 -0.305202
    outer loop
      vertex -2.14748 4.89576 42.2761
      vertex -3.62077 3.93321 42.2761
      vertex -2.3805 5.42699 44.0614
    endloop
  endfacet
  facet normal -0.952289 0 0.305199
    outer loop
      vertex -5.8453 0.975409 45.9386
      vertex -5.27313 -0.879929 47.7239
      vertex -5.27313 0.879929 47.7239
    endloop
  endfacet
  facet normal -0.952289 0 0.305199
    outer loop
      vertex -5.27313 -0.879929 47.7239
      vertex -5.8453 0.975409 45.9386
      vertex -5.8453 -0.975409 45.9386
    endloop
  endfacet
  facet normal -0.768788 -0.263928 0.582501
    outer loop
      vertex -3.73129 -2.01927 49.2426
      vertex -5.27313 -0.879929 47.7239
      vertex -4.7017 -2.54443 47.7239
    endloop
  endfacet
  facet normal -0.900689 -0.30921 0.305202
    outer loop
      vertex -4.7017 -2.54443 47.7239
      vertex -5.27313 -0.879929 47.7239
      vertex -5.21187 -2.82053 45.9386
    endloop
  endfacet
  facet normal -0.768788 -0.263929 0.5825
    outer loop
      vertex -4.18478 -0.698316 49.2426
      vertex -5.27313 -0.879929 47.7239
      vertex -3.73129 -2.01927 49.2426
    endloop
  endfacet
  facet normal -0.171127 0.261932 0.949793
    outer loop
      vertex -1.0942 2.49451 50.346
      vertex -1.84488 2.00407 50.346
      vertex -0.377033 0.85955 50.9261
    endloop
  endfacet
  facet normal -0.900689 0.30921 0.305202
    outer loop
      vertex -5.21187 2.82053 45.9386
      vertex -5.27313 0.879929 47.7239
      vertex -4.7017 2.54443 47.7239
    endloop
  endfacet
  facet normal -0.768788 0.263928 0.582501
    outer loop
      vertex -4.7017 2.54443 47.7239
      vertex -5.27313 0.879929 47.7239
      vertex -3.73129 2.01927 49.2426
    endloop
  endfacet
  facet normal -0.546949 0.837166 0
    outer loop
      vertex -2.3805 5.42699 44.0614
      vertex -4.01366 4.35999 45.9386
      vertex -2.3805 5.42699 45.9386
    endloop
  endfacet
  facet normal -0.546949 0.837166 0
    outer loop
      vertex -4.01366 4.35999 45.9386
      vertex -2.3805 5.42699 44.0614
      vertex -4.01366 4.35999 44.0614
    endloop
  endfacet
  facet normal -0.245487 0.9694 0
    outer loop
      vertex -0.489375 5.90589 44.0614
      vertex -2.3805 5.42699 45.9386
      vertex -0.489375 5.90589 45.9386
    endloop
  endfacet
  facet normal -0.245487 0.9694 0
    outer loop
      vertex -2.3805 5.42699 45.9386
      vertex -0.489375 5.90589 44.0614
      vertex -2.3805 5.42699 44.0614
    endloop
  endfacet
  facet normal -0.520853 0.797223 0.305202
    outer loop
      vertex -2.3805 5.42699 45.9386
      vertex -3.62077 3.93321 47.7239
      vertex -2.14748 4.89576 47.7239
    endloop
  endfacet
  facet normal -0.520853 0.797223 0.305202
    outer loop
      vertex -2.3805 5.42699 45.9386
      vertex -4.01366 4.35999 45.9386
      vertex -3.62077 3.93321 47.7239
    endloop
  endfacet
  facet normal 0.382527 0.872079 0.305206
    outer loop
      vertex 3.24129 4.96116 45.9386
      vertex 1.45478 5.74479 45.9386
      vertex 2.92401 4.47552 47.7239
    endloop
  endfacet
  facet normal 0.0825807 0.996584 -0
    outer loop
      vertex 1.45478 5.74479 44.0614
      vertex -0.489375 5.90589 45.9386
      vertex 1.45478 5.74479 45.9386
    endloop
  endfacet
  facet normal 0.0825807 0.996584 0
    outer loop
      vertex -0.489375 5.90589 45.9386
      vertex 1.45478 5.74479 44.0614
      vertex -0.489375 5.90589 44.0614
    endloop
  endfacet
  facet normal 0.382527 0.872079 -0.305206
    outer loop
      vertex 2.92401 4.47552 42.2761
      vertex 1.45478 5.74479 44.0614
      vertex 3.24129 4.96116 44.0614
    endloop
  endfacet
  facet normal 0.644966 0.70062 -0.305206
    outer loop
      vertex 4.21878 3.2836 42.2761
      vertex 2.92401 4.47552 42.2761
      vertex 3.24129 4.96116 44.0614
    endloop
  endfacet
  facet normal 0.0786406 0.949035 0.305203
    outer loop
      vertex 1.45478 5.74479 45.9386
      vertex -0.489375 5.90589 45.9386
      vertex -0.441472 5.32778 47.7239
    endloop
  endfacet
  facet normal 0.401672 0.436336 0.805153
    outer loop
      vertex 3.34804 2.60588 49.2426
      vertex 1.48985 2.28039 50.346
      vertex 2.14957 1.67308 50.346
    endloop
  endfacet
  facet normal 0.211906 0.230194 0.949793
    outer loop
      vertex 1.48985 2.28039 50.346
      vertex 0.740692 0.576504 50.9261
      vertex 2.14957 1.67308 50.346
    endloop
  endfacet
  facet normal 0.125682 0.286527 0.949793
    outer loop
      vertex 1.48985 2.28039 50.346
      vertex 0.230413 0.909885 50.9261
      vertex 0.513369 0.785769 50.9261
    endloop
  endfacet
  facet normal 0.0258382 0.31181 0.949793
    outer loop
      vertex 0.668688 2.64059 50.346
      vertex -0.0775089 0.935401 50.9261
      vertex 0.230413 0.909885 50.9261
    endloop
  endfacet
  facet normal 0.0489763 0.591042 0.805153
    outer loop
      vertex 0.668688 2.64059 50.346
      vertex -0.350354 4.22815 49.2426
      vertex -0.224941 2.71464 50.346
    endloop
  endfacet
  facet normal -0.171127 -0.261932 0.949793
    outer loop
      vertex -0.377033 -0.85955 50.9261
      vertex -1.84488 -2.00407 50.346
      vertex -1.0942 -2.49451 50.346
    endloop
  endfacet
  facet normal -0.468015 -0.36427 0.805152
    outer loop
      vertex -1.84488 -2.00407 50.346
      vertex -3.73129 -2.01927 49.2426
      vertex -2.87346 -3.12141 49.2426
    endloop
  endfacet
  facet normal -0.295926 -0.101591 0.949793
    outer loop
      vertex -0.925805 -0.15449 50.9261
      vertex -2.39564 -1.29645 50.346
      vertex -0.82548 -0.446727 50.9261
    endloop
  endfacet
  facet normal -0.145591 -0.574917 0.805154
    outer loop
      vertex -1.0942 -2.49451 50.346
      vertex -1.70425 -3.8853 49.2426
      vertex -0.224941 -2.71464 50.346
    endloop
  endfacet
  facet normal 0.550515 -0.598018 0.582501
    outer loop
      vertex 3.34804 -2.60588 49.2426
      vertex 2.92401 -4.47552 47.7239
      vertex 4.21878 -3.2836 47.7239
    endloop
  endfacet
  facet normal 0.801742 -0.133789 0.582503
    outer loop
      vertex 4.24264 0 49.2426
      vertex 4.01276 -1.37758 49.2426
      vertex 5.05638 -1.73586 47.7239
    endloop
  endfacet
  facet normal 0.0786406 -0.949035 -0.305203
    outer loop
      vertex 1.45478 -5.74479 44.0614
      vertex -0.489375 -5.90589 44.0614
      vertex -0.441472 -5.32778 42.2761
    endloop
  endfacet
  facet normal -0.233774 -0.923147 -0.305203
    outer loop
      vertex -0.489375 -5.90589 44.0614
      vertex -2.3805 -5.42699 44.0614
      vertex -0.441472 -5.32778 42.2761
    endloop
  endfacet
  facet normal -0.245487 -0.9694 0
    outer loop
      vertex -2.3805 -5.42699 44.0614
      vertex -0.489375 -5.90589 45.9386
      vertex -2.3805 -5.42699 45.9386
    endloop
  endfacet
  facet normal -0.245487 -0.9694 -0
    outer loop
      vertex -0.489375 -5.90589 45.9386
      vertex -2.3805 -5.42699 44.0614
      vertex -0.489375 -5.90589 44.0614
    endloop
  endfacet
  facet normal 0.0671241 -0.810054 0.5825
    outer loop
      vertex -0.350354 -4.22815 49.2426
      vertex -0.441472 -5.32778 47.7239
      vertex 1.31237 -5.18245 47.7239
    endloop
  endfacet
  facet normal -0.444579 -0.680472 -0.582501
    outer loop
      vertex -1.70425 -3.8853 40.7574
      vertex -3.62077 -3.93321 42.2761
      vertex -2.87346 -3.12141 40.7574
    endloop
  endfacet
  facet normal -0.641437 -0.49925 -0.582501
    outer loop
      vertex -3.62077 -3.93321 42.2761
      vertex -4.7017 -2.54443 42.2761
      vertex -3.73129 -2.01927 40.7574
    endloop
  endfacet
  facet normal -0.641437 -0.499251 -0.582501
    outer loop
      vertex -3.62077 -3.93321 42.2761
      vertex -3.73129 -2.01927 40.7574
      vertex -2.87346 -3.12141 40.7574
    endloop
  endfacet
  facet normal -0.751489 -0.584907 -0.305203
    outer loop
      vertex -3.62077 -3.93321 42.2761
      vertex -5.21187 -2.82053 44.0614
      vertex -4.7017 -2.54443 42.2761
    endloop
  endfacet
  facet normal -0.145588 -0.57492 0.805153
    outer loop
      vertex -0.224941 -2.71464 50.346
      vertex -1.70425 -3.8853 49.2426
      vertex -0.350354 -4.22815 49.2426
    endloop
  endfacet
  facet normal 0.211906 -0.230194 0.949793
    outer loop
      vertex 2.14957 -1.67308 50.346
      vertex 0.740692 -0.576504 50.9261
      vertex 1.48985 -2.28039 50.346
    endloop
  endfacet
  facet normal 0.644969 -0.700618 0.305202
    outer loop
      vertex 4.21878 -3.2836 47.7239
      vertex 3.24129 -4.96116 45.9386
      vertex 4.67655 -3.6399 45.9386
    endloop
  endfacet
  facet normal 0.550516 -0.598018 0.5825
    outer loop
      vertex 3.34804 -2.60588 49.2426
      vertex 2.3205 -3.5518 49.2426
      vertex 2.92401 -4.47552 47.7239
    endloop
  endfacet
  facet normal 0.0671213 -0.810056 -0.582498
    outer loop
      vertex 1.31237 -5.18245 42.2761
      vertex -0.350354 -4.22815 40.7574
      vertex 1.04151 -4.11282 40.7574
    endloop
  endfacet
  facet normal 0.382529 -0.872079 -0.305204
    outer loop
      vertex 1.45478 -5.74479 44.0614
      vertex 1.31237 -5.18245 42.2761
      vertex 2.92401 -4.47552 42.2761
    endloop
  endfacet
  facet normal 0.32651 -0.744369 0.582499
    outer loop
      vertex 2.3205 -3.5518 49.2426
      vertex 1.31237 -5.18245 47.7239
      vertex 2.92401 -4.47552 47.7239
    endloop
  endfacet
  facet normal -0.560936 -0.192566 -0.805152
    outer loop
      vertex -2.39564 -1.29645 39.654
      vertex -3.73129 -2.01927 40.7574
      vertex -2.68679 -0.448346 39.654
    endloop
  endfacet
  facet normal -0.170913 -0.26204 -0.949802
    outer loop
      vertex -1.0942 -2.49451 39.654
      vertex -0.735156 -1.31327 39.2635
      vertex -0.606873 -1.38353 39.2598
    endloop
  endfacet
  facet normal -0.170997 -0.262012 -0.949795
    outer loop
      vertex -1.0942 -2.49451 39.654
      vertex -0.859484 -1.24518 39.2671
      vertex -0.735156 -1.31327 39.2635
    endloop
  endfacet
  facet normal -0.171156 -0.261976 -0.949776
    outer loop
      vertex -1.84488 -2.00407 39.654
      vertex -0.859484 -1.24518 39.2671
      vertex -1.0942 -2.49451 39.654
    endloop
  endfacet
  facet normal -0.171132 -0.262006 -0.949772
    outer loop
      vertex -0.859484 -1.24518 39.2671
      vertex -1.84488 -2.00407 39.654
      vertex -0.865321 -1.24028 39.2668
    endloop
  endfacet
  facet normal -0.324375 -0.496496 -0.805154
    outer loop
      vertex -1.70425 -3.8853 40.7574
      vertex -1.84488 -2.00407 39.654
      vertex -1.0942 -2.49451 39.654
    endloop
  endfacet
  facet normal -0.81283 0 -0.582501
    outer loop
      vertex -4.18478 -0.698316 40.7574
      vertex -5.27313 0.879929 42.2761
      vertex -4.18478 0.698316 40.7574
    endloop
  endfacet
  facet normal -0.81283 -0 -0.582501
    outer loop
      vertex -5.27313 0.879929 42.2761
      vertex -4.18478 -0.698316 40.7574
      vertex -5.27313 -0.879929 42.2761
    endloop
  endfacet
  facet normal -0.641437 0.49925 -0.582501
    outer loop
      vertex -3.73129 2.01927 40.7574
      vertex -4.7017 2.54443 42.2761
      vertex -3.62077 3.93321 42.2761
    endloop
  endfacet
  facet normal -0.641437 0.499251 -0.582501
    outer loop
      vertex -2.87346 3.12141 40.7574
      vertex -3.73129 2.01927 40.7574
      vertex -3.62077 3.93321 42.2761
    endloop
  endfacet
  facet normal -0.145591 0.574917 -0.805154
    outer loop
      vertex -1.0942 2.49451 39.654
      vertex -1.70425 3.8853 40.7574
      vertex -0.224941 2.71464 39.654
    endloop
  endfacet
  facet normal -0.324375 0.496496 -0.805154
    outer loop
      vertex -1.0942 2.49451 39.654
      vertex -1.84488 2.00407 39.654
      vertex -1.70425 3.8853 40.7574
    endloop
  endfacet
  facet normal 0.584978 0.0976152 -0.805153
    outer loop
      vertex 2.72394 0 39.654
      vertex 2.57635 0.884462 39.654
      vertex 4.24264 0 40.7574
    endloop
  endfacet
  facet normal 0.308659 0.0515265 -0.949776
    outer loop
      vertex 1.49848 0.141018 39.2634
      vertex 2.72394 0 39.654
      vertex 1.51679 0 39.2617
    endloop
  endfacet
  facet normal 0.308649 0.0514235 -0.949785
    outer loop
      vertex 1.4789 0.291785 39.2652
      vertex 2.72394 0 39.654
      vertex 1.49848 0.141018 39.2634
    endloop
  endfacet
  facet normal 0.308666 0.051507 -0.949775
    outer loop
      vertex 2.72394 0 39.654
      vertex 1.4789 0.291785 39.2652
      vertex 2.57635 0.884462 39.654
    endloop
  endfacet
  facet normal 0.584979 -0.0976167 -0.805153
    outer loop
      vertex 4.01276 -1.37758 40.7574
      vertex 2.57635 -0.884462 39.654
      vertex 4.24264 0 40.7574
    endloop
  endfacet
  facet normal 0.521588 0.282268 -0.805153
    outer loop
      vertex 4.01276 1.37758 40.7574
      vertex 2.57635 0.884462 39.654
      vertex 3.34804 2.60588 40.7574
    endloop
  endfacet
  facet normal 0.714861 0.386866 -0.582502
    outer loop
      vertex 5.05638 1.73586 42.2761
      vertex 3.34804 2.60588 40.7574
      vertex 4.21878 3.2836 42.2761
    endloop
  endfacet
  facet normal 0.9393 0.15674 -0.305203
    outer loop
      vertex 5.92613 0 44.0614
      vertex 5.34604 0 42.2761
      vertex 5.60504 1.92421 44.0614
    endloop
  endfacet
  facet normal 0.0489763 0.591042 -0.805153
    outer loop
      vertex -0.224941 2.71464 39.654
      vertex -0.350354 4.22815 40.7574
      vertex 0.668688 2.64059 39.654
    endloop
  endfacet
  facet normal -0.145588 0.57492 -0.805153
    outer loop
      vertex -0.224941 2.71464 39.654
      vertex -1.70425 3.8853 40.7574
      vertex -0.350354 4.22815 40.7574
    endloop
  endfacet
  facet normal -1 0 0
    outer loop
      vertex -5.8453 -0.975409 44.0614
      vertex -5.8453 0.975409 45.9386
      vertex -5.8453 0.975409 44.0614
    endloop
  endfacet
  facet normal -1 -0 0
    outer loop
      vertex -5.8453 0.975409 45.9386
      vertex -5.8453 -0.975409 44.0614
      vertex -5.8453 -0.975409 45.9386
    endloop
  endfacet
  facet normal -0.900691 0.309207 -0.305199
    outer loop
      vertex -5.27313 0.879929 42.2761
      vertex -5.8453 0.975409 44.0614
      vertex -5.21187 2.82053 44.0614
    endloop
  endfacet
  facet normal -0.900689 0.30921 -0.305202
    outer loop
      vertex -4.7017 2.54443 42.2761
      vertex -5.27313 0.879929 42.2761
      vertex -5.21187 2.82053 44.0614
    endloop
  endfacet
  facet normal -0.641437 -0.49925 0.582501
    outer loop
      vertex -3.73129 -2.01927 49.2426
      vertex -4.7017 -2.54443 47.7239
      vertex -3.62077 -3.93321 47.7239
    endloop
  endfacet
  facet normal -0.751489 -0.584907 0.305203
    outer loop
      vertex -4.7017 -2.54443 47.7239
      vertex -5.21187 -2.82053 45.9386
      vertex -3.62077 -3.93321 47.7239
    endloop
  endfacet
  facet normal -0.593066 0 0.805154
    outer loop
      vertex -4.18478 0.698316 49.2426
      vertex -2.68679 -0.448346 50.346
      vertex -2.68679 0.448346 50.346
    endloop
  endfacet
  facet normal -0.593066 0 0.805154
    outer loop
      vertex -2.68679 -0.448346 50.346
      vertex -4.18478 0.698316 49.2426
      vertex -4.18478 -0.698316 49.2426
    endloop
  endfacet
  facet normal -0.560931 -0.192571 0.805154
    outer loop
      vertex -2.68679 -0.448346 50.346
      vertex -4.18478 -0.698316 49.2426
      vertex -3.73129 -2.01927 49.2426
    endloop
  endfacet
  facet normal -0.468015 0.36427 0.805152
    outer loop
      vertex -2.87346 3.12141 49.2426
      vertex -3.73129 2.01927 49.2426
      vertex -1.84488 2.00407 50.346
    endloop
  endfacet
  facet normal -0.641437 0.49925 0.582501
    outer loop
      vertex -3.62077 3.93321 47.7239
      vertex -4.7017 2.54443 47.7239
      vertex -3.73129 2.01927 49.2426
    endloop
  endfacet
  facet normal -0.751489 0.584907 0.305203
    outer loop
      vertex -3.62077 3.93321 47.7239
      vertex -5.21187 2.82053 45.9386
      vertex -4.7017 2.54443 47.7239
    endloop
  endfacet
  facet normal -0.444579 0.680472 0.582501
    outer loop
      vertex -1.70425 3.8853 49.2426
      vertex -3.62077 3.93321 47.7239
      vertex -2.87346 3.12141 49.2426
    endloop
  endfacet
  facet normal -0.233773 0.923148 0.305202
    outer loop
      vertex -0.441472 5.32778 47.7239
      vertex -2.3805 5.42699 45.9386
      vertex -2.14748 4.89576 47.7239
    endloop
  endfacet
  facet normal 0.0671241 0.810054 0.5825
    outer loop
      vertex 1.31237 5.18245 47.7239
      vertex -0.441472 5.32778 47.7239
      vertex -0.350354 4.22815 49.2426
    endloop
  endfacet
  facet normal 0.0786406 0.949035 0.305203
    outer loop
      vertex 1.45478 5.74479 45.9386
      vertex -0.441472 5.32778 47.7239
      vertex 1.31237 5.18245 47.7239
    endloop
  endfacet
  facet normal 0.382529 0.872079 0.305204
    outer loop
      vertex 1.45478 5.74479 45.9386
      vertex 1.31237 5.18245 47.7239
      vertex 2.92401 4.47552 47.7239
    endloop
  endfacet
  facet normal 0.125683 0.286525 0.949793
    outer loop
      vertex 0.668688 2.64059 50.346
      vertex 0.230413 0.909885 50.9261
      vertex 1.48985 2.28039 50.346
    endloop
  endfacet
  facet normal 0.238233 0.543113 0.805154
    outer loop
      vertex 2.3205 3.5518 49.2426
      vertex 1.04151 4.11282 49.2426
      vertex 1.48985 2.28039 50.346
    endloop
  endfacet
  facet normal 0.326512 0.74437 0.582498
    outer loop
      vertex 1.31237 5.18245 47.7239
      vertex 1.04151 4.11282 49.2426
      vertex 2.3205 3.5518 49.2426
    endloop
  endfacet
  facet normal 0.238233 -0.543113 0.805154
    outer loop
      vertex 1.48985 -2.28039 50.346
      vertex 1.04151 -4.11282 49.2426
      vertex 2.3205 -3.5518 49.2426
    endloop
  endfacet
  facet normal 0.401672 -0.436336 0.805153
    outer loop
      vertex 2.14957 -1.67308 50.346
      vertex 1.48985 -2.28039 50.346
      vertex 3.34804 -2.60588 49.2426
    endloop
  endfacet
  facet normal -0.171128 -0.261931 0.949793
    outer loop
      vertex -0.6357 -0.690555 50.9261
      vertex -1.84488 -2.00407 50.346
      vertex -0.377033 -0.85955 50.9261
    endloop
  endfacet
  facet normal 0.275169 -0.148914 0.949793
    outer loop
      vertex 0.88775 -0.304765 50.9261
      vertex 0.740692 -0.576504 50.9261
      vertex 2.57635 -0.884462 50.346
    endloop
  endfacet
  facet normal 0.308612 -0.0514979 0.949793
    outer loop
      vertex 0.938606 0 50.9261
      vertex 0.88775 -0.304765 50.9261
      vertex 2.57635 -0.884462 50.346
    endloop
  endfacet
  facet normal 0.0671241 -0.810054 -0.5825
    outer loop
      vertex 1.31237 -5.18245 42.2761
      vertex -0.441472 -5.32778 42.2761
      vertex -0.350354 -4.22815 40.7574
    endloop
  endfacet
  facet normal 0.0786406 -0.949035 -0.305203
    outer loop
      vertex 1.45478 -5.74479 44.0614
      vertex -0.441472 -5.32778 42.2761
      vertex 1.31237 -5.18245 42.2761
    endloop
  endfacet
  facet normal -0.199538 -0.787958 -0.582501
    outer loop
      vertex -0.441472 -5.32778 42.2761
      vertex -2.14748 -4.89576 42.2761
      vertex -0.350354 -4.22815 40.7574
    endloop
  endfacet
  facet normal -0.520853 -0.797223 -0.305202
    outer loop
      vertex -2.3805 -5.42699 44.0614
      vertex -4.01366 -4.35999 44.0614
      vertex -3.62077 -3.93321 42.2761
    endloop
  endfacet
  facet normal 0.714861 -0.386866 0.582502
    outer loop
      vertex 5.05638 -1.73586 47.7239
      vertex 3.34804 -2.60588 49.2426
      vertex 4.21878 -3.2836 47.7239
    endloop
  endfacet
  facet normal 0.714861 -0.386862 0.582504
    outer loop
      vertex 4.01276 -1.37758 49.2426
      vertex 3.34804 -2.60588 49.2426
      vertex 5.05638 -1.73586 47.7239
    endloop
  endfacet
  facet normal 0.0489737 -0.591041 0.805154
    outer loop
      vertex 0.668688 -2.64059 50.346
      vertex -0.350354 -4.22815 49.2426
      vertex 1.04151 -4.11282 49.2426
    endloop
  endfacet
  facet normal 0.0786406 -0.949035 0.305203
    outer loop
      vertex 1.31237 -5.18245 47.7239
      vertex -0.441472 -5.32778 47.7239
      vertex 1.45478 -5.74479 45.9386
    endloop
  endfacet
  facet normal -0.246549 0.192516 -0.949816
    outer loop
      vertex -1.13286 1.00363 39.2664
      vertex -1.84488 2.00407 39.654
      vertex -1.02133 1.10946 39.2589
    endloop
  endfacet
  facet normal -0.248337 0.191169 -0.949623
    outer loop
      vertex -1.84488 2.00407 39.654
      vertex -1.13286 1.00363 39.2664
      vertex -1.16252 0.961623 39.2657
    endloop
  endfacet
  facet normal -0.0763801 0.303348 -0.949814
    outer loop
      vertex -0.182637 1.50416 39.264
      vertex -0.224941 2.71464 39.654
      vertex -0.124858 1.50681 39.2602
    endloop
  endfacet
  facet normal -0.0769041 0.303319 -0.949781
    outer loop
      vertex -0.399455 1.45044 39.2644
      vertex -0.224941 2.71464 39.654
      vertex -0.182637 1.50416 39.264
    endloop
  endfacet
  facet normal -0.0752169 0.304298 -0.949603
    outer loop
      vertex -1.0942 2.49451 39.654
      vertex -0.399455 1.45044 39.2644
      vertex -0.41143 1.44748 39.2644
    endloop
  endfacet
  facet normal -0.0768095 0.303309 -0.949792
    outer loop
      vertex -0.399455 1.45044 39.2644
      vertex -1.0942 2.49451 39.654
      vertex -0.224941 2.71464 39.654
    endloop
  endfacet
  facet normal -0.246903 -0.192171 -0.949794
    outer loop
      vertex -2.39564 -1.29645 39.654
      vertex -1.16252 -0.961623 39.2657
      vertex -1.84488 -2.00407 39.654
    endloop
  endfacet
  facet normal -0.246857 -0.192321 -0.949776
    outer loop
      vertex -1.16252 -0.961623 39.2657
      vertex -2.39564 -1.29645 39.654
      vertex -1.2146 -0.887861 39.2643
    endloop
  endfacet
  facet normal -0.246793 -0.192488 -0.949759
    outer loop
      vertex -1.2146 -0.887861 39.2643
      vertex -2.39564 -1.29645 39.654
      vertex -1.33239 -0.721051 39.2611
    endloop
  endfacet
  facet normal -0.444579 0.680472 -0.582501
    outer loop
      vertex -2.87346 3.12141 40.7574
      vertex -3.62077 3.93321 42.2761
      vertex -1.70425 3.8853 40.7574
    endloop
  endfacet
  facet normal -0.468015 0.364269 -0.805152
    outer loop
      vertex -2.39564 1.29645 39.654
      vertex -3.73129 2.01927 40.7574
      vertex -1.84488 2.00407 39.654
    endloop
  endfacet
  facet normal -0.246857 0.192321 -0.949776
    outer loop
      vertex -2.39564 1.29645 39.654
      vertex -1.16252 0.961623 39.2657
      vertex -1.2146 0.887861 39.2643
    endloop
  endfacet
  facet normal -0.246793 0.192488 -0.949759
    outer loop
      vertex -2.39564 1.29645 39.654
      vertex -1.2146 0.887861 39.2643
      vertex -1.33239 0.721051 39.2611
    endloop
  endfacet
  facet normal -0.246903 0.192171 -0.949794
    outer loop
      vertex -1.16252 0.961623 39.2657
      vertex -2.39564 1.29645 39.654
      vertex -1.84488 2.00407 39.654
    endloop
  endfacet
  facet normal -0.468015 0.36427 -0.805152
    outer loop
      vertex -1.84488 2.00407 39.654
      vertex -3.73129 2.01927 40.7574
      vertex -2.87346 3.12141 40.7574
    endloop
  endfacet
  facet normal -0.768788 0.263929 -0.5825
    outer loop
      vertex -4.18478 0.698316 40.7574
      vertex -5.27313 0.879929 42.2761
      vertex -3.73129 2.01927 40.7574
    endloop
  endfacet
  facet normal -0.768788 0.263928 -0.582501
    outer loop
      vertex -3.73129 2.01927 40.7574
      vertex -5.27313 0.879929 42.2761
      vertex -4.7017 2.54443 42.2761
    endloop
  endfacet
  facet normal 0.275215 -0.148939 -0.949776
    outer loop
      vertex 1.33964 -0.703095 39.2672
      vertex 2.57635 -0.884462 39.654
      vertex 2.14957 -1.67308 39.654
    endloop
  endfacet
  facet normal 0.275512 -0.147279 -0.949948
    outer loop
      vertex 2.57635 -0.884462 39.654
      vertex 1.33964 -0.703095 39.2672
      vertex 1.3496 -0.678658 39.2663
    endloop
  endfacet
  facet normal 0.275047 -0.149089 -0.949801
    outer loop
      vertex 2.14957 -1.67308 39.654
      vertex 1.21681 -0.888926 39.2608
      vertex 1.33964 -0.703095 39.2672
    endloop
  endfacet
  facet normal 0.274762 -0.149441 -0.949828
    outer loop
      vertex 1.21681 -0.888926 39.2608
      vertex 2.14957 -1.67308 39.654
      vertex 1.19143 -0.927327 39.2595
    endloop
  endfacet
  facet normal 0.238235 -0.543113 -0.805154
    outer loop
      vertex 1.04151 -4.11282 40.7574
      vertex 0.668688 -2.64059 39.654
      vertex 1.48985 -2.28039 39.654
    endloop
  endfacet
  facet normal 0.801742 -0.133789 -0.582503
    outer loop
      vertex 5.05638 -1.73586 42.2761
      vertex 4.01276 -1.37758 40.7574
      vertex 4.24264 0 40.7574
    endloop
  endfacet
  facet normal 0.714861 -0.386862 -0.582504
    outer loop
      vertex 5.05638 -1.73586 42.2761
      vertex 3.34804 -2.60588 40.7574
      vertex 4.01276 -1.37758 40.7574
    endloop
  endfacet
  facet normal 0.837511 -0.453241 -0.305202
    outer loop
      vertex 4.67655 -3.6399 44.0614
      vertex 4.21878 -3.2836 42.2761
      vertex 5.05638 -1.73586 42.2761
    endloop
  endfacet
  facet normal 0.644969 -0.700618 -0.305202
    outer loop
      vertex 4.67655 -3.6399 44.0614
      vertex 3.24129 -4.96116 44.0614
      vertex 4.21878 -3.2836 42.2761
    endloop
  endfacet
  facet normal 0.550516 -0.598018 -0.5825
    outer loop
      vertex 2.92401 -4.47552 42.2761
      vertex 2.3205 -3.5518 40.7574
      vertex 3.34804 -2.60588 40.7574
    endloop
  endfacet
  facet normal 0.32651 -0.744369 -0.582499
    outer loop
      vertex 2.92401 -4.47552 42.2761
      vertex 1.31237 -5.18245 42.2761
      vertex 2.3205 -3.5518 40.7574
    endloop
  endfacet
  facet normal 0.801742 0.133789 -0.582503
    outer loop
      vertex 4.24264 0 40.7574
      vertex 4.01276 1.37758 40.7574
      vertex 5.05638 1.73586 42.2761
    endloop
  endfacet
  facet normal 0.584979 0.0976167 -0.805153
    outer loop
      vertex 4.24264 0 40.7574
      vertex 2.57635 0.884462 39.654
      vertex 4.01276 1.37758 40.7574
    endloop
  endfacet
  facet normal -0.900689 -0.30921 -0.305202
    outer loop
      vertex -5.21187 -2.82053 44.0614
      vertex -5.27313 -0.879929 42.2761
      vertex -4.7017 -2.54443 42.2761
    endloop
  endfacet
  facet normal -0.945817 -0.324699 0
    outer loop
      vertex -5.21187 -2.82053 44.0614
      vertex -5.8453 -0.975409 45.9386
      vertex -5.8453 -0.975409 44.0614
    endloop
  endfacet
  facet normal -0.945817 -0.324699 0
    outer loop
      vertex -5.8453 -0.975409 45.9386
      vertex -5.21187 -2.82053 44.0614
      vertex -5.21187 -2.82053 45.9386
    endloop
  endfacet
  facet normal -0.900691 -0.309207 -0.305199
    outer loop
      vertex -5.21187 -2.82053 44.0614
      vertex -5.8453 -0.975409 44.0614
      vertex -5.27313 -0.879929 42.2761
    endloop
  endfacet
  facet normal -0.952289 0 -0.305199
    outer loop
      vertex -5.27313 -0.879929 42.2761
      vertex -5.8453 0.975409 44.0614
      vertex -5.27313 0.879929 42.2761
    endloop
  endfacet
  facet normal -0.952289 -0 -0.305199
    outer loop
      vertex -5.8453 0.975409 44.0614
      vertex -5.27313 -0.879929 42.2761
      vertex -5.8453 -0.975409 44.0614
    endloop
  endfacet
  facet normal 0.238235 -0.543113 0.805154
    outer loop
      vertex 1.48985 -2.28039 50.346
      vertex 0.668688 -2.64059 50.346
      vertex 1.04151 -4.11282 49.2426
    endloop
  endfacet
  facet normal -0.444579 -0.680472 0.582501
    outer loop
      vertex -2.87346 -3.12141 49.2426
      vertex -3.62077 -3.93321 47.7239
      vertex -1.70425 -3.8853 49.2426
    endloop
  endfacet
  facet normal -0.768788 0.263929 0.5825
    outer loop
      vertex -3.73129 2.01927 49.2426
      vertex -5.27313 0.879929 47.7239
      vertex -4.18478 0.698316 49.2426
    endloop
  endfacet
  facet normal -0.246904 0.192174 0.949793
    outer loop
      vertex -0.6357 0.690555 50.9261
      vertex -1.84488 2.00407 50.346
      vertex -0.82548 0.446727 50.9261
    endloop
  endfacet
  facet normal -0.641437 0.499251 0.582501
    outer loop
      vertex -3.62077 3.93321 47.7239
      vertex -3.73129 2.01927 49.2426
      vertex -2.87346 3.12141 49.2426
    endloop
  endfacet
  facet normal -0.295926 0.10159 0.949793
    outer loop
      vertex -2.39564 1.29645 50.346
      vertex -2.68679 0.448346 50.346
      vertex -0.925805 0.15449 50.9261
    endloop
  endfacet
  facet normal -0.324375 0.496496 0.805154
    outer loop
      vertex -1.70425 3.8853 49.2426
      vertex -1.84488 2.00407 50.346
      vertex -1.0942 2.49451 50.346
    endloop
  endfacet
  facet normal -0.145591 0.574917 0.805154
    outer loop
      vertex -0.224941 2.71464 50.346
      vertex -1.70425 3.8853 49.2426
      vertex -1.0942 2.49451 50.346
    endloop
  endfacet
  facet normal 0.0671213 0.810056 0.582498
    outer loop
      vertex 1.31237 5.18245 47.7239
      vertex -0.350354 4.22815 49.2426
      vertex 1.04151 4.11282 49.2426
    endloop
  endfacet
  facet normal 0.0489737 0.591041 0.805154
    outer loop
      vertex 1.04151 4.11282 49.2426
      vertex -0.350354 4.22815 49.2426
      vertex 0.668688 2.64059 50.346
    endloop
  endfacet
  facet normal -0.199538 -0.787958 0.582501
    outer loop
      vertex -0.350354 -4.22815 49.2426
      vertex -2.14748 -4.89576 47.7239
      vertex -0.441472 -5.32778 47.7239
    endloop
  endfacet
  facet normal -0.233773 -0.923148 0.305202
    outer loop
      vertex -2.14748 -4.89576 47.7239
      vertex -2.3805 -5.42699 45.9386
      vertex -0.441472 -5.32778 47.7239
    endloop
  endfacet
  facet normal 0.0671213 -0.810056 0.582498
    outer loop
      vertex 1.04151 -4.11282 49.2426
      vertex -0.350354 -4.22815 49.2426
      vertex 1.31237 -5.18245 47.7239
    endloop
  endfacet
  facet normal 0.326512 -0.74437 0.582498
    outer loop
      vertex 2.3205 -3.5518 49.2426
      vertex 1.04151 -4.11282 49.2426
      vertex 1.31237 -5.18245 47.7239
    endloop
  endfacet
  facet normal -0.520853 -0.797223 -0.305202
    outer loop
      vertex -2.3805 -5.42699 44.0614
      vertex -3.62077 -3.93321 42.2761
      vertex -2.14748 -4.89576 42.2761
    endloop
  endfacet
  facet normal -0.444577 -0.680475 -0.5825
    outer loop
      vertex -2.14748 -4.89576 42.2761
      vertex -3.62077 -3.93321 42.2761
      vertex -1.70425 -3.8853 40.7574
    endloop
  endfacet
  facet normal 0.125682 -0.286527 0.949793
    outer loop
      vertex 0.513369 -0.785769 50.9261
      vertex 0.230413 -0.909885 50.9261
      vertex 1.48985 -2.28039 50.346
    endloop
  endfacet
  facet normal -0.0768084 -0.303304 0.949793
    outer loop
      vertex -0.0775089 -0.935401 50.9261
      vertex -1.0942 -2.49451 50.346
      vertex -0.224941 -2.71464 50.346
    endloop
  endfacet
  facet normal 0.521586 -0.282269 0.805153
    outer loop
      vertex 2.57635 -0.884462 50.346
      vertex 2.14957 -1.67308 50.346
      vertex 3.34804 -2.60588 49.2426
    endloop
  endfacet
  facet normal 0.275169 -0.148914 0.949793
    outer loop
      vertex 2.57635 -0.884462 50.346
      vertex 0.740692 -0.576504 50.9261
      vertex 2.14957 -1.67308 50.346
    endloop
  endfacet
  facet normal 0.211907 -0.230193 0.949793
    outer loop
      vertex 0.740692 -0.576504 50.9261
      vertex 0.513369 -0.785769 50.9261
      vertex 1.48985 -2.28039 50.346
    endloop
  endfacet
  facet normal 0.382527 -0.872079 0.305206
    outer loop
      vertex 2.92401 -4.47552 47.7239
      vertex 1.45478 -5.74479 45.9386
      vertex 3.24129 -4.96116 45.9386
    endloop
  endfacet
  facet normal -0.297434 -0.099616 -0.949531
    outer loop
      vertex -2.39564 -1.29645 39.654
      vertex -1.42056 -0.495172 39.2645
      vertex -1.40793 -0.52907 39.2641
    endloop
  endfacet
  facet normal -0.29592 -0.101588 -0.949796
    outer loop
      vertex -2.68679 -0.448346 39.654
      vertex -1.42056 -0.495172 39.2645
      vertex -2.39564 -1.29645 39.654
    endloop
  endfacet
  facet normal -0.29592 -0.101644 -0.949789
    outer loop
      vertex -1.42056 -0.495172 39.2645
      vertex -2.68679 -0.448346 39.654
      vertex -1.47004 -0.362332 39.2657
    endloop
  endfacet
  facet normal -0.295901 -0.101844 -0.949774
    outer loop
      vertex -1.47004 -0.362332 39.2657
      vertex -2.68679 -0.448346 39.654
      vertex -1.4884 -0.248371 39.2592
    endloop
  endfacet
  facet normal 0.0256774 0.311878 -0.949775
    outer loop
      vertex 0.182385 1.50208 39.267
      vertex 0.668688 2.64059 39.654
      vertex 0.37014 1.46165 39.2588
    endloop
  endfacet
  facet normal 0.0290793 0.31054 -0.950115
    outer loop
      vertex 0.668688 2.64059 39.654
      vertex 0.182385 1.50208 39.267
      vertex 0.170554 1.50227 39.2667
    endloop
  endfacet
  facet normal 0.12608 0.286197 -0.949839
    outer loop
      vertex 0.536616 1.41494 39.2667
      vertex 1.48985 2.28039 39.654
      vertex 0.644255 1.36022 39.2645
    endloop
  endfacet
  facet normal 0.125707 0.286579 -0.949774
    outer loop
      vertex 1.48985 2.28039 39.654
      vertex 0.536616 1.41494 39.2667
      vertex 0.668688 2.64059 39.654
    endloop
  endfacet
  facet normal 0.125522 0.286604 -0.949791
    outer loop
      vertex 0.399708 1.45336 39.2602
      vertex 0.668688 2.64059 39.654
      vertex 0.536616 1.41494 39.2667
    endloop
  endfacet
  facet normal 0.12534 0.286649 -0.949801
    outer loop
      vertex 0.668688 2.64059 39.654
      vertex 0.399708 1.45336 39.2602
      vertex 0.37014 1.46165 39.2588
    endloop
  endfacet
  facet normal -0.295681 -0.102022 -0.949823
    outer loop
      vertex -1.34254 -0.704619 39.2626
      vertex -2.39564 -1.29645 39.654
      vertex -1.40793 -0.52907 39.2641
    endloop
  endfacet
  facet normal -0.298129 -0.0974748 -0.949536
    outer loop
      vertex -2.39564 -1.29645 39.654
      vertex -1.34254 -0.704619 39.2626
      vertex -1.33239 -0.721051 39.2611
    endloop
  endfacet
  facet normal 0.521586 -0.282269 -0.805153
    outer loop
      vertex 3.34804 -2.60588 40.7574
      vertex 2.14957 -1.67308 39.654
      vertex 2.57635 -0.884462 39.654
    endloop
  endfacet
  facet normal 0.308337 -0.0521624 -0.949846
    outer loop
      vertex 2.57635 -0.884462 39.654
      vertex 1.46975 -0.36226 39.2661
      vertex 1.4789 -0.291785 39.2652
    endloop
  endfacet
  facet normal 0.308664 -0.0514217 -0.94978
    outer loop
      vertex 1.46975 -0.36226 39.2661
      vertex 2.57635 -0.884462 39.654
      vertex 1.42666 -0.489772 39.259
    endloop
  endfacet
  facet normal 0.125707 -0.286579 -0.949774
    outer loop
      vertex 0.536616 -1.41494 39.2667
      vertex 1.48985 -2.28039 39.654
      vertex 0.668688 -2.64059 39.654
    endloop
  endfacet
  facet normal 0.12608 -0.286197 -0.949839
    outer loop
      vertex 1.48985 -2.28039 39.654
      vertex 0.536616 -1.41494 39.2667
      vertex 0.644255 -1.36022 39.2645
    endloop
  endfacet
  facet normal 0.125522 -0.286604 -0.949791
    outer loop
      vertex 0.668688 -2.64059 39.654
      vertex 0.399708 -1.45336 39.2602
      vertex 0.536616 -1.41494 39.2667
    endloop
  endfacet
  facet normal 0.12534 -0.286649 -0.949801
    outer loop
      vertex 0.399708 -1.45336 39.2602
      vertex 0.668688 -2.64059 39.654
      vertex 0.37014 -1.46165 39.2588
    endloop
  endfacet
  facet normal 0.238233 -0.543113 -0.805154
    outer loop
      vertex 2.3205 -3.5518 40.7574
      vertex 1.04151 -4.11282 40.7574
      vertex 1.48985 -2.28039 39.654
    endloop
  endfacet
  facet normal 0.326512 -0.74437 -0.582498
    outer loop
      vertex 1.31237 -5.18245 42.2761
      vertex 1.04151 -4.11282 40.7574
      vertex 2.3205 -3.5518 40.7574
    endloop
  endfacet
  facet normal -0.32438 -0.496496 0.805152
    outer loop
      vertex -1.84488 -2.00407 50.346
      vertex -2.87346 -3.12141 49.2426
      vertex -1.70425 -3.8853 49.2426
    endloop
  endfacet
  facet normal -0.324375 -0.496496 0.805154
    outer loop
      vertex -1.0942 -2.49451 50.346
      vertex -1.84488 -2.00407 50.346
      vertex -1.70425 -3.8853 49.2426
    endloop
  endfacet
  facet normal -0.295926 0.101591 0.949793
    outer loop
      vertex -0.82548 0.446727 50.9261
      vertex -2.39564 1.29645 50.346
      vertex -0.925805 0.15449 50.9261
    endloop
  endfacet
  facet normal -0.246905 0.192173 0.949793
    outer loop
      vertex -1.84488 2.00407 50.346
      vertex -2.39564 1.29645 50.346
      vertex -0.82548 0.446727 50.9261
    endloop
  endfacet
  facet normal -0.171128 0.261931 0.949793
    outer loop
      vertex -0.377033 0.85955 50.9261
      vertex -1.84488 2.00407 50.346
      vertex -0.6357 0.690555 50.9261
    endloop
  endfacet
  facet normal -0.560936 0.192566 0.805152
    outer loop
      vertex -2.39564 1.29645 50.346
      vertex -3.73129 2.01927 49.2426
      vertex -2.68679 0.448346 50.346
    endloop
  endfacet
  facet normal -0.468015 0.364269 0.805152
    outer loop
      vertex -1.84488 2.00407 50.346
      vertex -3.73129 2.01927 49.2426
      vertex -2.39564 1.29645 50.346
    endloop
  endfacet
  facet normal -0.199537 0.787959 0.582499
    outer loop
      vertex -0.350354 4.22815 49.2426
      vertex -2.14748 4.89576 47.7239
      vertex -1.70425 3.8853 49.2426
    endloop
  endfacet
  facet normal -0.145588 0.57492 0.805153
    outer loop
      vertex -0.350354 4.22815 49.2426
      vertex -1.70425 3.8853 49.2426
      vertex -0.224941 2.71464 50.346
    endloop
  endfacet
  facet normal 0.0258379 -0.31181 0.949793
    outer loop
      vertex -0.0775089 -0.935401 50.9261
      vertex -0.224941 -2.71464 50.346
      vertex 0.668688 -2.64059 50.346
    endloop
  endfacet
  facet normal 0.0489763 -0.591042 0.805153
    outer loop
      vertex -0.224941 -2.71464 50.346
      vertex -0.350354 -4.22815 49.2426
      vertex 0.668688 -2.64059 50.346
    endloop
  endfacet
  facet normal -0.0766891 0.303401 -0.949772
    outer loop
      vertex -0.537144 1.41633 39.2646
      vertex -1.0942 2.49451 39.654
      vertex -0.41143 1.44748 39.2644
    endloop
  endfacet
  facet normal -0.0772138 0.303144 -0.949811
    outer loop
      vertex -1.0942 2.49451 39.654
      vertex -0.537144 1.41633 39.2646
      vertex -0.606873 1.38353 39.2598
    endloop
  endfacet
  facet normal 0.214178 0.229109 -0.949546
    outer loop
      vertex 0.966961 1.15284 39.264
      vertex 1.48985 2.28039 39.654
      vertex 0.98645 1.13545 39.2642
    endloop
  endfacet
  facet normal 0.211791 0.230301 -0.949793
    outer loop
      vertex 0.861008 1.24739 39.2633
      vertex 1.48985 2.28039 39.654
      vertex 0.966961 1.15284 39.264
    endloop
  endfacet
  facet normal 0.212293 0.229982 -0.949758
    outer loop
      vertex 1.48985 2.28039 39.654
      vertex 0.861008 1.24739 39.2633
      vertex 0.827739 1.26695 39.2606
    endloop
  endfacet
  facet normal -0.248337 -0.191169 -0.949623
    outer loop
      vertex -1.13286 -1.00363 39.2664
      vertex -1.84488 -2.00407 39.654
      vertex -1.16252 -0.961623 39.2657
    endloop
  endfacet
  facet normal -0.246549 -0.192516 -0.949816
    outer loop
      vertex -1.84488 -2.00407 39.654
      vertex -1.13286 -1.00363 39.2664
      vertex -1.02133 -1.10946 39.2589
    endloop
  endfacet
  facet normal -0.312906 7.24525e-05 -0.949784
    outer loop
      vertex -1.49898 -0.141161 39.2627
      vertex -2.68679 -0.448346 39.654
      vertex -1.51291 0 39.2673
    endloop
  endfacet
  facet normal -0.312919 0.000126407 -0.94978
    outer loop
      vertex -2.68679 -0.448346 39.654
      vertex -1.49898 -0.141161 39.2627
      vertex -1.4884 -0.248371 39.2592
    endloop
  endfacet
  facet normal -0.312881 -0 -0.949792
    outer loop
      vertex -2.68679 0.448346 39.654
      vertex -1.51291 0 39.2673
      vertex -2.68679 -0.448346 39.654
    endloop
  endfacet
  facet normal -0.312906 -7.24525e-05 -0.949784
    outer loop
      vertex -1.51291 0 39.2673
      vertex -2.68679 0.448346 39.654
      vertex -1.49898 0.141161 39.2627
    endloop
  endfacet
  facet normal -0.312919 -0.000126407 -0.94978
    outer loop
      vertex -1.49898 0.141161 39.2627
      vertex -2.68679 0.448346 39.654
      vertex -1.4884 0.248371 39.2592
    endloop
  endfacet
  facet normal 0.0489737 -0.591041 -0.805154
    outer loop
      vertex 1.04151 -4.11282 40.7574
      vertex -0.350354 -4.22815 40.7574
      vertex 0.668688 -2.64059 39.654
    endloop
  endfacet
  facet normal -0.145591 -0.574917 -0.805154
    outer loop
      vertex -0.224941 -2.71464 39.654
      vertex -1.70425 -3.8853 40.7574
      vertex -1.0942 -2.49451 39.654
    endloop
  endfacet
  facet normal -0.0763801 -0.303348 -0.949814
    outer loop
      vertex -0.224941 -2.71464 39.654
      vertex -0.182637 -1.50416 39.264
      vertex -0.124858 -1.50681 39.2602
    endloop
  endfacet
  facet normal -0.0769041 -0.303319 -0.949781
    outer loop
      vertex -0.224941 -2.71464 39.654
      vertex -0.399455 -1.45044 39.2644
      vertex -0.182637 -1.50416 39.264
    endloop
  endfacet
  facet normal -0.0768095 -0.303309 -0.949792
    outer loop
      vertex -1.0942 -2.49451 39.654
      vertex -0.399455 -1.45044 39.2644
      vertex -0.224941 -2.71464 39.654
    endloop
  endfacet
  facet normal -0.0752169 -0.304298 -0.949603
    outer loop
      vertex -0.399455 -1.45044 39.2644
      vertex -1.0942 -2.49451 39.654
      vertex -0.41143 -1.44748 39.2644
    endloop
  endfacet
  facet normal -0.246905 -0.192173 0.949793
    outer loop
      vertex -0.82548 -0.446727 50.9261
      vertex -2.39564 -1.29645 50.346
      vertex -1.84488 -2.00407 50.346
    endloop
  endfacet
  facet normal -0.468015 -0.364269 0.805152
    outer loop
      vertex -2.39564 -1.29645 50.346
      vertex -3.73129 -2.01927 49.2426
      vertex -1.84488 -2.00407 50.346
    endloop
  endfacet
  facet normal 0.0258382 -0.31181 0.949793
    outer loop
      vertex 0.230413 -0.909885 50.9261
      vertex -0.0775089 -0.935401 50.9261
      vertex 0.668688 -2.64059 50.346
    endloop
  endfacet
  facet normal 0.125683 -0.286525 0.949793
    outer loop
      vertex 1.48985 -2.28039 50.346
      vertex 0.230413 -0.909885 50.9261
      vertex 0.668688 -2.64059 50.346
    endloop
  endfacet
  facet normal -0.171429 0.261648 -0.949817
    outer loop
      vertex -0.968289 1.15394 39.2616
      vertex -1.84488 2.00407 39.654
      vertex -0.865321 1.24028 39.2668
    endloop
  endfacet
  facet normal -0.171232 0.261843 -0.949799
    outer loop
      vertex -1.84488 2.00407 39.654
      vertex -0.968289 1.15394 39.2616
      vertex -1.02133 1.10946 39.2589
    endloop
  endfacet
  facet normal 0.275512 0.147279 -0.949948
    outer loop
      vertex 1.33964 0.703095 39.2672
      vertex 2.57635 0.884462 39.654
      vertex 1.3496 0.678658 39.2663
    endloop
  endfacet
  facet normal 0.275215 0.148939 -0.949776
    outer loop
      vertex 2.57635 0.884462 39.654
      vertex 1.33964 0.703095 39.2672
      vertex 2.14957 1.67308 39.654
    endloop
  endfacet
  facet normal 0.275047 0.149089 -0.949801
    outer loop
      vertex 1.21681 0.888926 39.2608
      vertex 2.14957 1.67308 39.654
      vertex 1.33964 0.703095 39.2672
    endloop
  endfacet
  facet normal 0.274762 0.149441 -0.949828
    outer loop
      vertex 2.14957 1.67308 39.654
      vertex 1.21681 0.888926 39.2608
      vertex 1.19143 0.927327 39.2595
    endloop
  endfacet
  facet normal -0.171232 -0.261843 -0.949799
    outer loop
      vertex -0.968289 -1.15394 39.2616
      vertex -1.84488 -2.00407 39.654
      vertex -1.02133 -1.10946 39.2589
    endloop
  endfacet
  facet normal -0.171429 -0.261648 -0.949817
    outer loop
      vertex -1.84488 -2.00407 39.654
      vertex -0.968289 -1.15394 39.2616
      vertex -0.865321 -1.24028 39.2668
    endloop
  endfacet
  facet normal -0.297434 0.099616 -0.949531
    outer loop
      vertex -1.42056 0.495172 39.2645
      vertex -2.39564 1.29645 39.654
      vertex -1.40793 0.52907 39.2641
    endloop
  endfacet
  facet normal -0.29592 0.101644 -0.949789
    outer loop
      vertex -2.68679 0.448346 39.654
      vertex -1.42056 0.495172 39.2645
      vertex -1.47004 0.362332 39.2657
    endloop
  endfacet
  facet normal -0.295901 0.101844 -0.949774
    outer loop
      vertex -2.68679 0.448346 39.654
      vertex -1.47004 0.362332 39.2657
      vertex -1.4884 0.248371 39.2592
    endloop
  endfacet
  facet normal -0.29592 0.101588 -0.949796
    outer loop
      vertex -1.42056 0.495172 39.2645
      vertex -2.68679 0.448346 39.654
      vertex -2.39564 1.29645 39.654
    endloop
  endfacet
  facet normal -0.298129 0.0974748 -0.949536
    outer loop
      vertex -1.34254 0.704619 39.2626
      vertex -2.39564 1.29645 39.654
      vertex -1.33239 0.721051 39.2611
    endloop
  endfacet
  facet normal -0.295681 0.102022 -0.949823
    outer loop
      vertex -2.39564 1.29645 39.654
      vertex -1.34254 0.704619 39.2626
      vertex -1.40793 0.52907 39.2641
    endloop
  endfacet
  facet normal 0.274242 -0.151551 -0.949644
    outer loop
      vertex 2.57635 -0.884462 39.654
      vertex 1.42372 -0.496972 39.2593
      vertex 1.42666 -0.489772 39.259
    endloop
  endfacet
  facet normal 0.275197 -0.148862 -0.949793
    outer loop
      vertex 1.42372 -0.496972 39.2593
      vertex 2.57635 -0.884462 39.654
      vertex 1.3496 -0.678658 39.2663
    endloop
  endfacet
  facet normal 0.211905 -0.230192 -0.949793
    outer loop
      vertex 0.98645 -1.13545 39.2642
      vertex 2.14957 -1.67308 39.654
      vertex 1.48985 -2.28039 39.654
    endloop
  endfacet
  facet normal 0.212011 -0.230051 -0.949804
    outer loop
      vertex 2.14957 -1.67308 39.654
      vertex 1.13353 -1.00422 39.2652
      vertex 1.19143 -0.927327 39.2595
    endloop
  endfacet
  facet normal 0.211883 -0.230237 -0.949788
    outer loop
      vertex 2.14957 -1.67308 39.654
      vertex 0.98645 -1.13545 39.2642
      vertex 1.13353 -1.00422 39.2652
    endloop
  endfacet
  facet normal 0.401672 -0.436336 -0.805153
    outer loop
      vertex 3.34804 -2.60588 40.7574
      vertex 1.48985 -2.28039 39.654
      vertex 2.14957 -1.67308 39.654
    endloop
  endfacet
  facet normal 0.0489763 -0.591042 -0.805153
    outer loop
      vertex 0.668688 -2.64059 39.654
      vertex -0.350354 -4.22815 40.7574
      vertex -0.224941 -2.71464 39.654
    endloop
  endfacet
  facet normal -0.145588 -0.57492 -0.805153
    outer loop
      vertex -0.350354 -4.22815 40.7574
      vertex -1.70425 -3.8853 40.7574
      vertex -0.224941 -2.71464 39.654
    endloop
  endfacet
  facet normal 0.125242 0.286853 -0.949752
    outer loop
      vertex 0.735372 1.3139 39.2626
      vertex 1.48985 2.28039 39.654
      vertex 0.827739 1.26695 39.2606
    endloop
  endfacet
  facet normal 0.125805 0.286434 -0.949804
    outer loop
      vertex 1.48985 2.28039 39.654
      vertex 0.735372 1.3139 39.2626
      vertex 0.644255 1.36022 39.2645
    endloop
  endfacet
  facet normal 0.274242 0.151551 -0.949644
    outer loop
      vertex 1.42372 0.496972 39.2593
      vertex 2.57635 0.884462 39.654
      vertex 1.42666 0.489772 39.259
    endloop
  endfacet
  facet normal 0.275197 0.148862 -0.949793
    outer loop
      vertex 2.57635 0.884462 39.654
      vertex 1.42372 0.496972 39.2593
      vertex 1.3496 0.678658 39.2663
    endloop
  endfacet
  facet normal 0.308337 0.0521624 -0.949846
    outer loop
      vertex 1.46975 0.36226 39.2661
      vertex 2.57635 0.884462 39.654
      vertex 1.4789 0.291785 39.2652
    endloop
  endfacet
  facet normal 0.308664 0.0514217 -0.94978
    outer loop
      vertex 2.57635 0.884462 39.654
      vertex 1.46975 0.36226 39.2661
      vertex 1.42666 0.489772 39.259
    endloop
  endfacet
  facet normal 0.214178 -0.229109 -0.949546
    outer loop
      vertex 1.48985 -2.28039 39.654
      vertex 0.966961 -1.15284 39.264
      vertex 0.98645 -1.13545 39.2642
    endloop
  endfacet
  facet normal 0.211791 -0.230301 -0.949793
    outer loop
      vertex 1.48985 -2.28039 39.654
      vertex 0.861008 -1.24739 39.2633
      vertex 0.966961 -1.15284 39.264
    endloop
  endfacet
  facet normal 0.212293 -0.229982 -0.949758
    outer loop
      vertex 0.861008 -1.24739 39.2633
      vertex 1.48985 -2.28039 39.654
      vertex 0.827739 -1.26695 39.2606
    endloop
  endfacet
  facet normal 0.125242 -0.286853 -0.949752
    outer loop
      vertex 1.48985 -2.28039 39.654
      vertex 0.735372 -1.3139 39.2626
      vertex 0.827739 -1.26695 39.2606
    endloop
  endfacet
  facet normal 0.125805 -0.286434 -0.949804
    outer loop
      vertex 0.735372 -1.3139 39.2626
      vertex 1.48985 -2.28039 39.654
      vertex 0.644255 -1.36022 39.2645
    endloop
  endfacet
  facet normal 0 0 1
    outer loop
      vertex -11.3166 -12.874 5.3
      vertex -10.8562 -12.0168 5.3
      vertex -11.2983 -12.4752 5.3
    endloop
  endfacet
  facet normal -0 0 1
    outer loop
      vertex -11.5207 -12.0168 5.3
      vertex -11.2983 -12.4752 5.3
      vertex -10.8562 -12.0168 5.3
    endloop
  endfacet
  facet normal 0 0 1
    outer loop
      vertex -11.5207 -12.0168 5.3
      vertex -11.4245 -12.9079 5.3
      vertex -11.2983 -12.4752 5.3
    endloop
  endfacet
  facet normal 0 0 1
    outer loop
      vertex -11.5207 -12.0168 5.3
      vertex -11.537 -13.2348 5.3
      vertex -11.4245 -12.9079 5.3
    endloop
  endfacet
  facet normal 0 0 1
    outer loop
      vertex -12.5189 -14.6669 5.3
      vertex -11.537 -13.2348 5.3
      vertex -11.5207 -12.0168 5.3
    endloop
  endfacet
  facet normal -0 0 1
    outer loop
      vertex -12.5189 -14.6669 5.3
      vertex -12.5244 -15.8387 5.3
      vertex -11.537 -13.2348 5.3
    endloop
  endfacet
  facet normal -0 0 1
    outer loop
      vertex -12.5546 -14.7649 5.3
      vertex -12.5244 -15.8387 5.3
      vertex -12.5189 -14.6669 5.3
    endloop
  endfacet
  facet normal -0 0 1
    outer loop
      vertex -12.6125 -14.945 5.3
      vertex -12.5244 -15.8387 5.3
      vertex -12.5546 -14.7649 5.3
    endloop
  endfacet
  facet normal -0 0 1
    outer loop
      vertex -12.6698 -15.1379 5.3
      vertex -12.5244 -15.8387 5.3
      vertex -12.6125 -14.945 5.3
    endloop
  endfacet
  facet normal -0 0 1
    outer loop
      vertex -12.7034 -15.2745 5.3
      vertex -12.5244 -15.8387 5.3
      vertex -12.6698 -15.1379 5.3
    endloop
  endfacet
  facet normal 0 0 1
    outer loop
      vertex -12.8879 -15.8387 5.3
      vertex -12.7282 -15.1678 5.3
      vertex -12.7699 -15.0101 5.3
    endloop
  endfacet
  facet normal 0 0 1
    outer loop
      vertex -12.8879 -15.8387 5.3
      vertex -12.7699 -15.0101 5.3
      vertex -12.8211 -14.8327 5.3
    endloop
  endfacet
  facet normal 0 0 1
    outer loop
      vertex -12.8879 -15.8387 5.3
      vertex -12.8211 -14.8327 5.3
      vertex -12.8743 -14.6669 5.3
    endloop
  endfacet
  facet normal 0 0 1
    outer loop
      vertex -12.7034 -15.2745 5.3
      vertex -12.8879 -15.8387 5.3
      vertex -12.5244 -15.8387 5.3
    endloop
  endfacet
  facet normal 0 0 1
    outer loop
      vertex -12.7282 -15.1678 5.3
      vertex -12.8879 -15.8387 5.3
      vertex -12.7034 -15.2745 5.3
    endloop
  endfacet
  facet normal 0 0 1
    outer loop
      vertex -12.8743 -14.6669 5.3
      vertex -13.8888 -13.2348 5.3
      vertex -12.8879 -15.8387 5.3
    endloop
  endfacet
  facet normal 0 0 1
    outer loop
      vertex -13.8915 -12.0168 5.3
      vertex -13.8888 -13.2348 5.3
      vertex -12.8743 -14.6669 5.3
    endloop
  endfacet
  facet normal 0 0 1
    outer loop
      vertex -13.8915 -12.0168 5.3
      vertex -14.0407 -12.7736 5.3
      vertex -13.8888 -13.2348 5.3
    endloop
  endfacet
  facet normal 0 0 1
    outer loop
      vertex -13.8915 -12.0168 5.3
      vertex -14.1302 -12.4752 5.3
      vertex -14.0407 -12.7736 5.3
    endloop
  endfacet
  facet normal 0 -0 1
    outer loop
      vertex -14.1302 -12.4752 5.3
      vertex -13.8915 -12.0168 5.3
      vertex -14.5723 -12.0168 5.3
    endloop
  endfacet
  facet normal 0 0 1
    outer loop
      vertex -11.3227 -13.289 5.3
      vertex -10.8562 -12.0168 5.3
      vertex -11.3166 -12.874 5.3
    endloop
  endfacet
  facet normal 0 0 1
    outer loop
      vertex -10.8562 -12.0168 5.3
      vertex -11.3227 -13.289 5.3
      vertex -10.8562 -15.8387 5.3
    endloop
  endfacet
  facet normal 0 0 1
    outer loop
      vertex -10.8562 -15.8387 5.3
      vertex -11.3227 -13.289 5.3
      vertex -11.3227 -15.8387 5.3
    endloop
  endfacet
  facet normal 0 0 1
    outer loop
      vertex -14.5723 -12.0168 5.3
      vertex -14.1112 -13.289 5.3
      vertex -14.1221 -12.7764 5.3
    endloop
  endfacet
  facet normal 0 0 1
    outer loop
      vertex -14.5723 -12.0168 5.3
      vertex -14.1221 -12.7764 5.3
      vertex -14.1302 -12.4752 5.3
    endloop
  endfacet
  facet normal 0 0 1
    outer loop
      vertex -14.1112 -13.289 5.3
      vertex -14.5723 -12.0168 5.3
      vertex -14.5723 -15.8387 5.3
    endloop
  endfacet
  facet normal 0 0 1
    outer loop
      vertex -14.1112 -13.289 5.3
      vertex -14.5723 -15.8387 5.3
      vertex -14.1112 -15.8387 5.3
    endloop
  endfacet
  facet normal -0 0 1
    outer loop
      vertex -8.38477 -13.5813 5.3
      vertex -7.85313 -13.8369 5.3
      vertex -7.92299 -13.4135 5.3
    endloop
  endfacet
  facet normal -0 0 1
    outer loop
      vertex -7.50388 -15.5329 5.3
      vertex -7.41914 -15.8225 5.3
      vertex -7.41914 -15.5187 5.3
    endloop
  endfacet
  facet normal -0 0 1
    outer loop
      vertex -7.57915 -15.5377 5.3
      vertex -7.41914 -15.8225 5.3
      vertex -7.50388 -15.5329 5.3
    endloop
  endfacet
  facet normal 0 0 1
    outer loop
      vertex -7.57915 -15.5377 5.3
      vertex -7.60561 -15.855 5.3
      vertex -7.41914 -15.8225 5.3
    endloop
  endfacet
  facet normal 0 0 1
    outer loop
      vertex -7.71342 -15.5102 5.3
      vertex -7.60561 -15.855 5.3
      vertex -7.57915 -15.5377 5.3
    endloop
  endfacet
  facet normal 0 0 1
    outer loop
      vertex -7.71342 -15.5102 5.3
      vertex -7.79614 -15.8659 5.3
      vertex -7.60561 -15.855 5.3
    endloop
  endfacet
  facet normal 0 0 1
    outer loop
      vertex -8.03046 -15.8303 5.3
      vertex -7.71342 -15.5102 5.3
      vertex -7.79617 -15.4278 5.3
    endloop
  endfacet
  facet normal 0 0 1
    outer loop
      vertex -8.28748 -15.5407 5.3
      vertex -7.79617 -15.4278 5.3
      vertex -7.8389 -15.2912 5.3
    endloop
  endfacet
  facet normal -0 0 1
    outer loop
      vertex -8.33054 -15.2773 5.3
      vertex -7.8389 -15.2912 5.3
      vertex -7.85313 -15.1009 5.3
    endloop
  endfacet
  facet normal 0 0 1
    outer loop
      vertex -7.71342 -15.5102 5.3
      vertex -8.03046 -15.8303 5.3
      vertex -7.79614 -15.8659 5.3
    endloop
  endfacet
  facet normal 0 0 1
    outer loop
      vertex -7.85313 -13.8369 5.3
      vertex -8.34679 -14.3903 5.3
      vertex -7.85313 -15.1009 5.3
    endloop
  endfacet
  facet normal 0 0 1
    outer loop
      vertex -8.38477 -13.5813 5.3
      vertex -7.92299 -13.4135 5.3
      vertex -8.13254 -13.1032 5.3
    endloop
  endfacet
  facet normal 0 0 1
    outer loop
      vertex -7.85313 -15.1009 5.3
      vertex -8.34679 -14.3903 5.3
      vertex -8.34679 -14.6317 5.3
    endloop
  endfacet
  facet normal 0 0 1
    outer loop
      vertex -7.8389 -15.2912 5.3
      vertex -8.33054 -15.2773 5.3
      vertex -8.28748 -15.5407 5.3
    endloop
  endfacet
  facet normal 0 0 1
    outer loop
      vertex -7.79617 -15.4278 5.3
      vertex -8.28748 -15.5407 5.3
      vertex -8.19086 -15.7235 5.3
    endloop
  endfacet
  facet normal 0 0 1
    outer loop
      vertex -7.85313 -13.8369 5.3
      vertex -8.34679 -13.8885 5.3
      vertex -8.34679 -14.0485 5.3
    endloop
  endfacet
  facet normal 0 0 1
    outer loop
      vertex -7.85313 -13.8369 5.3
      vertex -8.38477 -13.5813 5.3
      vertex -8.34679 -13.8885 5.3
    endloop
  endfacet
  facet normal 0 0 1
    outer loop
      vertex -8.4987 -13.3758 5.3
      vertex -8.13254 -13.1032 5.3
      vertex -8.48039 -12.913 5.3
    endloop
  endfacet
  facet normal 0 0 1
    outer loop
      vertex -8.13254 -13.1032 5.3
      vertex -8.4987 -13.3758 5.3
      vertex -8.38477 -13.5813 5.3
    endloop
  endfacet
  facet normal 0 0 1
    outer loop
      vertex -8.48039 -12.913 5.3
      vertex -8.69398 -13.2599 5.3
      vertex -8.4987 -13.3758 5.3
    endloop
  endfacet
  facet normal 0 0 1
    outer loop
      vertex -8.96526 -12.8496 5.3
      vertex -8.69398 -13.2599 5.3
      vertex -8.48039 -12.913 5.3
    endloop
  endfacet
  facet normal 0 0 1
    outer loop
      vertex -8.96526 -12.8496 5.3
      vertex -8.9761 -13.2212 5.3
      vertex -8.69398 -13.2599 5.3
    endloop
  endfacet
  facet normal 0 0 1
    outer loop
      vertex -8.96526 -12.8496 5.3
      vertex -9.25954 -13.249 5.3
      vertex -8.9761 -13.2212 5.3
    endloop
  endfacet
  facet normal -0 0 1
    outer loop
      vertex -9.78577 -13.0476 5.3
      vertex -9.25954 -13.249 5.3
      vertex -8.96526 -12.8496 5.3
    endloop
  endfacet
  facet normal 0 0 1
    outer loop
      vertex -9.25954 -13.249 5.3
      vertex -9.78577 -13.0476 5.3
      vertex -9.45349 -13.3324 5.3
    endloop
  endfacet
  facet normal 0 0 1
    outer loop
      vertex -9.78577 -13.0476 5.3
      vertex -9.57285 -13.4769 5.3
      vertex -9.45349 -13.3324 5.3
    endloop
  endfacet
  facet normal 0 0 1
    outer loop
      vertex -10.1424 -13.6416 5.3
      vertex -9.57285 -13.4769 5.3
      vertex -9.78577 -13.0476 5.3
    endloop
  endfacet
  facet normal 0 0 1
    outer loop
      vertex -9.57285 -13.4769 5.3
      vertex -10.1424 -13.6416 5.3
      vertex -9.63252 -13.6878 5.3
    endloop
  endfacet
  facet normal 0 0 1
    outer loop
      vertex -8.34679 -14.0485 5.3
      vertex -8.88113 -14.4011 5.3
      vertex -8.34679 -14.3903 5.3
    endloop
  endfacet
  facet normal -0 0 1
    outer loop
      vertex -9.00592 -14.0593 5.3
      vertex -8.88113 -14.4011 5.3
      vertex -8.34679 -14.0485 5.3
    endloop
  endfacet
  facet normal 0 0 1
    outer loop
      vertex -9.00592 -14.0593 5.3
      vertex -9.18393 -14.4215 5.3
      vertex -8.88113 -14.4011 5.3
    endloop
  endfacet
  facet normal -0 0 1
    outer loop
      vertex -9.58131 -14.1326 5.3
      vertex -9.18393 -14.4215 5.3
      vertex -9.00592 -14.0593 5.3
    endloop
  endfacet
  facet normal 0 0 1
    outer loop
      vertex -9.18393 -14.4215 5.3
      vertex -9.58131 -14.1326 5.3
      vertex -9.40332 -14.4717 5.3
    endloop
  endfacet
  facet normal 0 0 1
    outer loop
      vertex -9.40332 -14.4717 5.3
      vertex -9.58131 -14.1326 5.3
      vertex -9.56029 -14.5544 5.3
    endloop
  endfacet
  facet normal -0 0 1
    outer loop
      vertex -9.97293 -14.3197 5.3
      vertex -9.56029 -14.5544 5.3
      vertex -9.58131 -14.1326 5.3
    endloop
  endfacet
  facet normal 0 0 1
    outer loop
      vertex -9.56029 -14.5544 5.3
      vertex -9.97293 -14.3197 5.3
      vertex -9.67592 -14.6724 5.3
    endloop
  endfacet
  facet normal -0 0 1
    outer loop
      vertex -10.1977 -14.6168 5.3
      vertex -9.67592 -14.6724 5.3
      vertex -9.97293 -14.3197 5.3
    endloop
  endfacet
  facet normal 0 0 1
    outer loop
      vertex -9.67592 -14.6724 5.3
      vertex -10.1977 -14.6168 5.3
      vertex -9.74712 -14.829 5.3
    endloop
  endfacet
  facet normal 0 0 1
    outer loop
      vertex -10.2726 -15.0196 5.3
      vertex -9.74712 -14.829 5.3
      vertex -10.1977 -14.6168 5.3
    endloop
  endfacet
  facet normal 0 -0 1
    outer loop
      vertex -10.217 -15.383 5.3
      vertex -9.77084 -15.0277 5.3
      vertex -10.2726 -15.0196 5.3
    endloop
  endfacet
  facet normal 0 0 1
    outer loop
      vertex -9.74712 -14.829 5.3
      vertex -10.2726 -15.0196 5.3
      vertex -9.77084 -15.0277 5.3
    endloop
  endfacet
  facet normal 0 -0 1
    outer loop
      vertex -10.0502 -15.6597 5.3
      vertex -9.77084 -15.0277 5.3
      vertex -10.217 -15.383 5.3
    endloop
  endfacet
  facet normal 0 0 1
    outer loop
      vertex -9.77084 -15.0277 5.3
      vertex -10.0502 -15.6597 5.3
      vertex -9.77289 -15.8347 5.3
    endloop
  endfacet
  facet normal 0 0 1
    outer loop
      vertex -7.85313 -13.8369 5.3
      vertex -8.34679 -14.0485 5.3
      vertex -8.34679 -14.3903 5.3
    endloop
  endfacet
  facet normal -0 0 1
    outer loop
      vertex -8.37695 -14.8538 5.3
      vertex -7.85313 -15.1009 5.3
      vertex -8.34679 -14.6317 5.3
    endloop
  endfacet
  facet normal 0 0 1
    outer loop
      vertex -7.79617 -15.4278 5.3
      vertex -8.19086 -15.7235 5.3
      vertex -8.03046 -15.8303 5.3
    endloop
  endfacet
  facet normal 0 0 1
    outer loop
      vertex -7.85313 -15.1009 5.3
      vertex -8.37695 -14.8538 5.3
      vertex -8.33054 -15.2773 5.3
    endloop
  endfacet
  facet normal -0 0 1
    outer loop
      vertex -8.4675 -15.0697 5.3
      vertex -8.33054 -15.2773 5.3
      vertex -8.37695 -14.8538 5.3
    endloop
  endfacet
  facet normal 0 0 1
    outer loop
      vertex -8.33054 -15.2773 5.3
      vertex -8.4675 -15.0697 5.3
      vertex -8.34679 -15.2773 5.3
    endloop
  endfacet
  facet normal -0 0 1
    outer loop
      vertex -8.61026 -15.2599 5.3
      vertex -8.34679 -15.2773 5.3
      vertex -8.4675 -15.0697 5.3
    endloop
  endfacet
  facet normal 0 0 1
    outer loop
      vertex -8.34679 -15.2773 5.3
      vertex -8.61026 -15.2599 5.3
      vertex -8.54919 -15.5645 5.3
    endloop
  endfacet
  facet normal -0 0 1
    outer loop
      vertex -8.7971 -15.4047 5.3
      vertex -8.54919 -15.5645 5.3
      vertex -8.61026 -15.2599 5.3
    endloop
  endfacet
  facet normal 0 0 1
    outer loop
      vertex -8.54919 -15.5645 5.3
      vertex -8.7971 -15.4047 5.3
      vertex -8.78214 -15.7533 5.3
    endloop
  endfacet
  facet normal -0 0 1
    outer loop
      vertex -9.02084 -15.4963 5.3
      vertex -8.78214 -15.7533 5.3
      vertex -8.7971 -15.4047 5.3
    endloop
  endfacet
  facet normal 0 0 1
    outer loop
      vertex -9.02084 -15.4963 5.3
      vertex -9.05711 -15.8581 5.3
      vertex -8.78214 -15.7533 5.3
    endloop
  endfacet
  facet normal -0 0 1
    outer loop
      vertex -9.27444 -15.5268 5.3
      vertex -9.05711 -15.8581 5.3
      vertex -9.02084 -15.4963 5.3
    endloop
  endfacet
  facet normal 0 0 1
    outer loop
      vertex -9.27444 -15.5268 5.3
      vertex -9.38568 -15.893 5.3
      vertex -9.05711 -15.8581 5.3
    endloop
  endfacet
  facet normal 0 0 1
    outer loop
      vertex -9.48569 -15.4943 5.3
      vertex -9.38568 -15.893 5.3
      vertex -9.27444 -15.5268 5.3
    endloop
  endfacet
  facet normal 0 0 1
    outer loop
      vertex -9.77289 -15.8347 5.3
      vertex -9.48569 -15.4943 5.3
      vertex -9.642 -15.3966 5.3
    endloop
  endfacet
  facet normal 0 0 1
    outer loop
      vertex -9.77289 -15.8347 5.3
      vertex -9.642 -15.3966 5.3
      vertex -9.73863 -15.2393 5.3
    endloop
  endfacet
  facet normal 0 0 1
    outer loop
      vertex -9.48569 -15.4943 5.3
      vertex -9.77289 -15.8347 5.3
      vertex -9.38568 -15.893 5.3
    endloop
  endfacet
  facet normal 0 0 1
    outer loop
      vertex -9.77289 -15.8347 5.3
      vertex -9.73863 -15.2393 5.3
      vertex -9.77084 -15.0277 5.3
    endloop
  endfacet
  facet normal 0 0 1
    outer loop
      vertex -6.63963 -13.5033 5.3
      vertex -7.11026 -13.2619 5.3
      vertex -7.1062 -13.5874 5.3
    endloop
  endfacet
  facet normal 0 -0 1
    outer loop
      vertex -7.11026 -13.2619 5.3
      vertex -6.66132 -12.9038 5.3
      vertex -7.12244 -12.9038 5.3
    endloop
  endfacet
  facet normal 0 0 1
    outer loop
      vertex -5.84758 -13.3039 5.3
      vertex -5.73364 -12.8767 5.3
      vertex -5.83334 -12.8564 5.3
    endloop
  endfacet
  facet normal 0 0 1
    outer loop
      vertex -5.73364 -12.8767 5.3
      vertex -5.84758 -13.3039 5.3
      vertex -5.73364 -13.3243 5.3
    endloop
  endfacet
  facet normal 0 0 1
    outer loop
      vertex -5.93167 -12.8496 5.3
      vertex -5.84758 -13.3039 5.3
      vertex -5.83334 -12.8564 5.3
    endloop
  endfacet
  facet normal 0 0 1
    outer loop
      vertex -5.93167 -12.8496 5.3
      vertex -5.99403 -13.2972 5.3
      vertex -5.84758 -13.3039 5.3
    endloop
  endfacet
  facet normal -0 0 1
    outer loop
      vertex -6.17717 -12.8842 5.3
      vertex -5.99403 -13.2972 5.3
      vertex -5.93167 -12.8496 5.3
    endloop
  endfacet
  facet normal -0 0 1
    outer loop
      vertex -6.36028 -12.9879 5.3
      vertex -5.99403 -13.2972 5.3
      vertex -6.17717 -12.8842 5.3
    endloop
  endfacet
  facet normal 0 0 1
    outer loop
      vertex -5.99403 -13.2972 5.3
      vertex -6.36028 -12.9879 5.3
      vertex -6.2619 -13.3626 5.3
    endloop
  endfacet
  facet normal -0 0 1
    outer loop
      vertex -6.50334 -13.1859 5.3
      vertex -6.2619 -13.3626 5.3
      vertex -6.36028 -12.9879 5.3
    endloop
  endfacet
  facet normal 0 0 1
    outer loop
      vertex -6.2619 -13.3626 5.3
      vertex -6.50334 -13.1859 5.3
      vertex -6.45787 -13.5589 5.3
    endloop
  endfacet
  facet normal -0 0 1
    outer loop
      vertex -6.6288 -13.5033 5.3
      vertex -6.45787 -13.5589 5.3
      vertex -6.50334 -13.1859 5.3
    endloop
  endfacet
  facet normal 0 0 1
    outer loop
      vertex -6.45787 -13.5589 5.3
      vertex -6.6288 -13.5033 5.3
      vertex -6.57791 -13.8773 5.3
    endloop
  endfacet
  facet normal -0 0 1
    outer loop
      vertex -6.63963 -13.5033 5.3
      vertex -6.57791 -13.8773 5.3
      vertex -6.6288 -13.5033 5.3
    endloop
  endfacet
  facet normal -0 0 1
    outer loop
      vertex -7.1062 -13.5874 5.3
      vertex -6.57791 -13.8773 5.3
      vertex -6.63963 -13.5033 5.3
    endloop
  endfacet
  facet normal 0 0 1
    outer loop
      vertex -6.57791 -13.8773 5.3
      vertex -7.1062 -13.5874 5.3
      vertex -6.61792 -14.3089 5.3
    endloop
  endfacet
  facet normal 0 0 1
    outer loop
      vertex -7.11026 -13.2619 5.3
      vertex -6.63963 -13.5033 5.3
      vertex -6.64505 -13.3032 5.3
    endloop
  endfacet
  facet normal -0 0 1
    outer loop
      vertex -7.11026 -13.2619 5.3
      vertex -6.64505 -13.3032 5.3
      vertex -6.66132 -12.9038 5.3
    endloop
  endfacet
  facet normal 0 0 1
    outer loop
      vertex -7.1062 -15.8387 5.3
      vertex -6.61792 -14.3089 5.3
      vertex -7.1062 -13.5874 5.3
    endloop
  endfacet
  facet normal 0 0 1
    outer loop
      vertex -6.61792 -14.3089 5.3
      vertex -7.1062 -15.8387 5.3
      vertex -6.61792 -15.8387 5.3
    endloop
  endfacet
  facet normal 0 0 1
    outer loop
      vertex -3.63876 -13.5446 5.3
      vertex -3.20103 -13.3602 5.3
      vertex -3.44279 -13.0829 5.3
    endloop
  endfacet
  facet normal 0 -0 1
    outer loop
      vertex -3.57164 -13.7637 5.3
      vertex -3.20103 -13.3602 5.3
      vertex -3.63876 -13.5446 5.3
    endloop
  endfacet
  facet normal 0 0 1
    outer loop
      vertex -3.20103 -13.3602 5.3
      vertex -3.57164 -13.7637 5.3
      vertex -3.06984 -13.7257 5.3
    endloop
  endfacet
  facet normal 0 0 1
    outer loop
      vertex -3.44279 -13.0829 5.3
      vertex -3.76424 -13.3758 5.3
      vertex -3.63876 -13.5446 5.3
    endloop
  endfacet
  facet normal 0 0 1
    outer loop
      vertex -3.77812 -12.9079 5.3
      vertex -3.76424 -13.3758 5.3
      vertex -3.44279 -13.0829 5.3
    endloop
  endfacet
  facet normal 0 0 1
    outer loop
      vertex -3.77812 -12.9079 5.3
      vertex -3.95139 -13.268 5.3
      vertex -3.76424 -13.3758 5.3
    endloop
  endfacet
  facet normal 0 0 1
    outer loop
      vertex -4.19008 -12.8496 5.3
      vertex -3.95139 -13.268 5.3
      vertex -3.77812 -12.9079 5.3
    endloop
  endfacet
  facet normal 0 0 1
    outer loop
      vertex -4.19008 -12.8496 5.3
      vertex -4.20363 -13.232 5.3
      vertex -3.95139 -13.268 5.3
    endloop
  endfacet
  facet normal 0 0 1
    outer loop
      vertex -4.19008 -12.8496 5.3
      vertex -4.53798 -13.2965 5.3
      vertex -4.20363 -13.232 5.3
    endloop
  endfacet
  facet normal -0 0 1
    outer loop
      vertex -4.72716 -12.9469 5.3
      vertex -4.53798 -13.2965 5.3
      vertex -4.19008 -12.8496 5.3
    endloop
  endfacet
  facet normal 0 0 1
    outer loop
      vertex -4.72716 -12.9469 5.3
      vertex -4.76515 -13.4898 5.3
      vertex -4.53798 -13.2965 5.3
    endloop
  endfacet
  facet normal -0 0 1
    outer loop
      vertex -5.1232 -13.2388 5.3
      vertex -4.76515 -13.4898 5.3
      vertex -4.72716 -12.9469 5.3
    endloop
  endfacet
  facet normal 0 0 1
    outer loop
      vertex -4.76515 -13.4898 5.3
      vertex -5.36731 -13.7159 5.3
      vertex -4.89536 -13.8356 5.3
    endloop
  endfacet
  facet normal 0 0 1
    outer loop
      vertex -5.36731 -13.7159 5.3
      vertex -4.76515 -13.4898 5.3
      vertex -5.1232 -13.2388 5.3
    endloop
  endfacet
  facet normal 0 0 1
    outer loop
      vertex -3.54724 -14.9328 5.3
      vertex -3.17223 -15.3457 5.3
      vertex -3.05356 -14.9653 5.3
    endloop
  endfacet
  facet normal 0 0 1
    outer loop
      vertex -3.17223 -15.3457 5.3
      vertex -3.54724 -14.9328 5.3
      vertex -3.62149 -15.1877 5.3
    endloop
  endfacet
  facet normal 0 0 1
    outer loop
      vertex -3.17223 -15.3457 5.3
      vertex -3.62149 -15.1877 5.3
      vertex -3.41432 -15.6407 5.3
    endloop
  endfacet
  facet normal -0 0 1
    outer loop
      vertex -3.76288 -15.3668 5.3
      vertex -3.41432 -15.6407 5.3
      vertex -3.62149 -15.1877 5.3
    endloop
  endfacet
  facet normal 0 0 1
    outer loop
      vertex -3.41432 -15.6407 5.3
      vertex -3.76288 -15.3668 5.3
      vertex -3.7588 -15.8299 5.3
    endloop
  endfacet
  facet normal -0 0 1
    outer loop
      vertex -3.9592 -15.4726 5.3
      vertex -3.7588 -15.8299 5.3
      vertex -3.76288 -15.3668 5.3
    endloop
  endfacet
  facet normal 0 0 1
    outer loop
      vertex -3.9592 -15.4726 5.3
      vertex -4.18468 -15.893 5.3
      vertex -3.7588 -15.8299 5.3
    endloop
  endfacet
  facet normal -0 0 1
    outer loop
      vertex -4.19824 -15.5078 5.3
      vertex -4.18468 -15.893 5.3
      vertex -3.9592 -15.4726 5.3
    endloop
  endfacet
  facet normal 0 0 1
    outer loop
      vertex -4.52306 -15.4373 5.3
      vertex -4.18468 -15.893 5.3
      vertex -4.19824 -15.5078 5.3
    endloop
  endfacet
  facet normal 0 0 1
    outer loop
      vertex -4.52306 -15.4373 5.3
      vertex -4.72751 -15.7957 5.3
      vertex -4.18468 -15.893 5.3
    endloop
  endfacet
  facet normal 0 0 1
    outer loop
      vertex -4.75432 -15.2257 5.3
      vertex -4.72751 -15.7957 5.3
      vertex -4.52306 -15.4373 5.3
    endloop
  endfacet
  facet normal -0 0 1
    outer loop
      vertex -5.36765 -15.0253 5.3
      vertex -4.75432 -15.2257 5.3
      vertex -4.89264 -14.8677 5.3
    endloop
  endfacet
  facet normal 0 0 1
    outer loop
      vertex -5.44867 -14.3686 5.3
      vertex -4.89536 -13.8356 5.3
      vertex -5.36731 -13.7159 5.3
    endloop
  endfacet
  facet normal 0 0 1
    outer loop
      vertex -4.75432 -15.2257 5.3
      vertex -5.12456 -15.5037 5.3
      vertex -4.72751 -15.7957 5.3
    endloop
  endfacet
  facet normal 0 0 1
    outer loop
      vertex -4.89536 -13.8356 5.3
      vertex -5.44867 -14.3686 5.3
      vertex -4.93875 -14.3577 5.3
    endloop
  endfacet
  facet normal 0 0 1
    outer loop
      vertex -4.93875 -14.3577 5.3
      vertex -5.44867 -14.3686 5.3
      vertex -4.89264 -14.8677 5.3
    endloop
  endfacet
  facet normal 0 -0 1
    outer loop
      vertex -5.36765 -15.0253 5.3
      vertex -4.89264 -14.8677 5.3
      vertex -5.44867 -14.3686 5.3
    endloop
  endfacet
  facet normal 0 0 1
    outer loop
      vertex -4.75432 -15.2257 5.3
      vertex -5.36765 -15.0253 5.3
      vertex -5.12456 -15.5037 5.3
    endloop
  endfacet
  facet normal 0.999774 0.0212593 0
    outer loop
      vertex -14.1112 -13.289 5.3
      vertex -14.1221 -12.7764 5
      vertex -14.1221 -12.7764 5.3
    endloop
  endfacet
  facet normal 0.999774 0.0212593 0
    outer loop
      vertex -14.1221 -12.7764 5
      vertex -14.1112 -13.289 5.3
      vertex -14.1112 -13.289 5
    endloop
  endfacet
  facet normal 0.999639 0.0268827 0
    outer loop
      vertex -14.1221 -12.7764 5.3
      vertex -14.1302 -12.4752 5
      vertex -14.1302 -12.4752 5.3
    endloop
  endfacet
  facet normal 0.999639 0.0268827 0
    outer loop
      vertex -14.1302 -12.4752 5
      vertex -14.1221 -12.7764 5.3
      vertex -14.1221 -12.7764 5
    endloop
  endfacet
  facet normal -0.957844 -0.287289 0
    outer loop
      vertex -14.0407 -12.7736 5
      vertex -14.1302 -12.4752 5.3
      vertex -14.1302 -12.4752 5
    endloop
  endfacet
  facet normal -0.957844 -0.287289 0
    outer loop
      vertex -14.1302 -12.4752 5.3
      vertex -14.0407 -12.7736 5
      vertex -14.0407 -12.7736 5.3
    endloop
  endfacet
  facet normal -0.94981 -0.312828 0
    outer loop
      vertex -13.8888 -13.2348 5
      vertex -14.0407 -12.7736 5.3
      vertex -14.0407 -12.7736 5
    endloop
  endfacet
  facet normal -0.94981 -0.312828 0
    outer loop
      vertex -14.0407 -12.7736 5.3
      vertex -13.8888 -13.2348 5
      vertex -13.8888 -13.2348 5.3
    endloop
  endfacet
  facet normal -0.933418 -0.358792 0
    outer loop
      vertex -12.8879 -15.8387 5
      vertex -13.8888 -13.2348 5.3
      vertex -13.8888 -13.2348 5
    endloop
  endfacet
  facet normal -0.933418 -0.358792 0
    outer loop
      vertex -13.8888 -13.2348 5.3
      vertex -12.8879 -15.8387 5
      vertex -12.8879 -15.8387 5.3
    endloop
  endfacet
  facet normal 0 -1 0
    outer loop
      vertex -12.8879 -15.8387 5
      vertex -12.5244 -15.8387 5.3
      vertex -12.8879 -15.8387 5.3
    endloop
  endfacet
  facet normal 0 -1 -0
    outer loop
      vertex -12.5244 -15.8387 5.3
      vertex -12.8879 -15.8387 5
      vertex -12.5244 -15.8387 5
    endloop
  endfacet
  facet normal 0.935032 -0.354564 0
    outer loop
      vertex -12.5244 -15.8387 5.3
      vertex -11.537 -13.2348 5
      vertex -11.537 -13.2348 5.3
    endloop
  endfacet
  facet normal 0.935032 -0.354564 0
    outer loop
      vertex -11.537 -13.2348 5
      vertex -12.5244 -15.8387 5.3
      vertex -12.5244 -15.8387 5
    endloop
  endfacet
  facet normal 0.945573 -0.325411 0
    outer loop
      vertex -11.537 -13.2348 5.3
      vertex -11.4245 -12.9079 5
      vertex -11.4245 -12.9079 5.3
    endloop
  endfacet
  facet normal 0.945573 -0.325411 0
    outer loop
      vertex -11.4245 -12.9079 5
      vertex -11.537 -13.2348 5.3
      vertex -11.537 -13.2348 5
    endloop
  endfacet
  facet normal 0.960002 -0.279991 0
    outer loop
      vertex -11.4245 -12.9079 5.3
      vertex -11.2983 -12.4752 5
      vertex -11.2983 -12.4752 5.3
    endloop
  endfacet
  facet normal 0.960002 -0.279991 0
    outer loop
      vertex -11.2983 -12.4752 5
      vertex -11.4245 -12.9079 5.3
      vertex -11.4245 -12.9079 5
    endloop
  endfacet
  facet normal -0.998949 0.0458394 0
    outer loop
      vertex -11.3166 -12.874 5
      vertex -11.2983 -12.4752 5.3
      vertex -11.2983 -12.4752 5
    endloop
  endfacet
  facet normal -0.998949 0.0458394 0
    outer loop
      vertex -11.2983 -12.4752 5.3
      vertex -11.3166 -12.874 5
      vertex -11.3166 -12.874 5.3
    endloop
  endfacet
  facet normal -0.999892 0.0146972 0
    outer loop
      vertex -11.3227 -13.289 5
      vertex -11.3166 -12.874 5.3
      vertex -11.3166 -12.874 5
    endloop
  endfacet
  facet normal -0.999892 0.0146972 0
    outer loop
      vertex -11.3166 -12.874 5.3
      vertex -11.3227 -13.289 5
      vertex -11.3227 -13.289 5.3
    endloop
  endfacet
  facet normal -1 0 0
    outer loop
      vertex -11.3227 -15.8387 5
      vertex -11.3227 -13.289 5.3
      vertex -11.3227 -13.289 5
    endloop
  endfacet
  facet normal -1 -0 0
    outer loop
      vertex -11.3227 -13.289 5.3
      vertex -11.3227 -15.8387 5
      vertex -11.3227 -15.8387 5.3
    endloop
  endfacet
  facet normal 0 -1 0
    outer loop
      vertex -11.3227 -15.8387 5
      vertex -10.8562 -15.8387 5.3
      vertex -11.3227 -15.8387 5.3
    endloop
  endfacet
  facet normal 0 -1 -0
    outer loop
      vertex -10.8562 -15.8387 5.3
      vertex -11.3227 -15.8387 5
      vertex -10.8562 -15.8387 5
    endloop
  endfacet
  facet normal 1 -0 0
    outer loop
      vertex -10.8562 -15.8387 5.3
      vertex -10.8562 -12.0168 5
      vertex -10.8562 -12.0168 5.3
    endloop
  endfacet
  facet normal 1 0 0
    outer loop
      vertex -10.8562 -12.0168 5
      vertex -10.8562 -15.8387 5.3
      vertex -10.8562 -15.8387 5
    endloop
  endfacet
  facet normal 0 1 -0
    outer loop
      vertex -10.8562 -12.0168 5
      vertex -11.5207 -12.0168 5.3
      vertex -10.8562 -12.0168 5.3
    endloop
  endfacet
  facet normal 0 1 0
    outer loop
      vertex -11.5207 -12.0168 5.3
      vertex -10.8562 -12.0168 5
      vertex -11.5207 -12.0168 5
    endloop
  endfacet
  facet normal -0.935816 0.352489 0
    outer loop
      vertex -12.5189 -14.6669 5
      vertex -11.5207 -12.0168 5.3
      vertex -11.5207 -12.0168 5
    endloop
  endfacet
  facet normal -0.935816 0.352489 0
    outer loop
      vertex -11.5207 -12.0168 5.3
      vertex -12.5189 -14.6669 5
      vertex -12.5189 -14.6669 5.3
    endloop
  endfacet
  facet normal -0.939597 0.342282 0
    outer loop
      vertex -12.5546 -14.7649 5
      vertex -12.5189 -14.6669 5.3
      vertex -12.5189 -14.6669 5
    endloop
  endfacet
  facet normal -0.939597 0.342282 0
    outer loop
      vertex -12.5189 -14.6669 5.3
      vertex -12.5546 -14.7649 5
      vertex -12.5546 -14.7649 5.3
    endloop
  endfacet
  facet normal -0.952012 0.306061 0
    outer loop
      vertex -12.6125 -14.945 5
      vertex -12.5546 -14.7649 5.3
      vertex -12.5546 -14.7649 5
    endloop
  endfacet
  facet normal -0.952012 0.306061 0
    outer loop
      vertex -12.5546 -14.7649 5.3
      vertex -12.6125 -14.945 5
      vertex -12.6125 -14.945 5.3
    endloop
  endfacet
  facet normal -0.958602 0.284748 0
    outer loop
      vertex -12.6698 -15.1379 5
      vertex -12.6125 -14.945 5.3
      vertex -12.6125 -14.945 5
    endloop
  endfacet
  facet normal -0.958602 0.284748 0
    outer loop
      vertex -12.6125 -14.945 5.3
      vertex -12.6698 -15.1379 5
      vertex -12.6698 -15.1379 5.3
    endloop
  endfacet
  facet normal -0.971055 0.238854 0
    outer loop
      vertex -12.7034 -15.2745 5
      vertex -12.6698 -15.1379 5.3
      vertex -12.6698 -15.1379 5
    endloop
  endfacet
  facet normal -0.971055 0.238854 0
    outer loop
      vertex -12.6698 -15.1379 5.3
      vertex -12.7034 -15.2745 5
      vertex -12.7034 -15.2745 5.3
    endloop
  endfacet
  facet normal 0.974036 0.226393 0
    outer loop
      vertex -12.7034 -15.2745 5.3
      vertex -12.7282 -15.1678 5
      vertex -12.7282 -15.1678 5.3
    endloop
  endfacet
  facet normal 0.974036 0.226393 0
    outer loop
      vertex -12.7282 -15.1678 5
      vertex -12.7034 -15.2745 5.3
      vertex -12.7034 -15.2745 5
    endloop
  endfacet
  facet normal 0.966772 0.25564 0
    outer loop
      vertex -12.7282 -15.1678 5.3
      vertex -12.7699 -15.0101 5
      vertex -12.7699 -15.0101 5.3
    endloop
  endfacet
  facet normal 0.966772 0.25564 0
    outer loop
      vertex -12.7699 -15.0101 5
      vertex -12.7282 -15.1678 5.3
      vertex -12.7282 -15.1678 5
    endloop
  endfacet
  facet normal 0.960785 0.277295 0
    outer loop
      vertex -12.7699 -15.0101 5.3
      vertex -12.8211 -14.8327 5
      vertex -12.8211 -14.8327 5.3
    endloop
  endfacet
  facet normal 0.960785 0.277295 0
    outer loop
      vertex -12.8211 -14.8327 5
      vertex -12.7699 -15.0101 5.3
      vertex -12.7699 -15.0101 5
    endloop
  endfacet
  facet normal 0.952184 0.305526 0
    outer loop
      vertex -12.8211 -14.8327 5.3
      vertex -12.8743 -14.6669 5
      vertex -12.8743 -14.6669 5.3
    endloop
  endfacet
  facet normal 0.952184 0.305526 0
    outer loop
      vertex -12.8743 -14.6669 5
      vertex -12.8211 -14.8327 5.3
      vertex -12.8211 -14.8327 5
    endloop
  endfacet
  facet normal 0.93359 0.358344 0
    outer loop
      vertex -12.8743 -14.6669 5.3
      vertex -13.8915 -12.0168 5
      vertex -13.8915 -12.0168 5.3
    endloop
  endfacet
  facet normal 0.93359 0.358344 0
    outer loop
      vertex -13.8915 -12.0168 5
      vertex -12.8743 -14.6669 5.3
      vertex -12.8743 -14.6669 5
    endloop
  endfacet
  facet normal 0 1 -0
    outer loop
      vertex -13.8915 -12.0168 5
      vertex -14.5723 -12.0168 5.3
      vertex -13.8915 -12.0168 5.3
    endloop
  endfacet
  facet normal 0 1 0
    outer loop
      vertex -14.5723 -12.0168 5.3
      vertex -13.8915 -12.0168 5
      vertex -14.5723 -12.0168 5
    endloop
  endfacet
  facet normal -1 0 0
    outer loop
      vertex -14.5723 -15.8387 5
      vertex -14.5723 -12.0168 5.3
      vertex -14.5723 -12.0168 5
    endloop
  endfacet
  facet normal -1 -0 0
    outer loop
      vertex -14.5723 -12.0168 5.3
      vertex -14.5723 -15.8387 5
      vertex -14.5723 -15.8387 5.3
    endloop
  endfacet
  facet normal 0 -1 0
    outer loop
      vertex -14.5723 -15.8387 5
      vertex -14.1112 -15.8387 5.3
      vertex -14.5723 -15.8387 5.3
    endloop
  endfacet
  facet normal 0 -1 -0
    outer loop
      vertex -14.1112 -15.8387 5.3
      vertex -14.5723 -15.8387 5
      vertex -14.1112 -15.8387 5
    endloop
  endfacet
  facet normal 1 -0 0
    outer loop
      vertex -14.1112 -15.8387 5.3
      vertex -14.1112 -13.289 5
      vertex -14.1112 -13.289 5.3
    endloop
  endfacet
  facet normal 1 0 0
    outer loop
      vertex -14.1112 -13.289 5
      vertex -14.1112 -15.8387 5.3
      vertex -14.1112 -15.8387 5
    endloop
  endfacet
  facet normal 0.356142 -0.934432 0
    outer loop
      vertex -9.05711 -15.8581 5
      vertex -8.78214 -15.7533 5.3
      vertex -9.05711 -15.8581 5.3
    endloop
  endfacet
  facet normal 0.356142 -0.934432 0
    outer loop
      vertex -8.78214 -15.7533 5.3
      vertex -9.05711 -15.8581 5
      vertex -8.78214 -15.7533 5
    endloop
  endfacet
  facet normal 0.629644 -0.776884 0
    outer loop
      vertex -8.78214 -15.7533 5
      vertex -8.54919 -15.5645 5.3
      vertex -8.78214 -15.7533 5.3
    endloop
  endfacet
  facet normal 0.629644 -0.776884 0
    outer loop
      vertex -8.54919 -15.5645 5.3
      vertex -8.78214 -15.7533 5
      vertex -8.54919 -15.5645 5
    endloop
  endfacet
  facet normal 0.817409 -0.576057 0
    outer loop
      vertex -8.54919 -15.5645 5.3
      vertex -8.34679 -15.2773 5
      vertex -8.34679 -15.2773 5.3
    endloop
  endfacet
  facet normal 0.817409 -0.576057 0
    outer loop
      vertex -8.34679 -15.2773 5
      vertex -8.54919 -15.5645 5.3
      vertex -8.54919 -15.5645 5
    endloop
  endfacet
  facet normal 0 -1 0
    outer loop
      vertex -8.34679 -15.2773 5
      vertex -8.33054 -15.2773 5.3
      vertex -8.34679 -15.2773 5.3
    endloop
  endfacet
  facet normal 0 -1 -0
    outer loop
      vertex -8.33054 -15.2773 5.3
      vertex -8.34679 -15.2773 5
      vertex -8.33054 -15.2773 5
    endloop
  endfacet
  facet normal -0.9869 -0.161336 0
    outer loop
      vertex -8.28748 -15.5407 5
      vertex -8.33054 -15.2773 5.3
      vertex -8.33054 -15.2773 5
    endloop
  endfacet
  facet normal -0.9869 -0.161336 0
    outer loop
      vertex -8.33054 -15.2773 5.3
      vertex -8.28748 -15.5407 5
      vertex -8.28748 -15.5407 5.3
    endloop
  endfacet
  facet normal -0.884101 -0.467297 0
    outer loop
      vertex -8.19086 -15.7235 5
      vertex -8.28748 -15.5407 5.3
      vertex -8.28748 -15.5407 5
    endloop
  endfacet
  facet normal -0.884101 -0.467297 0
    outer loop
      vertex -8.28748 -15.5407 5.3
      vertex -8.19086 -15.7235 5
      vertex -8.19086 -15.7235 5.3
    endloop
  endfacet
  facet normal -0.554221 -0.83237 0
    outer loop
      vertex -8.19086 -15.7235 5
      vertex -8.03046 -15.8303 5.3
      vertex -8.19086 -15.7235 5.3
    endloop
  endfacet
  facet normal -0.554221 -0.83237 -0
    outer loop
      vertex -8.03046 -15.8303 5.3
      vertex -8.19086 -15.7235 5
      vertex -8.03046 -15.8303 5
    endloop
  endfacet
  facet normal -0.150205 -0.988655 0
    outer loop
      vertex -8.03046 -15.8303 5
      vertex -7.79614 -15.8659 5.3
      vertex -8.03046 -15.8303 5.3
    endloop
  endfacet
  facet normal -0.150205 -0.988655 -0
    outer loop
      vertex -7.79614 -15.8659 5.3
      vertex -8.03046 -15.8303 5
      vertex -7.79614 -15.8659 5
    endloop
  endfacet
  facet normal 0.0571154 -0.998368 0
    outer loop
      vertex -7.79614 -15.8659 5
      vertex -7.60561 -15.855 5.3
      vertex -7.79614 -15.8659 5.3
    endloop
  endfacet
  facet normal 0.0571154 -0.998368 0
    outer loop
      vertex -7.60561 -15.855 5.3
      vertex -7.79614 -15.8659 5
      vertex -7.60561 -15.855 5
    endloop
  endfacet
  facet normal 0.171702 -0.985149 0
    outer loop
      vertex -7.60561 -15.855 5
      vertex -7.41914 -15.8225 5.3
      vertex -7.60561 -15.855 5.3
    endloop
  endfacet
  facet normal 0.171702 -0.985149 0
    outer loop
      vertex -7.41914 -15.8225 5.3
      vertex -7.60561 -15.855 5
      vertex -7.41914 -15.8225 5
    endloop
  endfacet
  facet normal 1 -0 0
    outer loop
      vertex -7.41914 -15.8225 5.3
      vertex -7.41914 -15.5187 5
      vertex -7.41914 -15.5187 5.3
    endloop
  endfacet
  facet normal 1 0 0
    outer loop
      vertex -7.41914 -15.5187 5
      vertex -7.41914 -15.8225 5.3
      vertex -7.41914 -15.8225 5
    endloop
  endfacet
  facet normal -0.165267 0.986249 0
    outer loop
      vertex -7.41914 -15.5187 5
      vertex -7.50388 -15.5329 5.3
      vertex -7.41914 -15.5187 5.3
    endloop
  endfacet
  facet normal -0.165267 0.986249 0
    outer loop
      vertex -7.50388 -15.5329 5.3
      vertex -7.41914 -15.5187 5
      vertex -7.50388 -15.5329 5
    endloop
  endfacet
  facet normal -0.0636412 0.997973 0
    outer loop
      vertex -7.50388 -15.5329 5
      vertex -7.57915 -15.5377 5.3
      vertex -7.50388 -15.5329 5.3
    endloop
  endfacet
  facet normal -0.0636412 0.997973 0
    outer loop
      vertex -7.57915 -15.5377 5.3
      vertex -7.50388 -15.5329 5
      vertex -7.57915 -15.5377 5
    endloop
  endfacet
  facet normal 0.200646 0.979664 -0
    outer loop
      vertex -7.57915 -15.5377 5
      vertex -7.71342 -15.5102 5.3
      vertex -7.57915 -15.5377 5.3
    endloop
  endfacet
  facet normal 0.200646 0.979664 0
    outer loop
      vertex -7.71342 -15.5102 5.3
      vertex -7.57915 -15.5377 5
      vertex -7.71342 -15.5102 5
    endloop
  endfacet
  facet normal 0.705607 0.708604 -0
    outer loop
      vertex -7.71342 -15.5102 5
      vertex -7.79617 -15.4278 5.3
      vertex -7.71342 -15.5102 5.3
    endloop
  endfacet
  facet normal 0.705607 0.708604 0
    outer loop
      vertex -7.79617 -15.4278 5.3
      vertex -7.71342 -15.5102 5
      vertex -7.79617 -15.4278 5
    endloop
  endfacet
  facet normal 0.954395 0.298546 0
    outer loop
      vertex -7.79617 -15.4278 5.3
      vertex -7.8389 -15.2912 5
      vertex -7.8389 -15.2912 5.3
    endloop
  endfacet
  facet normal 0.954395 0.298546 0
    outer loop
      vertex -7.8389 -15.2912 5
      vertex -7.79617 -15.4278 5.3
      vertex -7.79617 -15.4278 5
    endloop
  endfacet
  facet normal 0.997216 0.0745685 0
    outer loop
      vertex -7.8389 -15.2912 5.3
      vertex -7.85313 -15.1009 5
      vertex -7.85313 -15.1009 5.3
    endloop
  endfacet
  facet normal 0.997216 0.0745685 0
    outer loop
      vertex -7.85313 -15.1009 5
      vertex -7.8389 -15.2912 5.3
      vertex -7.8389 -15.2912 5
    endloop
  endfacet
  facet normal 1 -0 0
    outer loop
      vertex -7.85313 -15.1009 5.3
      vertex -7.85313 -13.8369 5
      vertex -7.85313 -13.8369 5.3
    endloop
  endfacet
  facet normal 1 0 0
    outer loop
      vertex -7.85313 -13.8369 5
      vertex -7.85313 -15.1009 5.3
      vertex -7.85313 -15.1009 5
    endloop
  endfacet
  facet normal 0.98666 0.162797 0
    outer loop
      vertex -7.85313 -13.8369 5.3
      vertex -7.92299 -13.4135 5
      vertex -7.92299 -13.4135 5.3
    endloop
  endfacet
  facet normal 0.98666 0.162797 0
    outer loop
      vertex -7.92299 -13.4135 5
      vertex -7.85313 -13.8369 5.3
      vertex -7.85313 -13.8369 5
    endloop
  endfacet
  facet normal 0.828728 0.559652 0
    outer loop
      vertex -7.92299 -13.4135 5.3
      vertex -8.13254 -13.1032 5
      vertex -8.13254 -13.1032 5.3
    endloop
  endfacet
  facet normal 0.828728 0.559652 0
    outer loop
      vertex -8.13254 -13.1032 5
      vertex -7.92299 -13.4135 5.3
      vertex -7.92299 -13.4135 5
    endloop
  endfacet
  facet normal 0.479753 0.877403 -0
    outer loop
      vertex -8.13254 -13.1032 5
      vertex -8.48039 -12.913 5.3
      vertex -8.13254 -13.1032 5.3
    endloop
  endfacet
  facet normal 0.479753 0.877403 0
    outer loop
      vertex -8.48039 -12.913 5.3
      vertex -8.13254 -13.1032 5
      vertex -8.48039 -12.913 5
    endloop
  endfacet
  facet normal 0.129653 0.991559 -0
    outer loop
      vertex -8.48039 -12.913 5
      vertex -8.96526 -12.8496 5.3
      vertex -8.48039 -12.913 5.3
    endloop
  endfacet
  facet normal 0.129653 0.991559 0
    outer loop
      vertex -8.96526 -12.8496 5.3
      vertex -8.48039 -12.913 5
      vertex -8.96526 -12.8496 5
    endloop
  endfacet
  facet normal -0.23458 0.972097 0
    outer loop
      vertex -8.96526 -12.8496 5
      vertex -9.78577 -13.0476 5.3
      vertex -8.96526 -12.8496 5.3
    endloop
  endfacet
  facet normal -0.23458 0.972097 0
    outer loop
      vertex -9.78577 -13.0476 5.3
      vertex -8.96526 -12.8496 5
      vertex -9.78577 -13.0476 5
    endloop
  endfacet
  facet normal -0.857346 0.51474 0
    outer loop
      vertex -10.1424 -13.6416 5
      vertex -9.78577 -13.0476 5.3
      vertex -9.78577 -13.0476 5
    endloop
  endfacet
  facet normal -0.857346 0.51474 0
    outer loop
      vertex -9.78577 -13.0476 5.3
      vertex -10.1424 -13.6416 5
      vertex -10.1424 -13.6416 5.3
    endloop
  endfacet
  facet normal -0.0902399 -0.99592 0
    outer loop
      vertex -10.1424 -13.6416 5
      vertex -9.63252 -13.6878 5.3
      vertex -10.1424 -13.6416 5.3
    endloop
  endfacet
  facet normal -0.0902399 -0.99592 -0
    outer loop
      vertex -9.63252 -13.6878 5.3
      vertex -10.1424 -13.6416 5
      vertex -9.63252 -13.6878 5
    endloop
  endfacet
  facet normal 0.962228 -0.272244 0
    outer loop
      vertex -9.63252 -13.6878 5.3
      vertex -9.57285 -13.4769 5
      vertex -9.57285 -13.4769 5.3
    endloop
  endfacet
  facet normal 0.962228 -0.272244 0
    outer loop
      vertex -9.57285 -13.4769 5
      vertex -9.63252 -13.6878 5.3
      vertex -9.63252 -13.6878 5
    endloop
  endfacet
  facet normal 0.770987 -0.636851 0
    outer loop
      vertex -9.57285 -13.4769 5.3
      vertex -9.45349 -13.3324 5
      vertex -9.45349 -13.3324 5.3
    endloop
  endfacet
  facet normal 0.770987 -0.636851 0
    outer loop
      vertex -9.45349 -13.3324 5
      vertex -9.57285 -13.4769 5.3
      vertex -9.57285 -13.4769 5
    endloop
  endfacet
  facet normal 0.395034 -0.918667 0
    outer loop
      vertex -9.45349 -13.3324 5
      vertex -9.25954 -13.249 5.3
      vertex -9.45349 -13.3324 5.3
    endloop
  endfacet
  facet normal 0.395034 -0.918667 0
    outer loop
      vertex -9.25954 -13.249 5.3
      vertex -9.45349 -13.3324 5
      vertex -9.25954 -13.249 5
    endloop
  endfacet
  facet normal 0.0976123 -0.995225 0
    outer loop
      vertex -9.25954 -13.249 5
      vertex -8.9761 -13.2212 5.3
      vertex -9.25954 -13.249 5.3
    endloop
  endfacet
  facet normal 0.0976123 -0.995225 0
    outer loop
      vertex -8.9761 -13.2212 5.3
      vertex -9.25954 -13.249 5
      vertex -8.9761 -13.2212 5
    endloop
  endfacet
  facet normal -0.135903 -0.990722 0
    outer loop
      vertex -8.9761 -13.2212 5
      vertex -8.69398 -13.2599 5.3
      vertex -8.9761 -13.2212 5.3
    endloop
  endfacet
  facet normal -0.135903 -0.990722 -0
    outer loop
      vertex -8.69398 -13.2599 5.3
      vertex -8.9761 -13.2212 5
      vertex -8.69398 -13.2599 5
    endloop
  endfacet
  facet normal -0.510384 -0.859947 0
    outer loop
      vertex -8.69398 -13.2599 5
      vertex -8.4987 -13.3758 5.3
      vertex -8.69398 -13.2599 5.3
    endloop
  endfacet
  facet normal -0.510384 -0.859947 -0
    outer loop
      vertex -8.4987 -13.3758 5.3
      vertex -8.69398 -13.2599 5
      vertex -8.4987 -13.3758 5
    endloop
  endfacet
  facet normal -0.874585 -0.484873 0
    outer loop
      vertex -8.38477 -13.5813 5
      vertex -8.4987 -13.3758 5.3
      vertex -8.4987 -13.3758 5
    endloop
  endfacet
  facet normal -0.874585 -0.484873 0
    outer loop
      vertex -8.4987 -13.3758 5.3
      vertex -8.38477 -13.5813 5
      vertex -8.38477 -13.5813 5.3
    endloop
  endfacet
  facet normal -0.992444 -0.122699 0
    outer loop
      vertex -8.34679 -13.8885 5
      vertex -8.38477 -13.5813 5.3
      vertex -8.38477 -13.5813 5
    endloop
  endfacet
  facet normal -0.992444 -0.122699 0
    outer loop
      vertex -8.38477 -13.5813 5.3
      vertex -8.34679 -13.8885 5
      vertex -8.34679 -13.8885 5.3
    endloop
  endfacet
  facet normal -1 0 0
    outer loop
      vertex -8.34679 -14.0485 5
      vertex -8.34679 -13.8885 5.3
      vertex -8.34679 -13.8885 5
    endloop
  endfacet
  facet normal -1 -0 0
    outer loop
      vertex -8.34679 -13.8885 5.3
      vertex -8.34679 -14.0485 5
      vertex -8.34679 -14.0485 5.3
    endloop
  endfacet
  facet normal -0.016383 0.999866 0
    outer loop
      vertex -8.34679 -14.0485 5
      vertex -9.00592 -14.0593 5.3
      vertex -8.34679 -14.0485 5.3
    endloop
  endfacet
  facet normal -0.016383 0.999866 0
    outer loop
      vertex -9.00592 -14.0593 5.3
      vertex -8.34679 -14.0485 5
      vertex -9.00592 -14.0593 5
    endloop
  endfacet
  facet normal -0.126371 0.991983 0
    outer loop
      vertex -9.00592 -14.0593 5
      vertex -9.58131 -14.1326 5.3
      vertex -9.00592 -14.0593 5.3
    endloop
  endfacet
  facet normal -0.126371 0.991983 0
    outer loop
      vertex -9.58131 -14.1326 5.3
      vertex -9.00592 -14.0593 5
      vertex -9.58131 -14.1326 5
    endloop
  endfacet
  facet normal -0.431087 0.90231 0
    outer loop
      vertex -9.58131 -14.1326 5
      vertex -9.97293 -14.3197 5.3
      vertex -9.58131 -14.1326 5.3
    endloop
  endfacet
  facet normal -0.431087 0.90231 0
    outer loop
      vertex -9.97293 -14.3197 5.3
      vertex -9.58131 -14.1326 5
      vertex -9.97293 -14.3197 5
    endloop
  endfacet
  facet normal -0.797487 0.603336 0
    outer loop
      vertex -10.1977 -14.6168 5
      vertex -9.97293 -14.3197 5.3
      vertex -9.97293 -14.3197 5
    endloop
  endfacet
  facet normal -0.797487 0.603336 0
    outer loop
      vertex -9.97293 -14.3197 5.3
      vertex -10.1977 -14.6168 5
      vertex -10.1977 -14.6168 5.3
    endloop
  endfacet
  facet normal -0.983147 0.182815 0
    outer loop
      vertex -10.2726 -15.0196 5
      vertex -10.1977 -14.6168 5.3
      vertex -10.1977 -14.6168 5
    endloop
  endfacet
  facet normal -0.983147 0.182815 0
    outer loop
      vertex -10.1977 -14.6168 5.3
      vertex -10.2726 -15.0196 5
      vertex -10.2726 -15.0196 5.3
    endloop
  endfacet
  facet normal -0.988497 -0.15124 0
    outer loop
      vertex -10.217 -15.383 5
      vertex -10.2726 -15.0196 5.3
      vertex -10.2726 -15.0196 5
    endloop
  endfacet
  facet normal -0.988497 -0.15124 0
    outer loop
      vertex -10.2726 -15.0196 5.3
      vertex -10.217 -15.383 5
      vertex -10.217 -15.383 5.3
    endloop
  endfacet
  facet normal -0.856426 -0.51627 0
    outer loop
      vertex -10.0502 -15.6597 5
      vertex -10.217 -15.383 5.3
      vertex -10.217 -15.383 5
    endloop
  endfacet
  facet normal -0.856426 -0.51627 0
    outer loop
      vertex -10.217 -15.383 5.3
      vertex -10.0502 -15.6597 5
      vertex -10.0502 -15.6597 5.3
    endloop
  endfacet
  facet normal -0.533681 -0.845686 0
    outer loop
      vertex -10.0502 -15.6597 5
      vertex -9.77289 -15.8347 5.3
      vertex -10.0502 -15.6597 5.3
    endloop
  endfacet
  facet normal -0.533681 -0.845686 -0
    outer loop
      vertex -9.77289 -15.8347 5.3
      vertex -10.0502 -15.6597 5
      vertex -9.77289 -15.8347 5
    endloop
  endfacet
  facet normal -0.148886 -0.988854 0
    outer loop
      vertex -9.77289 -15.8347 5
      vertex -9.38568 -15.893 5.3
      vertex -9.77289 -15.8347 5.3
    endloop
  endfacet
  facet normal -0.148886 -0.988854 -0
    outer loop
      vertex -9.38568 -15.893 5.3
      vertex -9.77289 -15.8347 5
      vertex -9.38568 -15.893 5
    endloop
  endfacet
  facet normal 0.105624 -0.994406 0
    outer loop
      vertex -9.38568 -15.893 5
      vertex -9.05711 -15.8581 5.3
      vertex -9.38568 -15.893 5.3
    endloop
  endfacet
  facet normal 0.105624 -0.994406 0
    outer loop
      vertex -9.05711 -15.8581 5.3
      vertex -9.38568 -15.893 5
      vertex -9.05711 -15.8581 5
    endloop
  endfacet
  facet normal 0.530023 0.847983 -0
    outer loop
      vertex -9.48569 -15.4943 5
      vertex -9.642 -15.3966 5.3
      vertex -9.48569 -15.4943 5.3
    endloop
  endfacet
  facet normal 0.530023 0.847983 0
    outer loop
      vertex -9.642 -15.3966 5.3
      vertex -9.48569 -15.4943 5
      vertex -9.642 -15.3966 5
    endloop
  endfacet
  facet normal 0.852069 0.523429 0
    outer loop
      vertex -9.642 -15.3966 5.3
      vertex -9.73863 -15.2393 5
      vertex -9.73863 -15.2393 5.3
    endloop
  endfacet
  facet normal 0.852069 0.523429 0
    outer loop
      vertex -9.73863 -15.2393 5
      vertex -9.642 -15.3966 5.3
      vertex -9.642 -15.3966 5
    endloop
  endfacet
  facet normal 0.988612 0.150488 0
    outer loop
      vertex -9.73863 -15.2393 5.3
      vertex -9.77084 -15.0277 5
      vertex -9.77084 -15.0277 5.3
    endloop
  endfacet
  facet normal 0.988612 0.150488 0
    outer loop
      vertex -9.77084 -15.0277 5
      vertex -9.73863 -15.2393 5.3
      vertex -9.73863 -15.2393 5
    endloop
  endfacet
  facet normal 0.99295 -0.118534 0
    outer loop
      vertex -9.77084 -15.0277 5.3
      vertex -9.74712 -14.829 5
      vertex -9.74712 -14.829 5.3
    endloop
  endfacet
  facet normal 0.99295 -0.118534 0
    outer loop
      vertex -9.74712 -14.829 5
      vertex -9.77084 -15.0277 5.3
      vertex -9.77084 -15.0277 5
    endloop
  endfacet
  facet normal 0.910327 -0.413891 0
    outer loop
      vertex -9.74712 -14.829 5.3
      vertex -9.67592 -14.6724 5
      vertex -9.67592 -14.6724 5.3
    endloop
  endfacet
  facet normal 0.910327 -0.413891 0
    outer loop
      vertex -9.67592 -14.6724 5
      vertex -9.74712 -14.829 5.3
      vertex -9.74712 -14.829 5
    endloop
  endfacet
  facet normal 0.714243 -0.699898 0
    outer loop
      vertex -9.67592 -14.6724 5.3
      vertex -9.56029 -14.5544 5
      vertex -9.56029 -14.5544 5.3
    endloop
  endfacet
  facet normal 0.714243 -0.699898 0
    outer loop
      vertex -9.56029 -14.5544 5
      vertex -9.67592 -14.6724 5.3
      vertex -9.67592 -14.6724 5
    endloop
  endfacet
  facet normal 0.466118 -0.884723 0
    outer loop
      vertex -9.56029 -14.5544 5
      vertex -9.40332 -14.4717 5.3
      vertex -9.56029 -14.5544 5.3
    endloop
  endfacet
  facet normal 0.466118 -0.884723 0
    outer loop
      vertex -9.40332 -14.4717 5.3
      vertex -9.56029 -14.5544 5
      vertex -9.40332 -14.4717 5
    endloop
  endfacet
  facet normal 0.223052 -0.974807 0
    outer loop
      vertex -9.40332 -14.4717 5
      vertex -9.18393 -14.4215 5.3
      vertex -9.40332 -14.4717 5.3
    endloop
  endfacet
  facet normal 0.223052 -0.974807 0
    outer loop
      vertex -9.18393 -14.4215 5.3
      vertex -9.40332 -14.4717 5
      vertex -9.18393 -14.4215 5
    endloop
  endfacet
  facet normal 0.0672188 -0.997738 0
    outer loop
      vertex -9.18393 -14.4215 5
      vertex -8.88113 -14.4011 5.3
      vertex -9.18393 -14.4215 5.3
    endloop
  endfacet
  facet normal 0.0672188 -0.997738 0
    outer loop
      vertex -8.88113 -14.4011 5.3
      vertex -9.18393 -14.4215 5
      vertex -8.88113 -14.4011 5
    endloop
  endfacet
  facet normal 0.0202077 -0.999796 0
    outer loop
      vertex -8.88113 -14.4011 5
      vertex -8.34679 -14.3903 5.3
      vertex -8.88113 -14.4011 5.3
    endloop
  endfacet
  facet normal 0.0202077 -0.999796 0
    outer loop
      vertex -8.34679 -14.3903 5.3
      vertex -8.88113 -14.4011 5
      vertex -8.34679 -14.3903 5
    endloop
  endfacet
  facet normal -1 0 0
    outer loop
      vertex -8.34679 -14.6317 5
      vertex -8.34679 -14.3903 5.3
      vertex -8.34679 -14.3903 5
    endloop
  endfacet
  facet normal -1 -0 0
    outer loop
      vertex -8.34679 -14.3903 5.3
      vertex -8.34679 -14.6317 5
      vertex -8.34679 -14.6317 5.3
    endloop
  endfacet
  facet normal -0.990905 0.13456 0
    outer loop
      vertex -8.37695 -14.8538 5
      vertex -8.34679 -14.6317 5.3
      vertex -8.34679 -14.6317 5
    endloop
  endfacet
  facet normal -0.990905 0.13456 0
    outer loop
      vertex -8.34679 -14.6317 5.3
      vertex -8.37695 -14.8538 5
      vertex -8.37695 -14.8538 5.3
    endloop
  endfacet
  facet normal -0.922177 0.386768 0
    outer loop
      vertex -8.4675 -15.0697 5
      vertex -8.37695 -14.8538 5.3
      vertex -8.37695 -14.8538 5
    endloop
  endfacet
  facet normal -0.922177 0.386768 0
    outer loop
      vertex -8.37695 -14.8538 5.3
      vertex -8.4675 -15.0697 5
      vertex -8.4675 -15.0697 5.3
    endloop
  endfacet
  facet normal -0.799778 0.600296 0
    outer loop
      vertex -8.61026 -15.2599 5
      vertex -8.4675 -15.0697 5.3
      vertex -8.4675 -15.0697 5
    endloop
  endfacet
  facet normal -0.799778 0.600296 0
    outer loop
      vertex -8.4675 -15.0697 5.3
      vertex -8.61026 -15.2599 5
      vertex -8.61026 -15.2599 5.3
    endloop
  endfacet
  facet normal -0.612569 0.790417 0
    outer loop
      vertex -8.61026 -15.2599 5
      vertex -8.7971 -15.4047 5.3
      vertex -8.61026 -15.2599 5.3
    endloop
  endfacet
  facet normal -0.612569 0.790417 0
    outer loop
      vertex -8.7971 -15.4047 5.3
      vertex -8.61026 -15.2599 5
      vertex -8.7971 -15.4047 5
    endloop
  endfacet
  facet normal -0.378881 0.925445 0
    outer loop
      vertex -8.7971 -15.4047 5
      vertex -9.02084 -15.4963 5.3
      vertex -8.7971 -15.4047 5.3
    endloop
  endfacet
  facet normal -0.378881 0.925445 0
    outer loop
      vertex -9.02084 -15.4963 5.3
      vertex -8.7971 -15.4047 5
      vertex -9.02084 -15.4963 5
    endloop
  endfacet
  facet normal -0.119408 0.992845 0
    outer loop
      vertex -9.02084 -15.4963 5
      vertex -9.27444 -15.5268 5.3
      vertex -9.02084 -15.4963 5.3
    endloop
  endfacet
  facet normal -0.119408 0.992845 0
    outer loop
      vertex -9.27444 -15.5268 5.3
      vertex -9.02084 -15.4963 5
      vertex -9.27444 -15.5268 5
    endloop
  endfacet
  facet normal 0.152057 0.988372 -0
    outer loop
      vertex -9.27444 -15.5268 5
      vertex -9.48569 -15.4943 5.3
      vertex -9.27444 -15.5268 5.3
    endloop
  endfacet
  facet normal 0.152057 0.988372 0
    outer loop
      vertex -9.48569 -15.4943 5.3
      vertex -9.27444 -15.5268 5
      vertex -9.48569 -15.4943 5
    endloop
  endfacet
  facet normal 0.995731 -0.0923058 0
    outer loop
      vertex -6.61792 -14.3089 5.3
      vertex -6.57791 -13.8773 5
      vertex -6.57791 -13.8773 5.3
    endloop
  endfacet
  facet normal 0.995731 -0.0923058 0
    outer loop
      vertex -6.57791 -13.8773 5
      vertex -6.61792 -14.3089 5.3
      vertex -6.61792 -14.3089 5
    endloop
  endfacet
  facet normal 0.935709 -0.352772 0
    outer loop
      vertex -6.57791 -13.8773 5.3
      vertex -6.45787 -13.5589 5
      vertex -6.45787 -13.5589 5.3
    endloop
  endfacet
  facet normal 0.935709 -0.352772 0
    outer loop
      vertex -6.45787 -13.5589 5
      vertex -6.57791 -13.8773 5.3
      vertex -6.57791 -13.8773 5
    endloop
  endfacet
  facet normal 0.707701 -0.706512 0
    outer loop
      vertex -6.45787 -13.5589 5.3
      vertex -6.2619 -13.3626 5
      vertex -6.2619 -13.3626 5.3
    endloop
  endfacet
  facet normal 0.707701 -0.706512 0
    outer loop
      vertex -6.2619 -13.3626 5
      vertex -6.45787 -13.5589 5.3
      vertex -6.45787 -13.5589 5
    endloop
  endfacet
  facet normal 0.237182 -0.971465 0
    outer loop
      vertex -6.2619 -13.3626 5
      vertex -5.99403 -13.2972 5.3
      vertex -6.2619 -13.3626 5.3
    endloop
  endfacet
  facet normal 0.237182 -0.971465 0
    outer loop
      vertex -5.99403 -13.2972 5.3
      vertex -6.2619 -13.3626 5
      vertex -5.99403 -13.2972 5
    endloop
  endfacet
  facet normal -0.0457016 -0.998955 0
    outer loop
      vertex -5.99403 -13.2972 5
      vertex -5.84758 -13.3039 5.3
      vertex -5.99403 -13.2972 5.3
    endloop
  endfacet
  facet normal -0.0457016 -0.998955 -0
    outer loop
      vertex -5.84758 -13.3039 5.3
      vertex -5.99403 -13.2972 5
      vertex -5.84758 -13.3039 5
    endloop
  endfacet
  facet normal -0.176239 -0.984347 0
    outer loop
      vertex -5.84758 -13.3039 5
      vertex -5.73364 -13.3243 5.3
      vertex -5.84758 -13.3039 5.3
    endloop
  endfacet
  facet normal -0.176239 -0.984347 -0
    outer loop
      vertex -5.73364 -13.3243 5.3
      vertex -5.84758 -13.3039 5
      vertex -5.73364 -13.3243 5
    endloop
  endfacet
  facet normal 1 -0 0
    outer loop
      vertex -5.73364 -13.3243 5.3
      vertex -5.73364 -12.8767 5
      vertex -5.73364 -12.8767 5.3
    endloop
  endfacet
  facet normal 1 0 0
    outer loop
      vertex -5.73364 -12.8767 5
      vertex -5.73364 -13.3243 5.3
      vertex -5.73364 -13.3243 5
    endloop
  endfacet
  facet normal 0.199517 0.979894 -0
    outer loop
      vertex -5.73364 -12.8767 5
      vertex -5.83334 -12.8564 5.3
      vertex -5.73364 -12.8767 5.3
    endloop
  endfacet
  facet normal 0.199517 0.979894 0
    outer loop
      vertex -5.83334 -12.8564 5.3
      vertex -5.73364 -12.8767 5
      vertex -5.83334 -12.8564 5
    endloop
  endfacet
  facet normal 0.0689901 0.997617 -0
    outer loop
      vertex -5.83334 -12.8564 5
      vertex -5.93167 -12.8496 5.3
      vertex -5.83334 -12.8564 5.3
    endloop
  endfacet
  facet normal 0.0689901 0.997617 0
    outer loop
      vertex -5.93167 -12.8496 5.3
      vertex -5.83334 -12.8564 5
      vertex -5.93167 -12.8496 5
    endloop
  endfacet
  facet normal -0.139558 0.990214 0
    outer loop
      vertex -5.93167 -12.8496 5
      vertex -6.17717 -12.8842 5.3
      vertex -5.93167 -12.8496 5.3
    endloop
  endfacet
  facet normal -0.139558 0.990214 0
    outer loop
      vertex -6.17717 -12.8842 5.3
      vertex -5.93167 -12.8496 5
      vertex -6.17717 -12.8842 5
    endloop
  endfacet
  facet normal -0.492788 0.870149 0
    outer loop
      vertex -6.17717 -12.8842 5
      vertex -6.36028 -12.9879 5.3
      vertex -6.17717 -12.8842 5.3
    endloop
  endfacet
  facet normal -0.492788 0.870149 0
    outer loop
      vertex -6.36028 -12.9879 5.3
      vertex -6.17717 -12.8842 5
      vertex -6.36028 -12.9879 5
    endloop
  endfacet
  facet normal -0.810563 0.585652 0
    outer loop
      vertex -6.50334 -13.1859 5
      vertex -6.36028 -12.9879 5.3
      vertex -6.36028 -12.9879 5
    endloop
  endfacet
  facet normal -0.810563 0.585652 0
    outer loop
      vertex -6.36028 -12.9879 5.3
      vertex -6.50334 -13.1859 5
      vertex -6.50334 -13.1859 5.3
    endloop
  endfacet
  facet normal -0.929984 0.367599 0
    outer loop
      vertex -6.6288 -13.5033 5
      vertex -6.50334 -13.1859 5.3
      vertex -6.50334 -13.1859 5
    endloop
  endfacet
  facet normal -0.929984 0.367599 0
    outer loop
      vertex -6.50334 -13.1859 5.3
      vertex -6.6288 -13.5033 5
      vertex -6.6288 -13.5033 5.3
    endloop
  endfacet
  facet normal 0 1 -0
    outer loop
      vertex -6.6288 -13.5033 5
      vertex -6.63963 -13.5033 5.3
      vertex -6.6288 -13.5033 5.3
    endloop
  endfacet
  facet normal 0 1 0
    outer loop
      vertex -6.63963 -13.5033 5.3
      vertex -6.6288 -13.5033 5
      vertex -6.63963 -13.5033 5
    endloop
  endfacet
  facet normal 0.999633 0.0270765 0
    outer loop
      vertex -6.63963 -13.5033 5.3
      vertex -6.64505 -13.3032 5
      vertex -6.64505 -13.3032 5.3
    endloop
  endfacet
  facet normal 0.999633 0.0270765 0
    outer loop
      vertex -6.64505 -13.3032 5
      vertex -6.63963 -13.5033 5.3
      vertex -6.63963 -13.5033 5
    endloop
  endfacet
  facet normal 0.999171 0.0407023 0
    outer loop
      vertex -6.64505 -13.3032 5.3
      vertex -6.66132 -12.9038 5
      vertex -6.66132 -12.9038 5.3
    endloop
  endfacet
  facet normal 0.999171 0.0407023 0
    outer loop
      vertex -6.66132 -12.9038 5
      vertex -6.64505 -13.3032 5.3
      vertex -6.64505 -13.3032 5
    endloop
  endfacet
  facet normal 0 1 -0
    outer loop
      vertex -6.66132 -12.9038 5
      vertex -7.12244 -12.9038 5.3
      vertex -6.66132 -12.9038 5.3
    endloop
  endfacet
  facet normal 0 1 0
    outer loop
      vertex -7.12244 -12.9038 5.3
      vertex -6.66132 -12.9038 5
      vertex -7.12244 -12.9038 5
    endloop
  endfacet
  facet normal -0.999422 -0.0339932 0
    outer loop
      vertex -7.11026 -13.2619 5
      vertex -7.12244 -12.9038 5.3
      vertex -7.12244 -12.9038 5
    endloop
  endfacet
  facet normal -0.999422 -0.0339932 0
    outer loop
      vertex -7.12244 -12.9038 5.3
      vertex -7.11026 -13.2619 5
      vertex -7.11026 -13.2619 5.3
    endloop
  endfacet
  facet normal -0.999922 -0.0124721 0
    outer loop
      vertex -7.1062 -13.5874 5
      vertex -7.11026 -13.2619 5.3
      vertex -7.11026 -13.2619 5
    endloop
  endfacet
  facet normal -0.999922 -0.0124721 0
    outer loop
      vertex -7.11026 -13.2619 5.3
      vertex -7.1062 -13.5874 5
      vertex -7.1062 -13.5874 5.3
    endloop
  endfacet
  facet normal -1 0 0
    outer loop
      vertex -7.1062 -15.8387 5
      vertex -7.1062 -13.5874 5.3
      vertex -7.1062 -13.5874 5
    endloop
  endfacet
  facet normal -1 -0 0
    outer loop
      vertex -7.1062 -13.5874 5.3
      vertex -7.1062 -15.8387 5
      vertex -7.1062 -15.8387 5.3
    endloop
  endfacet
  facet normal 0 -1 0
    outer loop
      vertex -7.1062 -15.8387 5
      vertex -6.61792 -15.8387 5.3
      vertex -7.1062 -15.8387 5.3
    endloop
  endfacet
  facet normal 0 -1 -0
    outer loop
      vertex -6.61792 -15.8387 5.3
      vertex -7.1062 -15.8387 5
      vertex -6.61792 -15.8387 5
    endloop
  endfacet
  facet normal 1 -0 0
    outer loop
      vertex -6.61792 -15.8387 5.3
      vertex -6.61792 -14.3089 5
      vertex -6.61792 -14.3089 5.3
    endloop
  endfacet
  facet normal 1 0 0
    outer loop
      vertex -6.61792 -14.3089 5
      vertex -6.61792 -15.8387 5.3
      vertex -6.61792 -15.8387 5
    endloop
  endfacet
  facet normal 0.481403 -0.876499 0
    outer loop
      vertex -3.7588 -15.8299 5
      vertex -3.41432 -15.6407 5.3
      vertex -3.7588 -15.8299 5.3
    endloop
  endfacet
  facet normal 0.481403 -0.876499 0
    outer loop
      vertex -3.41432 -15.6407 5.3
      vertex -3.7588 -15.8299 5
      vertex -3.41432 -15.6407 5
    endloop
  endfacet
  facet normal 0.773024 -0.634377 0
    outer loop
      vertex -3.41432 -15.6407 5.3
      vertex -3.17223 -15.3457 5
      vertex -3.17223 -15.3457 5.3
    endloop
  endfacet
  facet normal 0.773024 -0.634377 0
    outer loop
      vertex -3.17223 -15.3457 5
      vertex -3.41432 -15.6407 5.3
      vertex -3.41432 -15.6407 5
    endloop
  endfacet
  facet normal 0.954626 -0.297806 0
    outer loop
      vertex -3.17223 -15.3457 5.3
      vertex -3.05356 -14.9653 5
      vertex -3.05356 -14.9653 5.3
    endloop
  endfacet
  facet normal 0.954626 -0.297806 0
    outer loop
      vertex -3.05356 -14.9653 5
      vertex -3.17223 -15.3457 5.3
      vertex -3.17223 -15.3457 5
    endloop
  endfacet
  facet normal 0.0656899 0.99784 -0
    outer loop
      vertex -3.05356 -14.9653 5
      vertex -3.54724 -14.9328 5.3
      vertex -3.05356 -14.9653 5.3
    endloop
  endfacet
  facet normal 0.0656899 0.99784 0
    outer loop
      vertex -3.54724 -14.9328 5.3
      vertex -3.05356 -14.9653 5
      vertex -3.54724 -14.9328 5
    endloop
  endfacet
  facet normal -0.960097 0.279667 0
    outer loop
      vertex -3.62149 -15.1877 5
      vertex -3.54724 -14.9328 5.3
      vertex -3.54724 -14.9328 5
    endloop
  endfacet
  facet normal -0.960097 0.279667 0
    outer loop
      vertex -3.54724 -14.9328 5.3
      vertex -3.62149 -15.1877 5
      vertex -3.62149 -15.1877 5.3
    endloop
  endfacet
  facet normal -0.784893 0.619632 0
    outer loop
      vertex -3.76288 -15.3668 5
      vertex -3.62149 -15.1877 5.3
      vertex -3.62149 -15.1877 5
    endloop
  endfacet
  facet normal -0.784893 0.619632 0
    outer loop
      vertex -3.62149 -15.1877 5.3
      vertex -3.76288 -15.3668 5
      vertex -3.76288 -15.3668 5.3
    endloop
  endfacet
  facet normal -0.47441 0.880304 0
    outer loop
      vertex -3.76288 -15.3668 5
      vertex -3.9592 -15.4726 5.3
      vertex -3.76288 -15.3668 5.3
    endloop
  endfacet
  facet normal -0.47441 0.880304 0
    outer loop
      vertex -3.9592 -15.4726 5.3
      vertex -3.76288 -15.3668 5
      vertex -3.9592 -15.4726 5
    endloop
  endfacet
  facet normal -0.145685 0.989331 0
    outer loop
      vertex -3.9592 -15.4726 5
      vertex -4.19824 -15.5078 5.3
      vertex -3.9592 -15.4726 5.3
    endloop
  endfacet
  facet normal -0.145685 0.989331 0
    outer loop
      vertex -4.19824 -15.5078 5.3
      vertex -3.9592 -15.4726 5
      vertex -4.19824 -15.5078 5
    endloop
  endfacet
  facet normal 0.212105 0.977247 -0
    outer loop
      vertex -4.19824 -15.5078 5
      vertex -4.52306 -15.4373 5.3
      vertex -4.19824 -15.5078 5.3
    endloop
  endfacet
  facet normal 0.212105 0.977247 0
    outer loop
      vertex -4.52306 -15.4373 5.3
      vertex -4.19824 -15.5078 5
      vertex -4.52306 -15.4373 5
    endloop
  endfacet
  facet normal 0.675051 0.737771 -0
    outer loop
      vertex -4.52306 -15.4373 5
      vertex -4.75432 -15.2257 5.3
      vertex -4.52306 -15.4373 5.3
    endloop
  endfacet
  facet normal 0.675051 0.737771 0
    outer loop
      vertex -4.75432 -15.2257 5.3
      vertex -4.52306 -15.4373 5
      vertex -4.75432 -15.2257 5
    endloop
  endfacet
  facet normal 0.932797 0.360403 0
    outer loop
      vertex -4.75432 -15.2257 5.3
      vertex -4.89264 -14.8677 5
      vertex -4.89264 -14.8677 5.3
    endloop
  endfacet
  facet normal 0.932797 0.360403 0
    outer loop
      vertex -4.89264 -14.8677 5
      vertex -4.75432 -15.2257 5.3
      vertex -4.75432 -15.2257 5
    endloop
  endfacet
  facet normal 0.995938 0.0900445 0
    outer loop
      vertex -4.89264 -14.8677 5.3
      vertex -4.93875 -14.3577 5
      vertex -4.93875 -14.3577 5.3
    endloop
  endfacet
  facet normal 0.995938 0.0900445 0
    outer loop
      vertex -4.93875 -14.3577 5
      vertex -4.89264 -14.8677 5.3
      vertex -4.89264 -14.8677 5
    endloop
  endfacet
  facet normal 0.996564 -0.0828212 0
    outer loop
      vertex -4.93875 -14.3577 5.3
      vertex -4.89536 -13.8356 5
      vertex -4.89536 -13.8356 5.3
    endloop
  endfacet
  facet normal 0.996564 -0.0828212 0
    outer loop
      vertex -4.89536 -13.8356 5
      vertex -4.93875 -14.3577 5.3
      vertex -4.93875 -14.3577 5
    endloop
  endfacet
  facet normal 0.935852 -0.352393 0
    outer loop
      vertex -4.89536 -13.8356 5.3
      vertex -4.76515 -13.4898 5
      vertex -4.76515 -13.4898 5.3
    endloop
  endfacet
  facet normal 0.935852 -0.352393 0
    outer loop
      vertex -4.76515 -13.4898 5
      vertex -4.89536 -13.8356 5.3
      vertex -4.89536 -13.8356 5
    endloop
  endfacet
  facet normal 0.648048 -0.761599 0
    outer loop
      vertex -4.76515 -13.4898 5
      vertex -4.53798 -13.2965 5.3
      vertex -4.76515 -13.4898 5.3
    endloop
  endfacet
  facet normal 0.648048 -0.761599 0
    outer loop
      vertex -4.53798 -13.2965 5.3
      vertex -4.76515 -13.4898 5
      vertex -4.53798 -13.2965 5
    endloop
  endfacet
  facet normal 0.189419 -0.981896 0
    outer loop
      vertex -4.53798 -13.2965 5
      vertex -4.20363 -13.232 5.3
      vertex -4.53798 -13.2965 5.3
    endloop
  endfacet
  facet normal 0.189419 -0.981896 0
    outer loop
      vertex -4.20363 -13.232 5.3
      vertex -4.53798 -13.2965 5
      vertex -4.20363 -13.232 5
    endloop
  endfacet
  facet normal -0.141289 -0.989968 0
    outer loop
      vertex -4.20363 -13.232 5
      vertex -3.95139 -13.268 5.3
      vertex -4.20363 -13.232 5.3
    endloop
  endfacet
  facet normal -0.141289 -0.989968 -0
    outer loop
      vertex -3.95139 -13.268 5.3
      vertex -4.20363 -13.232 5
      vertex -3.95139 -13.268 5
    endloop
  endfacet
  facet normal -0.499128 -0.866528 0
    outer loop
      vertex -3.95139 -13.268 5
      vertex -3.76424 -13.3758 5.3
      vertex -3.95139 -13.268 5.3
    endloop
  endfacet
  facet normal -0.499128 -0.866528 -0
    outer loop
      vertex -3.76424 -13.3758 5.3
      vertex -3.95139 -13.268 5
      vertex -3.76424 -13.3758 5
    endloop
  endfacet
  facet normal -0.802549 -0.596587 0
    outer loop
      vertex -3.63876 -13.5446 5
      vertex -3.76424 -13.3758 5.3
      vertex -3.76424 -13.3758 5
    endloop
  endfacet
  facet normal -0.802549 -0.596587 0
    outer loop
      vertex -3.76424 -13.3758 5.3
      vertex -3.63876 -13.5446 5
      vertex -3.63876 -13.5446 5.3
    endloop
  endfacet
  facet normal -0.956141 -0.292908 0
    outer loop
      vertex -3.57164 -13.7637 5
      vertex -3.63876 -13.5446 5.3
      vertex -3.63876 -13.5446 5
    endloop
  endfacet
  facet normal -0.956141 -0.292908 0
    outer loop
      vertex -3.63876 -13.5446 5.3
      vertex -3.57164 -13.7637 5
      vertex -3.57164 -13.7637 5.3
    endloop
  endfacet
  facet normal 0.0755112 -0.997145 0
    outer loop
      vertex -3.57164 -13.7637 5
      vertex -3.06984 -13.7257 5.3
      vertex -3.57164 -13.7637 5.3
    endloop
  endfacet
  facet normal 0.0755112 -0.997145 0
    outer loop
      vertex -3.06984 -13.7257 5.3
      vertex -3.57164 -13.7637 5
      vertex -3.06984 -13.7257 5
    endloop
  endfacet
  facet normal 0.941207 0.33783 0
    outer loop
      vertex -3.06984 -13.7257 5.3
      vertex -3.20103 -13.3602 5
      vertex -3.20103 -13.3602 5.3
    endloop
  endfacet
  facet normal 0.941207 0.33783 0
    outer loop
      vertex -3.20103 -13.3602 5
      vertex -3.06984 -13.7257 5.3
      vertex -3.06984 -13.7257 5
    endloop
  endfacet
  facet normal 0.753758 0.657153 0
    outer loop
      vertex -3.20103 -13.3602 5.3
      vertex -3.44279 -13.0829 5
      vertex -3.44279 -13.0829 5.3
    endloop
  endfacet
  facet normal 0.753758 0.657153 0
    outer loop
      vertex -3.44279 -13.0829 5
      vertex -3.20103 -13.3602 5.3
      vertex -3.20103 -13.3602 5
    endloop
  endfacet
  facet normal 0.46266 0.886536 -0
    outer loop
      vertex -3.44279 -13.0829 5
      vertex -3.77812 -12.9079 5.3
      vertex -3.44279 -13.0829 5.3
    endloop
  endfacet
  facet normal 0.46266 0.886536 0
    outer loop
      vertex -3.77812 -12.9079 5.3
      vertex -3.44279 -13.0829 5
      vertex -3.77812 -12.9079 5
    endloop
  endfacet
  facet normal 0.140122 0.990134 -0
    outer loop
      vertex -3.77812 -12.9079 5
      vertex -4.19008 -12.8496 5.3
      vertex -3.77812 -12.9079 5.3
    endloop
  endfacet
  facet normal 0.140122 0.990134 0
    outer loop
      vertex -4.19008 -12.8496 5.3
      vertex -3.77812 -12.9079 5
      vertex -4.19008 -12.8496 5
    endloop
  endfacet
  facet normal -0.178263 0.983983 0
    outer loop
      vertex -4.19008 -12.8496 5
      vertex -4.72716 -12.9469 5.3
      vertex -4.19008 -12.8496 5.3
    endloop
  endfacet
  facet normal -0.178263 0.983983 0
    outer loop
      vertex -4.72716 -12.9469 5.3
      vertex -4.19008 -12.8496 5
      vertex -4.72716 -12.9469 5
    endloop
  endfacet
  facet normal -0.593306 0.804977 0
    outer loop
      vertex -4.72716 -12.9469 5
      vertex -5.1232 -13.2388 5.3
      vertex -4.72716 -12.9469 5.3
    endloop
  endfacet
  facet normal -0.593306 0.804977 0
    outer loop
      vertex -5.1232 -13.2388 5.3
      vertex -4.72716 -12.9469 5
      vertex -5.1232 -13.2388 5
    endloop
  endfacet
  facet normal -0.890239 0.455494 0
    outer loop
      vertex -5.36731 -13.7159 5
      vertex -5.1232 -13.2388 5.3
      vertex -5.1232 -13.2388 5
    endloop
  endfacet
  facet normal -0.890239 0.455494 0
    outer loop
      vertex -5.1232 -13.2388 5.3
      vertex -5.36731 -13.7159 5
      vertex -5.36731 -13.7159 5.3
    endloop
  endfacet
  facet normal -0.99232 0.123694 0
    outer loop
      vertex -5.44867 -14.3686 5
      vertex -5.36731 -13.7159 5.3
      vertex -5.36731 -13.7159 5
    endloop
  endfacet
  facet normal -0.99232 0.123694 0
    outer loop
      vertex -5.36731 -13.7159 5.3
      vertex -5.44867 -14.3686 5
      vertex -5.44867 -14.3686 5.3
    endloop
  endfacet
  facet normal -0.992475 -0.122446 0
    outer loop
      vertex -5.36765 -15.0253 5
      vertex -5.44867 -14.3686 5.3
      vertex -5.44867 -14.3686 5
    endloop
  endfacet
  facet normal -0.992475 -0.122446 0
    outer loop
      vertex -5.44867 -14.3686 5.3
      vertex -5.36765 -15.0253 5
      vertex -5.36765 -15.0253 5.3
    endloop
  endfacet
  facet normal -0.891509 -0.453003 0
    outer loop
      vertex -5.12456 -15.5037 5
      vertex -5.36765 -15.0253 5.3
      vertex -5.36765 -15.0253 5
    endloop
  endfacet
  facet normal -0.891509 -0.453003 0
    outer loop
      vertex -5.36765 -15.0253 5.3
      vertex -5.12456 -15.5037 5
      vertex -5.12456 -15.5037 5.3
    endloop
  endfacet
  facet normal -0.592458 -0.805601 0
    outer loop
      vertex -5.12456 -15.5037 5
      vertex -4.72751 -15.7957 5.3
      vertex -5.12456 -15.5037 5.3
    endloop
  endfacet
  facet normal -0.592458 -0.805601 -0
    outer loop
      vertex -4.72751 -15.7957 5.3
      vertex -5.12456 -15.5037 5
      vertex -4.72751 -15.7957 5
    endloop
  endfacet
  facet normal -0.176434 -0.984312 0
    outer loop
      vertex -4.72751 -15.7957 5
      vertex -4.18468 -15.893 5.3
      vertex -4.72751 -15.7957 5.3
    endloop
  endfacet
  facet normal -0.176434 -0.984312 -0
    outer loop
      vertex -4.18468 -15.893 5.3
      vertex -4.72751 -15.7957 5
      vertex -4.18468 -15.893 5
    endloop
  endfacet
  facet normal 0.146564 -0.989201 0
    outer loop
      vertex -4.18468 -15.893 5
      vertex -3.7588 -15.8299 5.3
      vertex -4.18468 -15.893 5.3
    endloop
  endfacet
  facet normal 0.146564 -0.989201 0
    outer loop
      vertex -3.7588 -15.8299 5.3
      vertex -4.18468 -15.893 5
      vertex -3.7588 -15.8299 5
    endloop
  endfacet
endsolid OpenSCAD_Model
